customer_id,name,city,state,signup_date,care_plus
C100000,Ramesh Mishra,Nashik,MH,2024-12-19,N
C100001,Geeta Deshpande,Ahmedabad,GJ,2023-10-25,N
C100002,Saanvi Khan,Nagpur,MH,2023-02-23,N
C100003,Aadhya Mishra,Guwahati,AS,2023-03-14,N
C100004,Komal Bhatia,Pune,MH,2024-08-05,N
C100005,Megha Rao,Raipur,CG,2023-11-11,N
C100006,Zaid Siddiqui,Vadodara,GJ,2022-09-04,Y
C100007,Nikhil Mishra,Indore,MP,2024-03-21,N
C100008,Suresh Gill,Mysuru,KA,2024-01-10,Y
C100009,Nisha Yadav,Surat,GJ,2024-02-17,Y
C100010,Rohit Menon,Mysuru,KA,2023-10-23,N
C100011,Vikram Khan,Ahmedabad,GJ,2023-02-15,N
C100012,Simran Pereira,Guwahati,AS,2023-05-08,N
C100013,Shreya Shinde,Indore,MP,2022-08-13,N
C100014,Aarav Banerjee,Patna,BR,2024-01-17,Y
C100015,Divya Bhatia,Delhi,DL,2022-08-29,N
C100016,Saanvi Kapoor,Jaipur,RJ,2024-09-08,Y
C100017,Krishna Srivastava,Nagpur,MH,2024-06-13,N
C100018,Sunita Sethi,Patna,BR,2024-12-07,N
C100019,Simran Jadhav,Mumbai,MH,2023-09-03,N
C100020,Thomas Desai,Ranchi,JH,2024-05-10,Y
C100021,Ishaan Saxena,Delhi,DL,2024-02-07,Y
C100022,Tenzin Joshi,Kochi,KL,2024-10-06,N
C100023,Swati Bhatia,Patna,BR,2023-04-26,N
C100024,Swati Pandey,Gurugram,HR,2023-01-17,N
C100025,Steven Kumar,Chennai,TN,2024-11-20,Y
C100026,Farah Goyal,Coimbatore,TN,2024-01-04,N
C100027,Neha Varghese,Kochi,KL,2022-08-09,Y
C100028,Sneha Sen,Pune,MH,2022-12-04,N
C100029,Lobsang Iyer,Lucknow,UP,2022-12-24,Y
C100030,Sai Desai,Bengaluru,KA,2023-10-13,N
C100031,Varun Qureshi,Lucknow,UP,2023-03-04,N
C100032,Steven Mittal,Patna,BR,2023-10-19,N
C100033,Anjali Shah,Bengaluru,KA,2023-03-10,N
C100034,Amit Jadhav,Dehradun,UK,2024-09-01,N
C100035,Sai Kaur,Patna,BR,2024-07-15,Y
C100036,Meera Chatterjee,Guwahati,AS,2024-07-31,N
C100037,Mohammed Pawar,Chennai,TN,2024-10-26,N
C100038,Deepak Joshi,Jaipur,RJ,2023-09-20,N
C100039,Pranav Bansal,Surat,GJ,2023-10-11,N
C100040,Aarav Banerjee,Vadodara,GJ,2024-09-10,N
C100041,Kabir Ghosh,Chennai,TN,2024-12-23,N
C100042,Megha Goyal,Chandigarh,CH,2024-05-13,Y
C100043,Tarun Shah,Coimbatore,TN,2024-10-17,N
C100044,Imran Gill,Thiruvananthapuram,KL,2023-03-08,N
C100045,Karan Chopra,Hyderabad,TS,2023-10-10,N
C100046,Payal Srivastava,Noida,UP,2023-05-01,N
C100047,Kabir Mehta,Raipur,CG,2024-08-23,N
C100048,Imran Sen,Ranchi,JH,2023-10-30,N
C100049,Varun Mukherjee,Delhi,DL,2023-02-01,N
C100050,Sneha Das,Nashik,MH,2024-03-16,N
C100051,Krishna Goyal,Ranchi,JH,2022-10-03,Y
C100052,Joseph Saxena,Mysuru,KA,2024-11-08,Y
C100053,Sneha Arora,Jaipur,RJ,2023-05-27,Y
C100054,Ankit Malhotra,Thiruvananthapuram,KL,2024-04-30,N
C100055,Arjun Singh,Visakhapatnam,AP,2024-08-11,N
C100056,Ritika Tiwari,Patna,BR,2024-02-22,N
C100057,Isha Kulkarni,Raipur,CG,2024-09-13,N
C100058,Varun Desai,Gurugram,HR,2024-03-20,N
C100059,Geeta Bansal,Coimbatore,TN,2022-08-10,N
C100060,Rohit Gaikwad,Raipur,CG,2024-07-07,N
C100061,Rohan Pereira,Thiruvananthapuram,KL,2024-09-08,N
C100062,Aditya Qureshi,Ahmedabad,GJ,2024-10-08,N
C100063,Mohammed Banerjee,Hyderabad,TS,2024-04-03,N
C100064,Aadhya Sandhu,Pune,MH,2023-02-08,N
C100065,Zoya Chauhan,Nashik,MH,2022-10-11,Y
C100066,Harpreet Shinde,Raipur,CG,2024-09-15,Y
C100067,Suresh Kaur,Chennai,TN,2022-07-16,Y
C100068,Amit Agarwal,Nashik,MH,2022-09-24,Y
C100069,Vivaan Gaikwad,Gurugram,HR,2024-02-29,N
C100070,Faisal Chopra,Chennai,TN,2023-09-16,N
C100071,Aarav Pillai,Raipur,CG,2024-01-09,Y
C100072,Faisal Das,Guwahati,AS,2023-04-02,N
C100073,Arjun Deshpande,Ranchi,JH,2024-05-28,N
C100074,Imran Pawar,Lucknow,UP,2023-09-10,Y
C100075,Tarun Roy,Vadodara,GJ,2024-08-01,N
C100076,Anjali Sen,Vadodara,GJ,2024-02-29,N
C100077,Lakshmi Bhatia,Chandigarh,CH,2022-12-20,N
C100078,Imran Nair,Coimbatore,TN,2023-01-23,N
C100079,Ayaan Yadav,Delhi,DL,2024-06-26,N
C100080,Ishaan Verma,Hyderabad,TS,2024-05-31,N
C100081,Saanvi Trivedi,Bhopal,MP,2024-05-10,N
C100082,Dev Jain,Chandigarh,CH,2024-02-09,N
C100083,Karan Patil,Ranchi,JH,2023-04-01,N
C100084,Om Naidu,Nagpur,MH,2023-02-28,Y
C100085,Harpreet Sen,Chandigarh,CH,2024-07-08,Y
C100086,Sameer Singh,Guwahati,AS,2024-08-14,Y
C100087,Meera Verma,Bengaluru,KA,2023-03-10,Y
C100088,Ankit Mittal,Delhi,DL,2022-11-06,N
C100089,Tanvi Tiwari,Hyderabad,TS,2022-07-16,Y
C100090,Dev Naidu,Patna,BR,2024-05-16,Y
C100091,Siddharth Iyer,Ranchi,JH,2023-07-24,N
C100092,Rajat Trivedi,Delhi,DL,2023-03-25,N
C100093,Lobsang Tiwari,Dehradun,UK,2024-01-11,N
C100094,Sunita Mishra,Pune,MH,2024-05-21,Y
C100095,Ananya Naidu,Kolkata,WB,2023-09-16,Y
C100096,Zaid Sethi,Pune,MH,2022-09-21,N
C100097,Anjali Bhatia,Indore,MP,2024-07-28,N
C100098,Reyansh Trivedi,Patna,BR,2023-01-29,N
C100099,Shreya Yadav,Guwahati,AS,2022-11-03,N
C100100,Kunal Mishra,Thiruvananthapuram,KL,2022-08-03,N
C100101,Sunita Pandey,Chennai,TN,2023-12-25,N
C100102,Manish Khanna,Dehradun,UK,2022-09-23,N
C100103,Nikhil Chopra,Pune,MH,2024-12-19,Y
C100104,Tarun Das,Jaipur,RJ,2023-02-19,N
C100105,Steven Khan,Coimbatore,TN,2024-11-24,N
C100106,Yash Jain,Nagpur,MH,2023-03-07,N
C100107,Kavya Patil,Guwahati,AS,2024-12-28,Y
C100108,Joseph Saxena,Ahmedabad,GJ,2023-10-02,N
C100109,Joseph Sethi,Indore,MP,2024-12-06,Y
C100110,Neha Ghosh,Dehradun,UK,2024-03-13,Y
C100111,Vikram Reddy,Raipur,CG,2024-06-19,N
C100112,Saanvi Arora,Vadodara,GJ,2024-08-19,N
C100113,Aadhya Dhillon,Dehradun,UK,2023-02-20,Y
C100114,Isha Singh,Patna,BR,2022-08-18,Y
C100115,Manish Siddiqui,Jaipur,RJ,2023-01-31,N
C100116,Neha Kulkarni,Pune,MH,2023-06-02,N
C100117,Om Sheikh,Mysuru,KA,2023-02-04,Y
C100118,Pranav Mathew,Hyderabad,TS,2024-08-07,N
C100119,Pooja Ansari,Visakhapatnam,AP,2024-11-22,N
C100120,Jaspreet Patil,Coimbatore,TN,2023-05-16,Y
C100121,Harsh Malhotra,Bhubaneswar,OR,2023-07-11,N
C100122,Daniel Mehta,Pune,MH,2022-12-24,N
C100123,Sneha Khan,Ranchi,JH,2023-09-19,Y
C100124,Arjun Bhatt,Surat,GJ,2024-04-28,N
C100125,Sukhwinder Patil,Kolkata,WB,2023-11-09,N
C100126,Tenzin Ghosh,Nashik,MH,2024-05-04,N
C100127,Aadhya Jain,Bengaluru,KA,2024-01-29,N
C100128,Harpreet Goyal,Lucknow,UP,2024-01-24,Y
C100129,Nikhil Saxena,Delhi,DL,2023-05-04,N
C100130,Sunita Fernandes,Ahmedabad,GJ,2024-08-29,N
C100131,Neha Dutta,Chennai,TN,2024-01-31,Y
C100132,Ishaan Ghosh,Bhopal,MP,2022-09-22,N
C100133,Ananya Saxena,Bhopal,MP,2024-07-17,Y
C100134,Joseph Sheikh,Kolkata,WB,2024-06-25,N
C100135,Vikram Rao,Mysuru,KA,2024-07-25,Y
C100136,Tanvi Patel,Patna,BR,2022-12-27,Y
C100137,Dev Banerjee,Ahmedabad,GJ,2024-12-05,N
C100138,Ishaan Arora,Hyderabad,TS,2023-11-04,Y
C100139,Rohit Pereira,Dehradun,UK,2024-11-21,N
C100140,Ritika Mittal,Raipur,CG,2024-06-12,Y
C100141,Mohammed Mehta,Raipur,CG,2024-10-04,Y
C100142,Dev Singh,Chennai,TN,2023-05-22,N
C100143,Krishna Rao,Bengaluru,KA,2023-06-11,N
C100144,Bhavna Mittal,Guwahati,AS,2022-12-10,N
C100145,Payal George,Raipur,CG,2022-10-14,Y
C100146,Nisha Goyal,Mysuru,KA,2024-10-26,N
C100147,Suresh Rao,Thiruvananthapuram,KL,2023-01-26,N
C100148,Diya Sheikh,Coimbatore,TN,2023-09-29,Y
C100149,Gurpreet Mehta,Ahmedabad,GJ,2023-11-15,N
C100150,Dev George,Gurugram,HR,2022-07-25,Y
C100151,Payal Sen,Chandigarh,CH,2023-12-04,Y
C100152,Tarun Rao,Indore,MP,2023-10-30,Y
C100153,Tanvi Ansari,Raipur,CG,2023-11-09,Y
C100154,Vivaan Das,Hyderabad,TS,2023-08-05,N
C100155,Ankit Verma,Noida,UP,2022-11-01,N
C100156,Nisha Mishra,Ranchi,JH,2024-12-04,N
C100157,Faisal Srivastava,Chandigarh,CH,2024-06-18,N
C100158,Tenzin Jadhav,Ranchi,JH,2022-09-18,N
C100159,Reyansh Jadhav,Dehradun,UK,2023-09-23,N
C100160,Kunal Srivastava,Kochi,KL,2024-02-21,Y
C100161,Krishna Sandhu,Bhopal,MP,2023-07-05,N
C100162,Bhavna Joshi,Coimbatore,TN,2023-05-21,N
C100163,Kabir Gill,Visakhapatnam,AP,2024-09-24,N
C100164,Harpreet Rathore,Surat,GJ,2023-02-24,N
C100165,Kabir Shah,Delhi,DL,2023-04-04,N
C100166,Ayaan D'Souza,Bengaluru,KA,2023-04-29,Y
C100167,Steven Shah,Raipur,CG,2024-05-17,N
C100168,Suresh Pawar,Hyderabad,TS,2022-08-21,Y
C100169,Meera Saxena,Raipur,CG,2023-06-28,Y
C100170,Lobsang Bhatia,Kochi,KL,2024-01-28,Y
C100171,Zaid Chauhan,Bhubaneswar,OR,2024-01-23,Y
C100172,Sukhwinder Sandhu,Dehradun,UK,2023-07-09,Y
C100173,Vikram Patil,Coimbatore,TN,2022-10-25,N
C100174,Bhavna Mukherjee,Mysuru,KA,2022-11-22,N
C100175,Kabir Arora,Bhubaneswar,OR,2022-08-15,Y
C100176,Aadhya Arora,Bhubaneswar,OR,2022-08-17,N
C100177,Vihaan Chauhan,Noida,UP,2022-10-18,Y
C100178,Manish Bhatia,Coimbatore,TN,2024-05-26,N
C100179,Sai Trivedi,Kochi,KL,2023-04-30,N
C100180,Komal Patil,Noida,UP,2023-06-01,N
C100181,Megha George,Ranchi,JH,2024-07-23,N
C100182,Amit Gaikwad,Kolkata,WB,2024-01-29,N
C100183,Shreya Mittal,Ranchi,JH,2022-08-04,Y
C100184,Om Singh,Gurugram,HR,2022-09-05,N
C100185,Harpreet Dutta,Dehradun,UK,2022-09-02,Y
C100186,Kabir Mathew,Coimbatore,TN,2023-01-04,N
C100187,Zoya Bhatia,Mumbai,MH,2023-11-16,Y
C100188,Isha Srivastava,Nashik,MH,2023-05-30,N
C100189,Sai Mishra,Vadodara,GJ,2022-08-29,Y
C100190,Sneha Sandhu,Visakhapatnam,AP,2023-06-27,N
C100191,Ramesh Yadav,Mumbai,MH,2024-12-15,N
C100192,Simran Ansari,Visakhapatnam,AP,2024-12-28,N
C100193,Komal Chopra,Surat,GJ,2024-05-09,N
C100194,Sneha Agarwal,Bhopal,MP,2022-09-27,Y
C100195,Kavya Bhatia,Gurugram,HR,2023-09-21,Y
C100196,Saanvi Rathore,Noida,UP,2023-09-27,Y
C100197,Sai Verma,Nashik,MH,2023-05-11,N
C100198,Deepak Gaikwad,Guwahati,AS,2024-05-01,N
C100199,Harsh Yadav,Bhopal,MP,2022-12-06,Y
C100200,Zaid Gaikwad,Vadodara,GJ,2024-10-18,N
C100201,Deepak Gupta,Ranchi,JH,2023-07-03,Y
C100202,Om Shah,Pune,MH,2022-11-05,Y
C100203,Zoya Rathore,Jaipur,RJ,2024-11-04,N
C100204,Rahul Sandhu,Kolkata,WB,2024-11-16,Y
C100205,Komal Gupta,Kochi,KL,2022-12-12,N
C100206,Mohammed Malhotra,Kolkata,WB,2023-11-04,N
C100207,Mohammed Rathore,Gurugram,HR,2022-12-10,N
C100208,Suresh Gupta,Kochi,KL,2022-11-07,Y
C100209,Dev Pawar,Dehradun,UK,2022-11-09,N
C100210,Arjun Trivedi,Nagpur,MH,2024-10-03,N
C100211,Manpreet Khan,Guwahati,AS,2023-12-22,Y
C100212,Bhavna Desai,Bhubaneswar,OR,2024-11-26,N
C100213,Harpreet Yadav,Lucknow,UP,2023-04-26,Y
C100214,Vihaan Chopra,Guwahati,AS,2024-07-06,N
C100215,Shreya Pillai,Chandigarh,CH,2024-03-22,N
C100216,Isha Pandey,Mysuru,KA,2023-05-24,Y
C100217,Farah Gaikwad,Ranchi,JH,2023-06-21,N
C100218,Aishwarya Pandey,Mysuru,KA,2024-07-01,N
C100219,Vihaan Mishra,Mysuru,KA,2023-05-23,N
C100220,Kabir Deshpande,Surat,GJ,2024-02-25,N
C100221,Swati Banerjee,Indore,MP,2022-08-29,Y
C100222,Zoya Yadav,Nagpur,MH,2024-06-03,N
C100223,Bhavna Nair,Kolkata,WB,2023-11-28,N
C100224,Harsh Bose,Bengaluru,KA,2024-11-29,N
C100225,Imran Qureshi,Patna,BR,2023-10-27,N
C100226,Swati Roy,Guwahati,AS,2023-09-08,N
C100227,Zoya Tiwari,Surat,GJ,2024-05-06,N
C100228,Varun Trivedi,Bengaluru,KA,2023-12-17,N
C100229,Sameer Reddy,Delhi,DL,2024-03-29,N
C100230,Abhishek Saxena,Coimbatore,TN,2023-12-11,N
C100231,Payal Siddiqui,Coimbatore,TN,2024-06-30,N
C100232,Sameer Sethi,Nashik,MH,2023-11-06,N
C100233,Tanvi Sethi,Ahmedabad,GJ,2023-04-27,Y
C100234,Abhishek Joshi,Jaipur,RJ,2022-09-04,N
C100235,Ishaan Patil,Gurugram,HR,2023-07-02,Y
C100236,Varun Rao,Mumbai,MH,2022-12-28,Y
C100237,Tenzin Mathew,Dehradun,UK,2023-06-21,N
C100238,Sukhwinder Reddy,Bengaluru,KA,2023-01-17,Y
C100239,Rohit Shah,Coimbatore,TN,2024-07-12,Y
C100240,Pranav Reddy,Mumbai,MH,2022-09-13,N
C100241,Sneha D'Souza,Hyderabad,TS,2024-05-25,Y
C100242,Gurpreet Singh,Bhopal,MP,2023-04-01,Y
C100243,Ritika Agarwal,Chandigarh,CH,2023-04-23,N
C100244,Rahul Jain,Hyderabad,TS,2023-09-22,N
C100245,Manish Arora,Lucknow,UP,2022-12-17,N
C100246,Neha Pawar,Mysuru,KA,2022-11-22,N
C100247,Arjun Pandey,Kochi,KL,2024-06-27,Y
C100248,Varun Sethi,Delhi,DL,2023-03-08,N
C100249,Zaid Agarwal,Lucknow,UP,2024-03-11,N
C100250,Aadhya Gill,Bhopal,MP,2022-07-20,N
C100251,Aarav Fernandes,Guwahati,AS,2024-10-14,N
C100252,Isha Varghese,Dehradun,UK,2024-05-13,Y
C100253,Kavya Chauhan,Kolkata,WB,2024-05-25,N
C100254,Vihaan Shinde,Nagpur,MH,2023-06-25,Y
C100255,Vivaan Bose,Mumbai,MH,2024-09-10,Y
C100256,Arjun Shinde,Bhubaneswar,OR,2022-12-08,N
C100257,Manish D'Souza,Delhi,DL,2023-09-27,N
C100258,Rohit Malhotra,Kolkata,WB,2023-12-23,Y
C100259,Kavya Iyer,Noida,UP,2024-03-04,Y
C100260,Payal Ghosh,Mysuru,KA,2022-10-02,Y
C100261,Payal Fernandes,Visakhapatnam,AP,2023-09-06,Y
C100262,Zaid Jadhav,Gurugram,HR,2023-03-26,N
C100263,Vihaan Khan,Mumbai,MH,2022-11-24,N
C100264,Kavya Desai,Nashik,MH,2024-01-16,Y
C100265,Neha Dhillon,Coimbatore,TN,2023-09-11,N
C100266,Farah George,Lucknow,UP,2023-05-06,N
C100267,Pooja Desai,Raipur,CG,2023-07-05,Y
C100268,Yash Gupta,Patna,BR,2024-11-07,N
C100269,Nisha Sheikh,Vadodara,GJ,2023-10-31,N
C100270,Krishna Srivastava,Jaipur,RJ,2023-08-25,N
C100271,Sunita Chatterjee,Gurugram,HR,2022-09-29,N
C100272,Kabir Mukherjee,Mysuru,KA,2024-01-19,Y
C100273,Karan Pillai,Hyderabad,TS,2023-02-19,N
C100274,Arjun Verma,Pune,MH,2023-04-21,N
C100275,Swati Das,Bhubaneswar,OR,2024-05-09,N
C100276,Thomas Bhatia,Bhubaneswar,OR,2022-07-29,N
C100277,Riya Mathew,Chandigarh,CH,2022-11-09,Y
C100278,Komal Bhatia,Ahmedabad,GJ,2023-08-06,N
C100279,Nisha Sethi,Visakhapatnam,AP,2023-11-07,Y
C100280,Harsh Sandhu,Dehradun,UK,2024-03-26,N
C100281,Sunita Menon,Guwahati,AS,2024-06-22,N
C100282,Sameer Desai,Jaipur,RJ,2023-06-28,N
C100283,Suresh Gill,Guwahati,AS,2022-12-26,N
C100284,Geeta Goyal,Raipur,CG,2022-11-12,N
C100285,Ramesh D'Souza,Pune,MH,2024-06-14,N
C100286,Payal Kumar,Nagpur,MH,2024-02-24,N
C100287,Siddharth Gupta,Bengaluru,KA,2024-12-21,N
C100288,Ayaan Sheikh,Pune,MH,2024-02-03,N
C100289,Deepak Ansari,Vadodara,GJ,2023-09-05,N
C100290,Gurpreet Dhillon,Jaipur,RJ,2024-05-12,N
C100291,Neha Mukherjee,Visakhapatnam,AP,2024-10-24,Y
C100292,Zaid Chatterjee,Delhi,DL,2023-03-14,N
C100293,Tenzin Bhatt,Bhopal,MP,2024-08-22,N
C100294,Neha Deshpande,Dehradun,UK,2022-10-03,N
C100295,Deepak Pillai,Patna,BR,2024-12-17,N
C100296,Dev Khan,Lucknow,UP,2023-01-07,N
C100297,Pranav Verma,Bhubaneswar,OR,2023-01-28,Y
C100298,Sukhwinder Mittal,Delhi,DL,2024-10-12,N
C100299,Imran Gill,Nagpur,MH,2024-10-12,Y
C100300,Aditya Jadhav,Lucknow,UP,2023-06-15,N
C100301,Siddharth Kumar,Nashik,MH,2024-07-16,N
C100302,Neha Shah,Ahmedabad,GJ,2024-04-11,N
C100303,Zoya Sheikh,Bhopal,MP,2023-03-12,Y
C100304,Aadhya Kumar,Jaipur,RJ,2023-02-10,Y
C100305,Mohammed Das,Thiruvananthapuram,KL,2022-10-22,N
C100306,Manish Goyal,Ahmedabad,GJ,2023-04-28,Y
C100307,Sai Sharma,Noida,UP,2024-08-30,N
C100308,Dev Joshi,Ahmedabad,GJ,2023-09-01,Y
C100309,Anjali Das,Chandigarh,CH,2024-02-02,N
C100310,Ramesh Bhatt,Nagpur,MH,2023-09-25,N
C100311,Aadhya Mishra,Dehradun,UK,2023-07-04,N
C100312,Yash Chauhan,Indore,MP,2022-08-30,N
C100313,Harsh Joshi,Kolkata,WB,2022-09-12,N
C100314,Siddharth Ansari,Mumbai,MH,2023-10-16,N
C100315,Suresh Saxena,Vadodara,GJ,2023-02-08,N
C100316,Siddharth Roy,Kochi,KL,2024-11-26,N
C100317,Sunita Bose,Chennai,TN,2023-09-17,N
C100318,Vivaan Srivastava,Gurugram,HR,2022-12-15,N
C100319,Kabir Das,Hyderabad,TS,2024-08-01,Y
C100320,Zoya Verma,Delhi,DL,2024-10-21,Y
C100321,Riya Sheikh,Mumbai,MH,2024-06-25,N
C100322,Isha Ansari,Surat,GJ,2022-11-26,N
C100323,Deepak Malhotra,Mysuru,KA,2024-11-04,N
C100324,Kabir Pandey,Dehradun,UK,2024-12-19,N
C100325,Imran Yadav,Mumbai,MH,2023-06-22,Y
C100326,Thomas Arora,Chennai,TN,2024-10-11,N
C100327,Vihaan Sharma,Ranchi,JH,2022-11-15,N
C100328,Manpreet Srivastava,Bengaluru,KA,2024-11-02,N
C100329,Mohammed Iyer,Pune,MH,2023-12-13,N
C100330,Shreya Sheikh,Gurugram,HR,2022-09-20,N
C100331,Ankit Iyer,Raipur,CG,2023-12-05,N
C100332,Sameer Shah,Chennai,TN,2022-11-17,Y
C100333,Priya Goyal,Chennai,TN,2023-12-26,N
C100334,Megha Qureshi,Mumbai,MH,2023-05-02,Y
C100335,Aarav Malhotra,Mumbai,MH,2023-06-06,Y
C100336,Tanvi Chopra,Raipur,CG,2022-10-24,Y
C100337,Komal Goyal,Ahmedabad,GJ,2023-01-18,Y
C100338,Vikram Roy,Guwahati,AS,2023-09-12,N
C100339,Farah Deshpande,Guwahati,AS,2023-06-03,Y
C100340,Mohammed Bhatia,Delhi,DL,2024-06-21,N
C100341,Priya Sethi,Chandigarh,CH,2024-09-09,Y
C100342,Farah Chauhan,Visakhapatnam,AP,2023-09-09,N
C100343,Tenzin Iyer,Surat,GJ,2022-07-25,Y
C100344,Thomas Sandhu,Chennai,TN,2024-07-31,N
C100345,Sunita Nair,Noida,UP,2024-05-23,Y
C100346,Aadhya Mishra,Nashik,MH,2024-08-13,Y
C100347,Tanvi Singh,Indore,MP,2024-03-27,Y
C100348,Simran Ansari,Coimbatore,TN,2024-08-06,N
C100349,Suresh Pandey,Guwahati,AS,2022-12-13,N
C100350,Ankit Sen,Noida,UP,2024-01-23,N
C100351,Megha Dutta,Chennai,TN,2023-11-11,Y
C100352,Ayaan Singh,Noida,UP,2024-01-04,N
C100353,Yash Ansari,Jaipur,RJ,2023-06-19,N
C100354,Priya Gaikwad,Mumbai,MH,2022-12-06,N
C100355,Vihaan Tiwari,Bhopal,MP,2023-12-13,N
C100356,Steven Das,Ranchi,JH,2024-02-17,N
C100357,Daniel Das,Mysuru,KA,2024-01-21,N
C100358,Aadhya Chopra,Gurugram,HR,2024-04-16,Y
C100359,Aishwarya Arora,Hyderabad,TS,2022-11-23,N
C100360,Tenzin Arora,Bhopal,MP,2023-03-12,N
C100361,Kavya Bhatia,Patna,BR,2022-09-04,N
C100362,Pooja Dhillon,Nashik,MH,2024-01-22,Y
C100363,Imran Gill,Surat,GJ,2024-02-23,N
C100364,Sai Jadhav,Hyderabad,TS,2024-03-31,N
C100365,Karan Chopra,Nagpur,MH,2024-01-14,N
C100366,Swati Singh,Coimbatore,TN,2024-07-20,N
C100367,Manish Goyal,Chandigarh,CH,2023-04-18,Y
C100368,Kavya Malhotra,Delhi,DL,2024-05-18,N
C100369,Tenzin Qureshi,Lucknow,UP,2022-09-21,N
C100370,Farah Verma,Nagpur,MH,2023-09-04,N
C100371,Meera Kaur,Chandigarh,CH,2024-04-16,N
C100372,Farah Shinde,Bhopal,MP,2024-07-01,N
C100373,Rohit Qureshi,Mumbai,MH,2023-08-20,N
C100374,Simran Mittal,Kochi,KL,2023-05-31,N
C100375,Reyansh Bose,Hyderabad,TS,2024-03-31,N
C100376,Ramesh Naidu,Bhubaneswar,OR,2024-03-19,N
C100377,Aditya Mehta,Mumbai,MH,2023-11-11,N
C100378,Ankit Sheikh,Delhi,DL,2022-07-26,Y
C100379,Meera Gill,Dehradun,UK,2023-06-28,N
C100380,Nikhil D'Souza,Pune,MH,2024-01-13,N
C100381,Saanvi Mathew,Ahmedabad,GJ,2023-12-08,N
C100382,Pooja Singh,Raipur,CG,2024-07-14,Y
C100383,Mohammed Mathew,Nagpur,MH,2024-08-27,N
C100384,Komal Ansari,Ranchi,JH,2024-11-08,Y
C100385,Riya Menon,Mysuru,KA,2024-02-29,N
C100386,Harpreet Agarwal,Noida,UP,2023-06-09,N
C100387,Anjali Verma,Visakhapatnam,AP,2023-12-14,N
C100388,Yash Das,Gurugram,HR,2024-08-16,N
C100389,Om Chopra,Pune,MH,2023-12-26,N
C100390,Saanvi Khanna,Surat,GJ,2023-03-16,N
C100391,Abhishek Roy,Nagpur,MH,2024-07-07,N
C100392,Payal Mathew,Indore,MP,2024-02-22,N
C100393,Steven Chauhan,Chandigarh,CH,2023-06-25,N
C100394,Neha Bansal,Guwahati,AS,2024-01-14,N
C100395,Nikhil Iyer,Raipur,CG,2024-04-05,N
C100396,Om Chauhan,Raipur,CG,2023-05-28,N
C100397,Geeta Menon,Patna,BR,2023-02-19,Y
C100398,Aadhya Kumar,Jaipur,RJ,2022-12-21,N
C100399,Ramesh Srivastava,Noida,UP,2023-05-07,N
C100400,Neha Arora,Chandigarh,CH,2023-12-23,N
C100401,Neha George,Chennai,TN,2024-09-24,N
C100402,Karan Chauhan,Gurugram,HR,2024-06-17,Y
C100403,Pranav Gaikwad,Gurugram,HR,2023-04-23,N
C100404,Jaspreet Shinde,Chandigarh,CH,2023-10-12,N
C100405,Aishwarya Gaikwad,Mysuru,KA,2023-07-16,N
C100406,Imran Chauhan,Noida,UP,2023-12-30,N
C100407,Ritika Kulkarni,Bengaluru,KA,2024-01-23,Y
C100408,Aarav Agarwal,Dehradun,UK,2023-06-28,N
C100409,Nisha Mathew,Surat,GJ,2024-07-13,N
C100410,Om Pereira,Mumbai,MH,2022-08-02,N
C100411,Kunal Qureshi,Mumbai,MH,2022-10-25,N
C100412,Zaid Ghosh,Guwahati,AS,2022-08-14,N
C100413,Ishaan Nair,Surat,GJ,2024-01-20,N
C100414,Geeta Menon,Dehradun,UK,2023-07-29,N
C100415,Vivaan Yadav,Delhi,DL,2023-12-07,Y
C100416,Vikram Bhatia,Visakhapatnam,AP,2023-02-19,N
C100417,Thomas George,Noida,UP,2023-01-01,Y
C100418,Siddharth Khan,Kolkata,WB,2022-10-26,N
C100419,Aarav Pandey,Surat,GJ,2024-07-15,Y
C100420,Om Kaur,Surat,GJ,2023-08-21,Y
C100421,Harpreet Bhatt,Mumbai,MH,2024-10-23,N
C100422,Steven Gaikwad,Indore,MP,2023-03-23,Y
C100423,Suresh Siddiqui,Gurugram,HR,2024-03-14,Y
C100424,Riya Dhillon,Kolkata,WB,2023-07-29,N
C100425,Vikram Shinde,Surat,GJ,2022-09-08,N
C100426,Dev Bhatia,Bhubaneswar,OR,2023-04-22,Y
C100427,Arjun Singh,Indore,MP,2023-11-20,N
C100428,Nikhil Chauhan,Mysuru,KA,2024-10-21,Y
C100429,Amit Goyal,Mumbai,MH,2022-08-03,N
C100430,Faisal Goyal,Pune,MH,2024-08-09,N
C100431,Vihaan Mittal,Coimbatore,TN,2023-03-30,N
C100432,Daniel Patel,Nagpur,MH,2024-08-14,N
C100433,Tanvi Das,Delhi,DL,2023-12-26,N
C100434,Imran Mathew,Dehradun,UK,2023-04-16,N
C100435,Geeta Sheikh,Dehradun,UK,2024-03-17,N
C100436,Rohan D'Souza,Thiruvananthapuram,KL,2023-08-22,Y
C100437,Gurpreet Chatterjee,Nashik,MH,2023-12-27,N
C100438,Manish Saxena,Patna,BR,2023-07-20,N
C100439,Ayaan Sethi,Guwahati,AS,2024-02-09,N
C100440,Jaspreet Chopra,Ranchi,JH,2023-10-28,N
C100441,Lobsang Mishra,Noida,UP,2022-08-28,N
C100442,Daniel Deshpande,Bhopal,MP,2023-02-07,N
C100443,Vikram Patel,Kochi,KL,2023-02-02,N
C100444,Rajat Sethi,Jaipur,RJ,2023-01-22,N
C100445,Sunita Srivastava,Chennai,TN,2024-02-24,N
C100446,Swati Pandey,Ranchi,JH,2024-11-21,N
C100447,Rajat Pandey,Vadodara,GJ,2022-09-04,N
C100448,Simran Naidu,Hyderabad,TS,2022-10-08,N
C100449,Ankit Saxena,Pune,MH,2023-03-04,N
C100450,Vihaan Sandhu,Chennai,TN,2024-01-06,N
C100451,Krishna Gill,Bhubaneswar,OR,2022-08-18,N
C100452,Komal Joshi,Coimbatore,TN,2024-08-04,N
C100453,Nisha Pandey,Ranchi,JH,2024-10-21,N
C100454,Reyansh Sharma,Mumbai,MH,2024-04-10,N
C100455,Simran D'Souza,Chandigarh,CH,2023-12-06,N
C100456,Sneha Siddiqui,Visakhapatnam,AP,2023-05-17,N
C100457,Ayaan Bhatt,Raipur,CG,2024-04-24,N
C100458,Komal Sen,Indore,MP,2022-08-19,Y
C100459,Kunal Fernandes,Vadodara,GJ,2024-01-04,N
C100460,Aditya Sandhu,Guwahati,AS,2024-03-03,N
C100461,Lobsang George,Lucknow,UP,2024-04-23,N
C100462,Meera Gupta,Mumbai,MH,2023-05-24,N
C100463,Saanvi Shah,Chennai,TN,2023-03-03,Y
C100464,Simran Kaur,Hyderabad,TS,2023-05-24,Y
C100465,Nisha Tiwari,Dehradun,UK,2022-09-01,N
C100466,Sunita Mishra,Dehradun,UK,2024-01-21,N
C100467,Zoya Patil,Hyderabad,TS,2024-06-18,N
C100468,Vikram George,Nashik,MH,2022-07-26,Y
C100469,Isha Joshi,Kochi,KL,2023-12-06,N
C100470,Aadhya Jain,Mumbai,MH,2022-09-12,N
C100471,Jaspreet Shah,Surat,GJ,2024-12-15,Y
C100472,Kabir Jain,Dehradun,UK,2023-06-17,N
C100473,Varun Gill,Pune,MH,2024-02-10,N
C100474,Zoya Yadav,Chandigarh,CH,2024-01-27,N
C100475,Amit Varghese,Lucknow,UP,2024-10-29,N
C100476,Aarav Ghosh,Hyderabad,TS,2023-08-13,N
C100477,Bhavna Khan,Patna,BR,2022-11-06,N
C100478,Simran Ghosh,Hyderabad,TS,2023-02-19,N
C100479,Nisha Yadav,Ahmedabad,GJ,2022-12-31,N
C100480,Siddharth Kaur,Chandigarh,CH,2024-01-21,N
C100481,Arjun Mishra,Chandigarh,CH,2022-10-30,N
C100482,Pooja Joshi,Kochi,KL,2024-10-02,Y
C100483,Anjali Gill,Vadodara,GJ,2023-03-20,N
C100484,Om Kulkarni,Delhi,DL,2023-03-28,N
C100485,Nikhil Singh,Kochi,KL,2023-06-22,N
C100486,Thomas Siddiqui,Noida,UP,2022-09-02,N
C100487,Riya Naidu,Mysuru,KA,2023-08-18,N
C100488,Tenzin Das,Mumbai,MH,2024-10-18,N
C100489,Ananya Reddy,Ahmedabad,GJ,2024-06-21,N
C100490,Siddharth Bhatt,Bhopal,MP,2023-03-01,N
C100491,Ayaan Kaur,Bhubaneswar,OR,2024-09-19,Y
C100492,Zaid Mishra,Nagpur,MH,2023-09-25,N
C100493,Gurpreet Jain,Thiruvananthapuram,KL,2023-02-23,N
C100494,Aarav Sandhu,Jaipur,RJ,2023-06-26,N
C100495,Amit Kumar,Vadodara,GJ,2024-10-29,N
C100496,Anjali Qureshi,Kochi,KL,2022-11-09,N
C100497,Aishwarya Joshi,Bhopal,MP,2024-06-22,N
C100498,Komal Dutta,Nashik,MH,2023-03-31,N
C100499,Sneha Bhatt,Coimbatore,TN,2023-08-20,N
C100500,Riya D'Souza,Jaipur,RJ,2024-12-23,Y
C100501,Swati Mehta,Jaipur,RJ,2023-01-11,N
C100502,Sneha Nair,Pune,MH,2024-06-04,Y
C100503,Faisal Banerjee,Patna,BR,2023-06-22,N
C100504,Rajat Mathew,Mumbai,MH,2024-02-14,N
C100505,Krishna Khanna,Chennai,TN,2022-10-27,Y
C100506,Isha Mathew,Visakhapatnam,AP,2024-08-23,Y
C100507,Diya Roy,Chandigarh,CH,2022-11-01,N
C100508,Mohammed Gaikwad,Patna,BR,2022-10-23,N
C100509,Om Patil,Bengaluru,KA,2023-03-02,N
C100510,Sameer Siddiqui,Pune,MH,2023-10-30,Y
C100511,Payal Agarwal,Kolkata,WB,2024-09-20,N
C100512,Ritika George,Jaipur,RJ,2024-08-05,Y
C100513,Reyansh Mathew,Pune,MH,2023-12-18,N
C100514,Varun Mehta,Coimbatore,TN,2023-12-10,Y
C100515,Zoya Nair,Hyderabad,TS,2023-04-11,N
C100516,Pooja Das,Kolkata,WB,2022-09-14,Y
C100517,Pooja Mukherjee,Chennai,TN,2023-01-14,Y
C100518,Ramesh D'Souza,Dehradun,UK,2023-02-24,N
C100519,Suresh Goyal,Indore,MP,2023-09-21,N
C100520,Lakshmi Sethi,Jaipur,RJ,2024-11-30,N
C100521,Aarav Kulkarni,Raipur,CG,2023-09-08,N
C100522,Reyansh Nair,Noida,UP,2024-11-15,N
C100523,Karan Roy,Gurugram,HR,2022-08-20,Y
C100524,Saanvi Dutta,Raipur,CG,2023-11-10,N
C100525,Nikhil Banerjee,Jaipur,RJ,2023-02-21,N
C100526,Shreya Pereira,Hyderabad,TS,2024-08-18,Y
C100527,Sunita D'Souza,Patna,BR,2024-02-03,Y
C100528,Simran Naidu,Thiruvananthapuram,KL,2022-11-06,N
C100529,Shreya Fernandes,Kochi,KL,2024-12-02,N
C100530,Ritika Kulkarni,Vadodara,GJ,2024-05-24,N
C100531,Jaspreet Shah,Nagpur,MH,2024-09-02,N
C100532,Faisal Das,Guwahati,AS,2024-12-15,N
C100533,Ishaan Kaur,Bhopal,MP,2022-11-26,Y
C100534,Vikram George,Mysuru,KA,2023-06-21,N
C100535,Bhavna George,Indore,MP,2023-07-30,Y
C100536,Aditya Chauhan,Nagpur,MH,2023-09-05,N
C100537,Sneha Verma,Ahmedabad,GJ,2022-10-15,Y
C100538,Om Kapoor,Surat,GJ,2023-09-08,Y
C100539,Ayaan Goyal,Chennai,TN,2022-09-28,N
C100540,Steven Arora,Noida,UP,2024-07-05,N
C100541,Rajat Menon,Kolkata,WB,2022-11-07,N
C100542,Sai Tiwari,Hyderabad,TS,2022-10-30,N
C100543,Amit Rathore,Patna,BR,2024-09-19,N
C100544,Kabir Das,Visakhapatnam,AP,2023-10-07,N
C100545,Yash Pillai,Mumbai,MH,2024-10-02,N
C100546,Manpreet Bhatia,Chandigarh,CH,2023-10-23,N
C100547,Swati Pereira,Noida,UP,2023-05-16,N
C100548,Aarav Khanna,Surat,GJ,2023-02-22,N
C100549,Om Gaikwad,Jaipur,RJ,2024-07-26,N
C100550,Yash Chauhan,Gurugram,HR,2024-11-06,N
C100551,Ishaan Qureshi,Guwahati,AS,2023-12-17,N
C100552,Sai Nair,Chennai,TN,2024-04-06,N
C100553,Riya Kapoor,Raipur,CG,2024-10-08,Y
C100554,Kunal Patil,Raipur,CG,2023-05-16,N
C100555,Deepak Gill,Delhi,DL,2022-11-17,Y
C100556,Meera Sheikh,Kolkata,WB,2024-04-03,Y
C100557,Divya Khan,Thiruvananthapuram,KL,2023-09-19,Y
C100558,Sneha Siddiqui,Dehradun,UK,2022-10-24,N
C100559,Sukhwinder Jadhav,Surat,GJ,2023-04-03,Y
C100560,Arjun Bose,Bhopal,MP,2022-10-24,N
C100561,Harpreet Pillai,Bhopal,MP,2023-06-22,N
C100562,Imran Pandey,Raipur,CG,2024-08-26,N
C100563,Ramesh Mehta,Mumbai,MH,2022-12-09,N
C100564,Kavya Agarwal,Mumbai,MH,2023-10-15,Y
C100565,Swati Shah,Mumbai,MH,2024-07-27,N
C100566,Jaspreet Sethi,Coimbatore,TN,2022-12-29,N
C100567,Om Chatterjee,Mumbai,MH,2024-11-22,Y
C100568,Aditya Pandey,Chandigarh,CH,2024-07-18,N
C100569,Sneha Gill,Hyderabad,TS,2024-06-17,N
C100570,Diya Kumar,Indore,MP,2024-07-21,N
C100571,Ayaan Siddiqui,Gurugram,HR,2022-12-18,N
C100572,Rahul Ghosh,Ahmedabad,GJ,2024-01-16,N
C100573,Diya Deshpande,Chennai,TN,2023-05-30,N
C100574,Aditya George,Delhi,DL,2023-12-01,Y
C100575,Farah Roy,Dehradun,UK,2023-08-25,N
C100576,Ritika Arora,Thiruvananthapuram,KL,2022-11-01,N
C100577,Karan Pandey,Raipur,CG,2024-05-04,Y
C100578,Diya Bhatt,Ahmedabad,GJ,2022-10-30,Y
C100579,Zaid Fernandes,Noida,UP,2024-07-20,Y
C100580,Rajat Khanna,Coimbatore,TN,2022-10-24,N
C100581,Joseph Gupta,Visakhapatnam,AP,2023-08-22,N
C100582,Komal Pandey,Mumbai,MH,2024-04-15,N
C100583,Swati Jadhav,Patna,BR,2023-02-17,N
C100584,Lakshmi Bose,Bhopal,MP,2024-12-01,Y
C100585,Manpreet Gupta,Bhopal,MP,2024-05-14,N
C100586,Nisha Kaur,Dehradun,UK,2023-01-14,N
C100587,Karan Mehta,Dehradun,UK,2023-07-06,N
C100588,Siddharth Ansari,Kochi,KL,2024-02-13,Y
C100589,Manish Desai,Visakhapatnam,AP,2023-03-01,N
C100590,Anjali Shinde,Gurugram,HR,2022-07-19,N
C100591,Simran Desai,Chennai,TN,2023-04-05,Y
C100592,Ishaan Rao,Hyderabad,TS,2022-07-23,Y
C100593,Zoya Mathew,Coimbatore,TN,2023-01-10,N
C100594,Arjun Qureshi,Noida,UP,2024-04-26,N
C100595,Vikram Menon,Dehradun,UK,2023-05-30,N
C100596,Divya Mehta,Dehradun,UK,2022-11-24,N
C100597,Vihaan Das,Vadodara,GJ,2023-06-21,Y
C100598,Riya Sheikh,Nagpur,MH,2024-10-22,N
C100599,Aishwarya Fernandes,Ahmedabad,GJ,2024-04-23,Y
C100600,Bhavna Shah,Bhopal,MP,2023-10-16,N
C100601,Tenzin Gupta,Bhopal,MP,2023-03-21,N
C100602,Riya Pereira,Nagpur,MH,2024-04-17,N
C100603,Suresh Pandey,Jaipur,RJ,2022-11-22,N
C100604,Priya Mishra,Nashik,MH,2022-07-16,N
C100605,Shreya Qureshi,Kolkata,WB,2023-11-14,N
C100606,Harpreet Shinde,Lucknow,UP,2024-05-05,N
C100607,Nikhil Saxena,Gurugram,HR,2022-12-27,N
C100608,Siddharth Dhillon,Visakhapatnam,AP,2023-09-10,Y
C100609,Krishna George,Indore,MP,2024-03-23,N
C100610,Harpreet Singh,Ahmedabad,GJ,2024-07-14,N
C100611,Zoya Rathore,Nagpur,MH,2024-03-14,Y
C100612,Rohan Bose,Surat,GJ,2022-10-19,N
C100613,Tanvi Rao,Pune,MH,2024-04-29,N
C100614,Isha Shah,Kochi,KL,2023-04-29,N
C100615,Krishna Singh,Hyderabad,TS,2024-06-01,Y
C100616,Krishna Sandhu,Hyderabad,TS,2023-03-09,Y
C100617,Tenzin Mehta,Coimbatore,TN,2023-03-30,N
C100618,Lakshmi Trivedi,Pune,MH,2024-08-05,Y
C100619,Anjali Agarwal,Dehradun,UK,2024-03-22,N
C100620,Lakshmi D'Souza,Noida,UP,2024-03-31,Y
C100621,Rahul Kapoor,Pune,MH,2022-09-15,N
C100622,Reyansh Agarwal,Delhi,DL,2023-03-09,N
C100623,Riya Pandey,Ahmedabad,GJ,2022-11-15,N
C100624,Aadhya Ghosh,Bhubaneswar,OR,2022-12-19,Y
C100625,Shreya Rathore,Dehradun,UK,2024-08-18,N
C100626,Vihaan Pawar,Jaipur,RJ,2024-06-15,N
C100627,Anjali Jain,Guwahati,AS,2022-10-15,N
C100628,Varun Bose,Vadodara,GJ,2024-12-18,N
C100629,Dev Desai,Jaipur,RJ,2024-07-05,N
C100630,Riya Desai,Chennai,TN,2024-11-09,N
C100631,Siddharth Trivedi,Chandigarh,CH,2023-03-15,Y
C100632,Bhavna Srivastava,Guwahati,AS,2024-09-05,N
C100633,Gurpreet Bose,Visakhapatnam,AP,2024-06-06,Y
C100634,Ritika Yadav,Pune,MH,2024-03-13,N
C100635,Pooja Mukherjee,Hyderabad,TS,2022-08-27,N
C100636,Deepak Agarwal,Bhopal,MP,2023-09-27,N
C100637,Amit Iyer,Surat,GJ,2024-02-14,Y
C100638,Gurpreet Patil,Ranchi,JH,2023-08-27,N
C100639,Vikram Sandhu,Bhubaneswar,OR,2024-07-25,N
C100640,Bhavna Rao,Mysuru,KA,2024-05-11,Y
C100641,Siddharth Mukherjee,Surat,GJ,2023-12-12,Y
C100642,Divya Mukherjee,Guwahati,AS,2023-02-28,N
C100643,Ishaan Khanna,Noida,UP,2024-06-25,N
C100644,Neha Bose,Thiruvananthapuram,KL,2023-11-19,Y
C100645,Payal Kulkarni,Bengaluru,KA,2024-08-30,N
C100646,Megha Agarwal,Vadodara,GJ,2023-08-21,N
C100647,Om Patel,Bhubaneswar,OR,2023-02-24,N
C100648,Geeta Nair,Coimbatore,TN,2024-06-16,N
C100649,Mohammed Sharma,Kochi,KL,2024-10-25,Y
C100650,Sneha Gaikwad,Dehradun,UK,2022-07-17,Y
C100651,Daniel Mishra,Chandigarh,CH,2023-08-23,N
C100652,Deepak Agarwal,Gurugram,HR,2022-10-11,N
C100653,Kunal Das,Bengaluru,KA,2022-11-08,Y
C100654,Aarav D'Souza,Bhopal,MP,2024-10-30,Y
C100655,Nikhil Gaikwad,Nashik,MH,2022-10-03,N
C100656,Karan Pillai,Vadodara,GJ,2024-08-15,N
C100657,Komal Naidu,Coimbatore,TN,2023-02-07,N
C100658,Geeta Kaur,Chennai,TN,2024-03-23,Y
C100659,Komal Ansari,Ahmedabad,GJ,2022-12-19,Y
C100660,Sukhwinder Joshi,Thiruvananthapuram,KL,2023-10-09,Y
C100661,Aditya Nair,Kolkata,WB,2022-11-30,N
C100662,Krishna Gill,Mysuru,KA,2024-07-12,N
C100663,Lobsang Desai,Ranchi,JH,2023-11-16,N
C100664,Meera Singh,Chandigarh,CH,2023-06-23,N
C100665,Divya Chopra,Coimbatore,TN,2023-07-01,N
C100666,Riya Patil,Bhopal,MP,2024-07-07,N
C100667,Sameer Das,Chandigarh,CH,2024-04-07,Y
C100668,Daniel Naidu,Bengaluru,KA,2022-10-20,N
C100669,Anjali Rao,Noida,UP,2023-01-17,N
C100670,Tarun Banerjee,Gurugram,HR,2022-08-03,N
C100671,Anjali Jadhav,Ahmedabad,GJ,2024-11-21,N
C100672,Priya Menon,Kolkata,WB,2024-07-21,N
C100673,Riya Yadav,Indore,MP,2022-10-14,N
C100674,Imran Tiwari,Guwahati,AS,2024-03-01,Y
C100675,Shreya Malhotra,Bengaluru,KA,2023-04-21,Y
C100676,Tenzin Singh,Lucknow,UP,2023-07-27,Y
C100677,Kavya Arora,Bhopal,MP,2024-05-06,N
C100678,Mohammed Roy,Kochi,KL,2022-08-10,N
C100679,Tenzin Jain,Bhubaneswar,OR,2024-08-24,N
C100680,Swati Banerjee,Mysuru,KA,2022-10-24,N
C100681,Zoya Dutta,Vadodara,GJ,2023-04-25,N
C100682,Joseph D'Souza,Chennai,TN,2024-01-17,Y
C100683,Deepak Pawar,Coimbatore,TN,2022-09-18,Y
C100684,Divya Roy,Pune,MH,2023-11-21,N
C100685,Reyansh Chopra,Coimbatore,TN,2023-08-11,Y
C100686,Vihaan Rao,Thiruvananthapuram,KL,2022-12-10,N
C100687,Komal Bansal,Raipur,CG,2023-03-24,N
C100688,Rahul Mehta,Chennai,TN,2024-07-03,N
C100689,Aadhya Dutta,Mumbai,MH,2023-06-21,Y
C100690,Neha Mukherjee,Bengaluru,KA,2022-07-21,N
C100691,Rohit Fernandes,Gurugram,HR,2023-07-10,N
C100692,Vivaan Naidu,Noida,UP,2022-07-25,Y
C100693,Farah Jain,Bhubaneswar,OR,2023-01-08,N
C100694,Vikram Mittal,Mumbai,MH,2024-10-26,N
C100695,Rahul Yadav,Bhubaneswar,OR,2024-07-29,Y
C100696,Steven Trivedi,Bhubaneswar,OR,2023-02-20,N
C100697,Manish Patil,Indore,MP,2024-10-28,N
C100698,Rohan Tiwari,Nashik,MH,2024-06-18,Y
C100699,Dev Mathew,Nagpur,MH,2024-08-11,Y
C100700,Daniel Pillai,Kolkata,WB,2024-09-10,N
C100701,Mohammed Chopra,Thiruvananthapuram,KL,2023-12-15,Y
C100702,Reyansh Patil,Thiruvananthapuram,KL,2024-04-15,N
C100703,Krishna Mathew,Ahmedabad,GJ,2024-05-31,N
C100704,Sneha Mathew,Bhubaneswar,OR,2023-08-12,N
C100705,Payal Khanna,Guwahati,AS,2022-08-18,N
C100706,Vikram Khan,Surat,GJ,2022-10-16,Y
C100707,Shreya Naidu,Bhopal,MP,2022-12-26,Y
C100708,Isha Gupta,Chennai,TN,2024-12-29,N
C100709,Vihaan Ansari,Delhi,DL,2023-12-15,Y
C100710,Gurpreet Iyer,Visakhapatnam,AP,2024-02-27,N
C100711,Ankit Malhotra,Nashik,MH,2023-03-15,N
C100712,Yash Kaur,Gurugram,HR,2023-11-22,N
C100713,Jaspreet Ansari,Ranchi,JH,2023-08-19,Y
C100714,Kunal Kulkarni,Noida,UP,2023-04-09,N
C100715,Saanvi Chatterjee,Bengaluru,KA,2024-02-22,Y
C100716,Ayaan Sheikh,Patna,BR,2024-06-11,N
C100717,Pranav Patil,Coimbatore,TN,2023-02-13,N
C100718,Kavya Khanna,Hyderabad,TS,2023-05-28,Y
C100719,Vivaan Khanna,Mumbai,MH,2023-12-03,N
C100720,Neha Mehta,Mumbai,MH,2023-10-20,Y
C100721,Reyansh Fernandes,Nagpur,MH,2024-12-11,N
C100722,Komal Gupta,Chandigarh,CH,2023-10-30,Y
C100723,Simran Gupta,Delhi,DL,2022-10-12,Y
C100724,Nisha Gaikwad,Pune,MH,2023-05-12,N
C100725,Ayaan Chauhan,Guwahati,AS,2024-11-18,N
C100726,Rahul D'Souza,Jaipur,RJ,2023-05-10,N
C100727,Siddharth Desai,Chandigarh,CH,2024-01-23,N
C100728,Dev Yadav,Visakhapatnam,AP,2022-08-08,N
C100729,Varun Yadav,Gurugram,HR,2023-12-16,Y
C100730,Farah Reddy,Mumbai,MH,2024-06-02,N
C100731,Zoya Varghese,Dehradun,UK,2024-02-13,N
C100732,Sunita Dhillon,Kolkata,WB,2022-12-30,Y
C100733,Krishna Mittal,Indore,MP,2024-11-29,Y
C100734,Thomas Desai,Lucknow,UP,2023-03-12,N
C100735,Dev Saxena,Visakhapatnam,AP,2023-07-31,N
C100736,Om Sandhu,Visakhapatnam,AP,2023-09-10,N
C100737,Manish Sethi,Raipur,CG,2024-09-21,N
C100738,Mohammed Khan,Mysuru,KA,2022-12-15,N
C100739,Farah Kumar,Delhi,DL,2022-09-25,Y
C100740,Ramesh Qureshi,Bhubaneswar,OR,2023-04-01,N
C100741,Ishaan Yadav,Chandigarh,CH,2024-08-28,Y
C100742,Ayaan Bhatia,Mysuru,KA,2024-10-03,N
C100743,Tarun Mathew,Nashik,MH,2024-07-20,Y
C100744,Bhavna Tiwari,Mysuru,KA,2022-09-03,N
C100745,Swati Khanna,Indore,MP,2023-05-28,Y
C100746,Pranav D'Souza,Bengaluru,KA,2024-10-22,Y
C100747,Tarun Patel,Dehradun,UK,2023-08-13,N
C100748,Sneha Tiwari,Vadodara,GJ,2023-05-18,N
C100749,Manpreet Saxena,Visakhapatnam,AP,2023-10-01,N
C100750,Krishna Sandhu,Mumbai,MH,2024-04-21,N
C100751,Nisha Malhotra,Delhi,DL,2024-02-04,N
C100752,Dev Srivastava,Chennai,TN,2024-02-14,N
C100753,Zaid Verma,Mysuru,KA,2024-09-28,N
C100754,Kunal Pillai,Patna,BR,2022-10-20,Y
C100755,Gurpreet Joshi,Pune,MH,2023-05-01,N
C100756,Sunita Ghosh,Dehradun,UK,2023-07-22,N
C100757,Simran Sheikh,Mysuru,KA,2023-03-28,N
C100758,Ananya Dhillon,Ahmedabad,GJ,2023-04-24,N
C100759,Geeta Dhillon,Dehradun,UK,2023-04-30,Y
C100760,Manish Patel,Gurugram,HR,2023-04-08,N
C100761,Rohit Ghosh,Hyderabad,TS,2024-02-17,N
C100762,Thomas D'Souza,Hyderabad,TS,2023-12-17,N
C100763,Kavya Shah,Visakhapatnam,AP,2023-03-24,N
C100764,Mohammed Nair,Delhi,DL,2024-07-25,Y
C100765,Rahul Agarwal,Kochi,KL,2023-12-10,Y
C100766,Ishaan Siddiqui,Kochi,KL,2022-11-26,N
C100767,Vikram Patil,Chandigarh,CH,2024-05-15,Y
C100768,Steven Yadav,Guwahati,AS,2024-05-25,N
C100769,Yash Dhillon,Kolkata,WB,2023-09-30,Y
C100770,Pooja Mukherjee,Hyderabad,TS,2022-11-15,Y
C100771,Aditya Das,Chandigarh,CH,2024-02-10,N
C100772,Aditya Tiwari,Jaipur,RJ,2023-09-08,N
C100773,Farah Sharma,Nagpur,MH,2024-07-21,N
C100774,Ritika Mishra,Lucknow,UP,2023-02-15,N
C100775,Zoya Khan,Ranchi,JH,2023-09-11,N
C100776,Krishna Arora,Gurugram,HR,2024-03-27,Y
C100777,Harsh D'Souza,Jaipur,RJ,2024-02-21,Y
C100778,Vikram Siddiqui,Bengaluru,KA,2024-01-18,N
C100779,Priya Naidu,Gurugram,HR,2022-08-01,Y
C100780,Deepak Bose,Chennai,TN,2024-10-12,N
C100781,Kavya Ansari,Ranchi,JH,2024-08-19,N
C100782,Tanvi Srivastava,Chennai,TN,2024-03-25,Y
C100783,Geeta Patel,Gurugram,HR,2024-04-17,Y
C100784,Vihaan Dhillon,Chandigarh,CH,2024-08-30,Y
C100785,Gurpreet Qureshi,Nagpur,MH,2022-08-11,N
C100786,Daniel Srivastava,Patna,BR,2023-12-27,Y
C100787,Vikram Patel,Mysuru,KA,2022-12-21,N
C100788,Reyansh Roy,Indore,MP,2023-03-30,Y
C100789,Meera Bose,Surat,GJ,2022-07-23,N
C100790,Vivaan Banerjee,Hyderabad,TS,2022-11-27,Y
C100791,Manpreet Pandey,Dehradun,UK,2023-11-18,Y
C100792,Aadhya Khanna,Visakhapatnam,AP,2023-07-08,N
C100793,Zoya Iyer,Mumbai,MH,2022-12-17,N
C100794,Ritika Chatterjee,Delhi,DL,2023-09-24,N
C100795,Steven Qureshi,Gurugram,HR,2022-11-24,N
C100796,Ananya Tiwari,Chennai,TN,2024-04-14,N
C100797,Vikram Dutta,Noida,UP,2024-10-29,Y
C100798,Aditya Sethi,Kochi,KL,2023-12-17,N
C100799,Saanvi Naidu,Visakhapatnam,AP,2023-05-19,N
C100800,Tarun Chauhan,Nagpur,MH,2024-06-02,N
C100801,Steven Shah,Bengaluru,KA,2023-11-15,N
C100802,Reyansh Reddy,Nagpur,MH,2023-08-02,N
C100803,Megha Kaur,Noida,UP,2023-11-13,N
C100804,Rahul Varghese,Kolkata,WB,2024-08-12,N
C100805,Ritika Kapoor,Chandigarh,CH,2022-08-04,N
C100806,Rahul Singh,Raipur,CG,2024-05-22,Y
C100807,Ankit George,Ahmedabad,GJ,2023-05-08,Y
C100808,Riya Shah,Vadodara,GJ,2024-08-02,N
C100809,Vivaan Dhillon,Nagpur,MH,2023-07-15,Y
C100810,Riya Ghosh,Indore,MP,2024-08-22,N
C100811,Steven Bose,Jaipur,RJ,2024-03-07,N
C100812,Zoya Kapoor,Thiruvananthapuram,KL,2024-12-21,Y
C100813,Krishna Naidu,Patna,BR,2024-11-06,N
C100814,Gurpreet Qureshi,Gurugram,HR,2024-08-11,N
C100815,Steven D'Souza,Coimbatore,TN,2024-03-12,N
C100816,Ayaan Pawar,Visakhapatnam,AP,2022-07-16,N
C100817,Kavya Mathew,Pune,MH,2024-09-10,N
C100818,Rajat Gaikwad,Nagpur,MH,2024-11-08,N
C100819,Amit Gill,Ranchi,JH,2023-04-16,N
C100820,Aditya Sethi,Gurugram,HR,2022-12-05,N
C100821,Simran Saxena,Noida,UP,2023-03-03,N
C100822,Rohan Sandhu,Dehradun,UK,2024-07-18,N
C100823,Mohammed Reddy,Lucknow,UP,2022-08-03,N
C100824,Siddharth Sen,Lucknow,UP,2023-05-06,N
C100825,Tarun Dhillon,Nagpur,MH,2024-11-01,N
C100826,Meera Desai,Indore,MP,2024-02-03,N
C100827,Arjun Kumar,Hyderabad,TS,2023-08-10,Y
C100828,Krishna Fernandes,Kochi,KL,2024-03-02,N
C100829,Priya Gupta,Bengaluru,KA,2023-11-08,N
C100830,Daniel Menon,Bhopal,MP,2024-08-31,N
C100831,Zaid Qureshi,Gurugram,HR,2023-01-10,N
C100832,Ritika Goyal,Coimbatore,TN,2023-02-25,Y
C100833,Ananya Rathore,Delhi,DL,2023-06-18,N
C100834,Steven Sen,Kolkata,WB,2024-08-04,N
C100835,Siddharth Dhillon,Ahmedabad,GJ,2024-02-26,Y
C100836,Manpreet Malhotra,Patna,BR,2023-02-12,Y
C100837,Vikram Pandey,Vadodara,GJ,2024-07-03,N
C100838,Ankit Dutta,Jaipur,RJ,2024-10-16,N
C100839,Zaid Pereira,Kochi,KL,2022-12-25,N
C100840,Diya Sethi,Ranchi,JH,2022-11-21,N
C100841,Vivaan Pereira,Ranchi,JH,2023-06-22,N
C100842,Farah Fernandes,Nashik,MH,2024-12-31,N
C100843,Aarav Sethi,Ahmedabad,GJ,2022-07-25,N
C100844,Suresh Kumar,Dehradun,UK,2024-03-06,N
C100845,Zoya Bhatia,Pune,MH,2024-07-26,N
C100846,Deepak Kapoor,Kochi,KL,2023-01-28,N
C100847,Payal Pereira,Dehradun,UK,2023-06-16,Y
C100848,Joseph Chopra,Visakhapatnam,AP,2023-11-17,N
C100849,Faisal Khan,Surat,GJ,2022-09-01,N
C100850,Gurpreet Khan,Dehradun,UK,2023-11-02,N
C100851,Geeta Roy,Jaipur,RJ,2023-02-19,N
C100852,Arjun Srivastava,Bhubaneswar,OR,2022-11-01,N
C100853,Anjali Banerjee,Bengaluru,KA,2023-03-23,N
C100854,Sai Menon,Mysuru,KA,2024-05-06,N
C100855,Reyansh Desai,Nashik,MH,2024-10-16,N
C100856,Zaid Qureshi,Mysuru,KA,2022-11-29,N
C100857,Sneha Kaur,Nashik,MH,2024-09-13,N
C100858,Amit Patel,Coimbatore,TN,2023-06-03,Y
C100859,Ishaan Chauhan,Guwahati,AS,2024-12-03,N
C100860,Sneha Pillai,Visakhapatnam,AP,2023-04-09,N
C100861,Krishna Nair,Nashik,MH,2024-08-23,N
C100862,Krishna Mathew,Kolkata,WB,2022-12-20,N
C100863,Pranav Trivedi,Patna,BR,2024-07-01,Y
C100864,Dev Saxena,Thiruvananthapuram,KL,2024-03-21,Y
C100865,Varun Mittal,Dehradun,UK,2024-06-17,N
C100866,Rohit Pereira,Visakhapatnam,AP,2023-02-01,Y
C100867,Yash Naidu,Mumbai,MH,2024-06-23,N
C100868,Jaspreet Shah,Pune,MH,2023-01-18,N
C100869,Farah Pereira,Nagpur,MH,2024-08-09,N
C100870,Ayaan Verma,Chennai,TN,2024-05-16,N
C100871,Sunita Gaikwad,Indore,MP,2024-01-23,Y
C100872,Suresh Gill,Thiruvananthapuram,KL,2022-07-22,N
C100873,Harsh Mishra,Dehradun,UK,2022-12-13,Y
C100874,Sunita Patil,Raipur,CG,2024-09-19,Y
C100875,Sunita Sethi,Ahmedabad,GJ,2024-01-30,N
C100876,Yash Yadav,Guwahati,AS,2024-08-23,N
C100877,Swati Desai,Kolkata,WB,2024-10-01,N
C100878,Farah Iyer,Kolkata,WB,2022-09-02,N
C100879,Manpreet Mishra,Lucknow,UP,2024-03-28,N
C100880,Geeta Gupta,Pune,MH,2024-06-08,Y
C100881,Pooja Mathew,Chandigarh,CH,2024-05-22,N
C100882,Deepak Mehta,Jaipur,RJ,2024-11-29,N
C100883,Joseph Mishra,Hyderabad,TS,2022-12-19,N
C100884,Rajat Bose,Jaipur,RJ,2024-09-16,N
C100885,Zaid Pereira,Mysuru,KA,2023-12-08,Y
C100886,Vihaan Trivedi,Surat,GJ,2023-04-02,N
C100887,Zoya Mehta,Ahmedabad,GJ,2023-07-21,N
C100888,Siddharth Srivastava,Mumbai,MH,2023-08-21,N
C100889,Suresh Srivastava,Gurugram,HR,2024-10-26,N
C100890,Kabir D'Souza,Ahmedabad,GJ,2023-05-06,N
C100891,Divya Mathew,Vadodara,GJ,2023-12-27,N
C100892,Bhavna Deshpande,Ahmedabad,GJ,2024-09-30,N
C100893,Ananya Kaur,Chennai,TN,2023-12-11,N
C100894,Rajat Trivedi,Mysuru,KA,2023-08-04,N
C100895,Manpreet Dutta,Jaipur,RJ,2024-09-01,Y
C100896,Manpreet Gupta,Gurugram,HR,2024-01-05,Y
C100897,Mohammed Bhatia,Bhopal,MP,2022-09-15,N
C100898,Harsh Saxena,Thiruvananthapuram,KL,2024-06-14,N
C100899,Sukhwinder Saxena,Nashik,MH,2024-10-06,N
C100900,Ritika Pillai,Bhubaneswar,OR,2023-11-21,N
C100901,Priya Bose,Bengaluru,KA,2024-11-26,Y
C100902,Reyansh Menon,Bhopal,MP,2024-03-25,Y
C100903,Amit Varghese,Gurugram,HR,2024-06-11,Y
C100904,Saanvi Pillai,Chennai,TN,2024-07-02,Y
C100905,Ananya Chopra,Raipur,CG,2023-07-26,Y
C100906,Simran Chopra,Guwahati,AS,2023-05-14,N
C100907,Rohit Pereira,Surat,GJ,2023-12-14,Y
C100908,Pranav Tiwari,Guwahati,AS,2023-03-25,N
C100909,Rahul Sheikh,Bengaluru,KA,2023-08-04,N
C100910,Zaid Malhotra,Coimbatore,TN,2023-04-01,Y
C100911,Rohit Bhatt,Lucknow,UP,2024-07-23,N
C100912,Farah Sandhu,Ahmedabad,GJ,2023-07-03,N
C100913,Krishna Naidu,Mysuru,KA,2023-03-28,Y
C100914,Daniel Malhotra,Nagpur,MH,2022-09-20,N
C100915,Meera Banerjee,Thiruvananthapuram,KL,2024-12-03,N
C100916,Nikhil Kaur,Chandigarh,CH,2023-08-21,Y
C100917,Vihaan Verma,Surat,GJ,2024-01-09,N
C100918,Shreya Banerjee,Guwahati,AS,2024-07-04,Y
C100919,Gurpreet Joshi,Mumbai,MH,2024-02-28,N
C100920,Karan Khan,Gurugram,HR,2024-11-09,N
C100921,Sameer Chauhan,Gurugram,HR,2022-12-11,N
C100922,Megha Bhatt,Patna,BR,2024-11-03,N
C100923,Rajat Khan,Surat,GJ,2023-05-01,N
C100924,Ramesh Sharma,Raipur,CG,2024-04-28,Y
C100925,Aadhya Goyal,Mumbai,MH,2024-12-05,N
C100926,Vikram Bansal,Guwahati,AS,2024-12-18,N
C100927,Komal Agarwal,Kolkata,WB,2024-04-18,N
C100928,Farah Trivedi,Pune,MH,2023-04-18,Y
C100929,Vihaan George,Chandigarh,CH,2024-03-03,N
C100930,Rohit Deshpande,Ranchi,JH,2023-09-07,Y
C100931,Tarun Bhatt,Lucknow,UP,2023-10-06,Y
C100932,Rohan Sen,Bengaluru,KA,2023-11-14,N
C100933,Yash Saxena,Indore,MP,2023-03-07,N
C100934,Om Fernandes,Bhubaneswar,OR,2022-09-16,N
C100935,Tanvi Pawar,Mumbai,MH,2023-11-24,N
C100936,Deepak Pandey,Indore,MP,2023-12-16,N
C100937,Pooja Siddiqui,Bengaluru,KA,2024-06-05,N
C100938,Geeta Qureshi,Guwahati,AS,2023-12-01,N
C100939,Jaspreet Mittal,Pune,MH,2023-02-25,Y
C100940,Divya Shinde,Vadodara,GJ,2022-08-13,N
C100941,Imran Singh,Noida,UP,2024-02-05,N
C100942,Saanvi Mehta,Kochi,KL,2023-11-07,N
C100943,Tenzin Gill,Coimbatore,TN,2024-12-13,N
C100944,Pranav Mishra,Mumbai,MH,2023-11-29,N
C100945,Komal Mehta,Delhi,DL,2023-10-01,N
C100946,Dev Tiwari,Kochi,KL,2022-10-19,Y
C100947,Kunal Mittal,Indore,MP,2024-12-09,N
C100948,Komal Shah,Kochi,KL,2024-07-05,Y
C100949,Mohammed Roy,Kolkata,WB,2023-06-15,Y
C100950,Imran Qureshi,Raipur,CG,2023-10-21,N
C100951,Nisha Agarwal,Dehradun,UK,2023-09-20,N
C100952,Komal Yadav,Surat,GJ,2023-01-15,Y
C100953,Kavya Khan,Gurugram,HR,2023-12-30,N
C100954,Manpreet Joshi,Mysuru,KA,2024-02-07,N
C100955,Tenzin Dutta,Nagpur,MH,2024-07-06,N
C100956,Harsh Naidu,Mysuru,KA,2022-08-03,N
C100957,Anjali Qureshi,Kolkata,WB,2022-11-05,Y
C100958,Kabir Fernandes,Pune,MH,2023-02-20,Y
C100959,Saanvi Gupta,Delhi,DL,2024-05-27,Y
C100960,Krishna Pereira,Indore,MP,2023-08-24,N
C100961,Amit Sharma,Lucknow,UP,2024-08-29,Y
C100962,Ayaan Agarwal,Hyderabad,TS,2022-08-05,N
C100963,Krishna Trivedi,Guwahati,AS,2023-05-03,N
C100964,Riya Shinde,Dehradun,UK,2024-04-24,N
C100965,Lakshmi Shah,Pune,MH,2023-06-25,N
C100966,Thomas Menon,Kochi,KL,2023-10-18,Y
C100967,Neha Shah,Noida,UP,2024-12-17,Y
C100968,Harsh Varghese,Noida,UP,2024-10-07,N
C100969,Vikram Chauhan,Lucknow,UP,2022-09-08,Y
C100970,Zoya Joshi,Mysuru,KA,2023-11-15,N
C100971,Rajat Mukherjee,Bhopal,MP,2024-06-28,N
C100972,Abhishek Nair,Chennai,TN,2023-05-04,N
C100973,Om Mittal,Bhopal,MP,2023-01-17,N
C100974,Sameer Sharma,Bengaluru,KA,2024-10-17,Y
C100975,Deepak Rao,Vadodara,GJ,2023-08-06,N
C100976,Meera Rathore,Delhi,DL,2023-07-23,Y
C100977,Harpreet Mishra,Indore,MP,2024-07-10,N
C100978,Varun Menon,Kochi,KL,2022-09-11,Y
C100979,Siddharth Pereira,Vadodara,GJ,2022-10-28,N
C100980,Rohan D'Souza,Patna,BR,2022-08-25,Y
C100981,Manpreet Iyer,Chennai,TN,2022-10-05,Y
C100982,Isha Agarwal,Patna,BR,2024-04-25,Y
C100983,Rajat Chopra,Visakhapatnam,AP,2022-11-08,N
C100984,Farah Pawar,Bengaluru,KA,2023-04-13,N
C100985,Geeta Ansari,Gurugram,HR,2023-05-04,Y
C100986,Zaid Gaikwad,Chennai,TN,2022-11-27,Y
C100987,Abhishek Naidu,Chennai,TN,2024-02-18,N
C100988,Divya Nair,Lucknow,UP,2024-04-18,N
C100989,Gurpreet Mukherjee,Raipur,CG,2024-06-26,N
C100990,Rajat Jain,Ahmedabad,GJ,2023-04-03,N
C100991,Zaid Singh,Visakhapatnam,AP,2024-07-08,N
C100992,Nikhil Mishra,Delhi,DL,2022-08-31,Y
C100993,Zoya Pereira,Patna,BR,2022-12-17,Y
C100994,Om Jain,Bhubaneswar,OR,2024-02-08,N
C100995,Priya Sheikh,Dehradun,UK,2022-09-20,N
C100996,Amit Trivedi,Noida,UP,2023-12-28,N
C100997,Tanvi Pawar,Bengaluru,KA,2024-12-17,N
C100998,Aishwarya Bose,Nashik,MH,2023-05-13,N
C100999,Ritika Saxena,Dehradun,UK,2023-03-15,N
C101000,Manish Kaur,Vadodara,GJ,2022-08-11,N
C101001,Vikram Khanna,Nagpur,MH,2022-09-14,N
C101002,Kunal Bhatt,Ahmedabad,GJ,2024-07-21,N
C101003,Kavya Shinde,Guwahati,AS,2024-01-23,N
C101004,Thomas Bhatia,Noida,UP,2024-06-29,N
C101005,Ritika D'Souza,Indore,MP,2022-07-17,N
C101006,Swati Mishra,Pune,MH,2024-01-11,Y
C101007,Rohan Gupta,Bengaluru,KA,2023-12-15,N
C101008,Ankit Mehta,Surat,GJ,2023-06-12,N
C101009,Zaid Ghosh,Chandigarh,CH,2024-08-23,N
C101010,Imran Sheikh,Nashik,MH,2023-08-12,N
C101011,Farah Pawar,Nashik,MH,2023-11-24,N
C101012,Karan Tiwari,Kochi,KL,2022-11-05,N
C101013,Sneha Rao,Surat,GJ,2024-06-22,Y
C101014,Arjun Joshi,Hyderabad,TS,2022-11-24,N
C101015,Pooja Das,Visakhapatnam,AP,2024-04-27,N
C101016,Gurpreet George,Patna,BR,2023-06-21,Y
C101017,Suresh Mehta,Delhi,DL,2023-09-11,Y
C101018,Aishwarya Sandhu,Bengaluru,KA,2024-06-11,Y
C101019,Anjali Sheikh,Vadodara,GJ,2023-11-23,N
C101020,Abhishek Bansal,Guwahati,AS,2023-05-11,N
C101021,Divya Dutta,Noida,UP,2023-01-14,N
C101022,Rajat Jadhav,Surat,GJ,2023-02-01,Y
C101023,Lobsang Mathew,Gurugram,HR,2022-10-24,N
C101024,Divya Bhatt,Pune,MH,2023-07-11,N
C101025,Jaspreet Sandhu,Patna,BR,2023-12-29,N
C101026,Ishaan Sheikh,Visakhapatnam,AP,2023-12-06,Y
C101027,Vivaan Singh,Pune,MH,2022-10-20,N
C101028,Rajat Joshi,Bhopal,MP,2022-10-13,N
C101029,Swati Roy,Kochi,KL,2024-01-01,N
C101030,Komal Bhatt,Mysuru,KA,2023-07-28,N
C101031,Bhavna Bhatia,Nagpur,MH,2024-08-01,Y
C101032,Aarav Chatterjee,Pune,MH,2022-10-28,N
C101033,Steven Tiwari,Coimbatore,TN,2024-02-29,N
C101034,Lobsang Rao,Coimbatore,TN,2024-09-20,N
C101035,Kabir Pandey,Lucknow,UP,2023-07-31,N
C101036,Vikram Bhatia,Hyderabad,TS,2024-04-13,N
C101037,Farah Agarwal,Delhi,DL,2024-03-29,Y
C101038,Sukhwinder Bose,Jaipur,RJ,2022-08-31,N
C101039,Vivaan Tiwari,Nashik,MH,2023-09-22,Y
C101040,Isha Varghese,Ahmedabad,GJ,2024-01-09,N
C101041,Sneha Gaikwad,Delhi,DL,2023-05-29,N
C101042,Swati Srivastava,Dehradun,UK,2024-11-18,Y
C101043,Imran Agarwal,Bengaluru,KA,2024-03-20,Y
C101044,Sunita Patil,Bhopal,MP,2022-09-08,Y
C101045,Kunal Reddy,Vadodara,GJ,2024-03-25,N
C101046,Vihaan Kapoor,Nagpur,MH,2024-05-01,N
C101047,Aarav Siddiqui,Chandigarh,CH,2022-07-24,N
C101048,Faisal Yadav,Bhopal,MP,2024-12-09,Y
C101049,Neha Siddiqui,Ranchi,JH,2024-04-26,N
C101050,Manpreet Siddiqui,Mumbai,MH,2023-06-01,N
C101051,Imran Singh,Indore,MP,2023-09-25,N
C101052,Ramesh Shah,Hyderabad,TS,2022-08-23,N
C101053,Deepak Dutta,Kolkata,WB,2024-04-24,Y
C101054,Ayaan Menon,Delhi,DL,2022-11-17,Y
C101055,Tenzin Pereira,Nashik,MH,2023-01-05,N
C101056,Amit Reddy,Guwahati,AS,2022-07-26,Y
C101057,Payal Bhatt,Noida,UP,2023-04-18,Y
C101058,Om Roy,Visakhapatnam,AP,2023-01-08,N
C101059,Zoya Banerjee,Bhopal,MP,2024-08-22,N
C101060,Daniel Ghosh,Mumbai,MH,2022-08-12,N
C101061,Aadhya Shah,Thiruvananthapuram,KL,2024-07-11,Y
C101062,Arjun Gaikwad,Chandigarh,CH,2023-04-26,N
C101063,Vihaan Srivastava,Bhopal,MP,2024-02-05,Y
C101064,Sunita Ansari,Visakhapatnam,AP,2022-08-14,Y
C101065,Reyansh Shinde,Patna,BR,2022-07-22,N
C101066,Payal Pillai,Ahmedabad,GJ,2023-06-03,Y
C101067,Diya Menon,Noida,UP,2024-07-23,Y
C101068,Manish Sandhu,Nashik,MH,2024-11-21,N
C101069,Nikhil Kaur,Hyderabad,TS,2024-06-03,N
C101070,Ritika Bhatt,Kochi,KL,2024-05-13,N
C101071,Siddharth Jadhav,Indore,MP,2022-10-24,N
C101072,Ayaan George,Gurugram,HR,2023-09-17,Y
C101073,Sai Tiwari,Pune,MH,2022-11-23,N
C101074,Sukhwinder Mathew,Ranchi,JH,2023-04-01,N
C101075,Rohit Mukherjee,Vadodara,GJ,2023-02-27,N
C101076,Imran Kaur,Bhopal,MP,2024-06-25,N
C101077,Deepak Mishra,Kochi,KL,2022-09-14,Y
C101078,Komal George,Ranchi,JH,2023-10-26,N
C101079,Sukhwinder Qureshi,Raipur,CG,2023-09-22,N
C101080,Pooja Chatterjee,Bengaluru,KA,2024-09-20,N
C101081,Karan Bhatt,Kolkata,WB,2024-10-12,N
C101082,Bhavna Sharma,Ranchi,JH,2023-09-30,N
C101083,Payal Mehta,Ranchi,JH,2022-10-18,Y
C101084,Deepak Ghosh,Gurugram,HR,2024-03-11,Y
C101085,Farah Pandey,Jaipur,RJ,2024-06-06,N
C101086,Rahul Mathew,Bengaluru,KA,2023-05-11,N
C101087,Ananya Chatterjee,Raipur,CG,2023-01-28,N
C101088,Dev Gaikwad,Guwahati,AS,2024-07-22,Y
C101089,Thomas Patel,Kolkata,WB,2024-01-15,Y
C101090,Bhavna Kapoor,Delhi,DL,2022-08-21,Y
C101091,Mohammed Ansari,Gurugram,HR,2024-12-24,N
C101092,Swati Gill,Nashik,MH,2024-08-15,N
C101093,Neha Kaur,Jaipur,RJ,2024-01-26,Y
C101094,Steven Pawar,Chennai,TN,2024-11-01,Y
C101095,Tarun Tiwari,Mumbai,MH,2024-03-22,N
C101096,Saanvi Pandey,Chandigarh,CH,2024-05-13,N
C101097,Nikhil Bose,Mumbai,MH,2023-01-01,Y
C101098,Faisal Ghosh,Chandigarh,CH,2023-10-23,N
C101099,Lobsang Deshpande,Delhi,DL,2024-08-26,N
C101100,Karan Shinde,Thiruvananthapuram,KL,2023-08-28,Y
C101101,Priya Chopra,Chennai,TN,2024-01-03,Y
C101102,Yash Rao,Dehradun,UK,2023-05-08,Y
C101103,Tarun Bansal,Kolkata,WB,2022-09-22,N
C101104,Vikram Roy,Mysuru,KA,2023-01-17,Y
C101105,Aishwarya Pillai,Dehradun,UK,2022-11-20,Y
C101106,Bhavna Bhatt,Coimbatore,TN,2023-10-01,N
C101107,Varun Sheikh,Surat,GJ,2023-10-09,Y
C101108,Shreya Desai,Nashik,MH,2024-06-20,N
C101109,Yash Mishra,Jaipur,RJ,2023-04-10,N
C101110,Manish Mukherjee,Nagpur,MH,2023-09-02,N
C101111,Daniel Menon,Nashik,MH,2024-10-12,N
C101112,Nisha Kumar,Thiruvananthapuram,KL,2023-06-09,N
C101113,Zoya Fernandes,Kochi,KL,2024-09-01,N
C101114,Geeta Desai,Bhopal,MP,2022-08-05,Y
C101115,Zaid Mishra,Coimbatore,TN,2023-01-27,N
C101116,Deepak Mukherjee,Mumbai,MH,2024-11-11,Y
C101117,Ankit Goyal,Vadodara,GJ,2024-07-26,N
C101118,Ayaan Dutta,Chandigarh,CH,2023-10-27,Y
C101119,Karan Yadav,Hyderabad,TS,2024-01-26,Y
C101120,Om Sethi,Mumbai,MH,2024-05-28,N
C101121,Kavya Joshi,Raipur,CG,2023-11-15,Y
C101122,Gurpreet Roy,Indore,MP,2024-05-11,N
C101123,Ishaan Agarwal,Indore,MP,2023-03-19,Y
C101124,Harpreet Roy,Lucknow,UP,2023-11-13,N
C101125,Pranav Pereira,Ranchi,JH,2023-09-03,Y
C101126,Daniel Srivastava,Surat,GJ,2024-07-18,N
C101127,Ayaan Sandhu,Surat,GJ,2024-01-30,N
C101128,Isha Naidu,Mumbai,MH,2024-07-11,N
C101129,Ananya Shinde,Gurugram,HR,2023-07-27,N
C101130,Isha Agarwal,Surat,GJ,2023-11-04,N
C101131,Bhavna Jadhav,Bengaluru,KA,2023-11-16,N
C101132,Lakshmi Roy,Kolkata,WB,2023-09-18,N
C101133,Sunita Bhatia,Ranchi,JH,2023-10-13,N
C101134,Abhishek Reddy,Chandigarh,CH,2024-06-06,N
C101135,Priya Mathew,Noida,UP,2024-06-19,Y
C101136,Lobsang Patel,Chennai,TN,2022-07-16,N
C101137,Gurpreet Sheikh,Bengaluru,KA,2023-11-07,N
C101138,Vihaan D'Souza,Gurugram,HR,2024-10-11,N
C101139,Kunal Fernandes,Surat,GJ,2022-12-07,N
C101140,Imran Das,Guwahati,AS,2023-03-20,N
C101141,Suresh Mukherjee,Chandigarh,CH,2023-02-05,Y
C101142,Ayaan Srivastava,Nagpur,MH,2022-12-30,Y
C101143,Isha Jadhav,Mumbai,MH,2024-01-09,N
C101144,Kabir Verma,Mysuru,KA,2024-08-17,Y
C101145,Lobsang Naidu,Jaipur,RJ,2024-12-01,N
C101146,Mohammed Rathore,Visakhapatnam,AP,2022-10-25,Y
C101147,Shreya Ghosh,Mysuru,KA,2022-08-16,N
C101148,Arjun Shinde,Chennai,TN,2022-11-14,N
C101149,Farah Yadav,Hyderabad,TS,2024-10-29,N
C101150,Rajat Chauhan,Kolkata,WB,2023-08-17,N
C101151,Varun Jadhav,Bhubaneswar,OR,2024-04-01,Y
C101152,Swati Goyal,Kochi,KL,2023-05-20,N
C101153,Pranav Rao,Nashik,MH,2022-10-01,N
C101154,Manish Qureshi,Ranchi,JH,2024-02-19,N
C101155,Amit Pandey,Surat,GJ,2024-01-21,N
C101156,Krishna Siddiqui,Dehradun,UK,2024-07-03,N
C101157,Tenzin Varghese,Indore,MP,2023-03-30,N
C101158,Manish Shah,Raipur,CG,2023-05-12,Y
C101159,Om Varghese,Delhi,DL,2023-06-07,Y
C101160,Priya Bhatt,Bhubaneswar,OR,2022-08-02,N
C101161,Swati Patil,Bhubaneswar,OR,2022-07-20,Y
C101162,Rajat Reddy,Bhubaneswar,OR,2024-08-18,N
C101163,Farah Dutta,Bhopal,MP,2022-12-20,Y
C101164,Rohan Joshi,Patna,BR,2024-06-10,Y
C101165,Sameer Desai,Surat,GJ,2023-01-21,Y
C101166,Sukhwinder Rao,Mysuru,KA,2023-08-21,N
C101167,Sameer Gupta,Indore,MP,2024-04-09,N
C101168,Amit Khanna,Bhopal,MP,2024-09-09,N
C101169,Kavya Ansari,Kochi,KL,2023-11-11,N
C101170,Rohan Gaikwad,Mysuru,KA,2023-10-02,Y
C101171,Sameer Desai,Noida,UP,2024-10-27,N
C101172,Diya Rao,Gurugram,HR,2023-03-20,Y
C101173,Deepak Bhatia,Noida,UP,2024-03-13,N
C101174,Imran Mukherjee,Guwahati,AS,2022-09-20,N
C101175,Reyansh Patil,Nagpur,MH,2024-04-13,N
C101176,Sukhwinder Bose,Chennai,TN,2024-12-30,N
C101177,Arjun Joshi,Patna,BR,2022-08-18,N
C101178,Jaspreet Fernandes,Kochi,KL,2024-01-22,N
C101179,Sai Chopra,Chennai,TN,2024-12-27,N
C101180,Yash Rao,Noida,UP,2024-06-12,N
C101181,Anjali Gaikwad,Surat,GJ,2023-09-04,N
C101182,Lakshmi Dutta,Kochi,KL,2024-04-12,N
C101183,Rohan Kulkarni,Delhi,DL,2024-09-27,N
C101184,Daniel Mittal,Mysuru,KA,2023-12-16,N
C101185,Vikram Verma,Bengaluru,KA,2022-08-18,N
C101186,Suresh Gill,Pune,MH,2024-03-05,N
C101187,Sai Singh,Chandigarh,CH,2024-01-18,Y
C101188,Amit Rao,Kolkata,WB,2024-02-01,N
C101189,Sai Deshpande,Bhubaneswar,OR,2023-02-24,N
C101190,Lakshmi Jadhav,Kolkata,WB,2023-05-14,N
C101191,Kunal Khan,Noida,UP,2023-11-19,N
C101192,Ayaan Gill,Guwahati,AS,2024-11-09,N
C101193,Megha Srivastava,Thiruvananthapuram,KL,2022-08-11,Y
C101194,Ananya Chopra,Raipur,CG,2024-08-17,N
C101195,Krishna Khan,Nagpur,MH,2024-06-15,Y
C101196,Vikram Mehta,Gurugram,HR,2024-10-18,N
C101197,Megha Mittal,Surat,GJ,2024-11-24,N
C101198,Nisha Pillai,Mumbai,MH,2024-10-17,N
C101199,Nikhil Deshpande,Jaipur,RJ,2024-03-14,N
C101200,Tenzin Mukherjee,Mumbai,MH,2024-08-05,N
C101201,Siddharth Jadhav,Kochi,KL,2023-11-28,Y
C101202,Megha Dhillon,Guwahati,AS,2023-01-08,N
C101203,Kunal Rao,Ahmedabad,GJ,2024-02-07,N
C101204,Rahul D'Souza,Indore,MP,2024-04-01,N
C101205,Arjun Khanna,Hyderabad,TS,2023-02-01,N
C101206,Ritika Naidu,Lucknow,UP,2024-07-25,N
C101207,Megha Sheikh,Thiruvananthapuram,KL,2024-04-02,N
C101208,Manish Trivedi,Coimbatore,TN,2023-11-07,N
C101209,Imran Patel,Visakhapatnam,AP,2023-06-07,N
C101210,Zaid Mishra,Thiruvananthapuram,KL,2022-10-01,N
C101211,Aditya Fernandes,Mumbai,MH,2023-08-02,Y
C101212,Faisal Shah,Nashik,MH,2024-12-24,Y
C101213,Sameer Sethi,Visakhapatnam,AP,2024-01-21,Y
C101214,Isha Yadav,Visakhapatnam,AP,2023-06-09,N
C101215,Krishna Fernandes,Nagpur,MH,2024-11-21,Y
C101216,Abhishek Gaikwad,Dehradun,UK,2024-04-08,Y
C101217,Swati Arora,Delhi,DL,2024-01-20,N
C101218,Priya Chopra,Nashik,MH,2022-10-17,N
C101219,Amit Singh,Indore,MP,2024-04-07,Y
C101220,Geeta Ansari,Visakhapatnam,AP,2024-10-15,N
C101221,Siddharth Shinde,Kolkata,WB,2024-05-21,N
C101222,Rajat George,Thiruvananthapuram,KL,2024-10-12,Y
C101223,Payal Pawar,Lucknow,UP,2024-12-24,Y
C101224,Daniel Chauhan,Raipur,CG,2022-07-16,Y
C101225,Harsh Mukherjee,Dehradun,UK,2023-02-24,Y
C101226,Megha Arora,Coimbatore,TN,2023-05-18,N
C101227,Harpreet Verma,Raipur,CG,2024-02-01,N
C101228,Priya Sandhu,Noida,UP,2024-09-06,Y
C101229,Payal Shinde,Ranchi,JH,2024-08-02,N
C101230,Varun Fernandes,Chennai,TN,2024-11-20,N
C101231,Aditya Siddiqui,Bhubaneswar,OR,2024-01-13,N
C101232,Jaspreet Roy,Lucknow,UP,2024-07-08,N
C101233,Aadhya Kaur,Surat,GJ,2022-10-27,Y
C101234,Sameer Pillai,Indore,MP,2023-02-22,N
C101235,Arjun Patel,Surat,GJ,2023-05-07,N
C101236,Rajat Fernandes,Ranchi,JH,2023-08-15,N
C101237,Mohammed Reddy,Mysuru,KA,2024-07-17,N
C101238,Komal Mishra,Mumbai,MH,2023-03-27,N
C101239,Varun Singh,Thiruvananthapuram,KL,2023-08-19,N
C101240,Pranav Verma,Bengaluru,KA,2023-05-06,N
C101241,Neha Kapoor,Guwahati,AS,2023-03-06,N
C101242,Zaid Chopra,Bhubaneswar,OR,2023-04-14,N
C101243,Gurpreet Ansari,Noida,UP,2023-05-04,Y
C101244,Imran Shah,Raipur,CG,2024-11-29,N
C101245,Steven Kumar,Bhubaneswar,OR,2023-05-03,N
C101246,Krishna Tiwari,Dehradun,UK,2023-01-18,N
C101247,Mohammed Gaikwad,Surat,GJ,2022-11-11,Y
C101248,Isha Khanna,Coimbatore,TN,2022-08-07,N
C101249,Sukhwinder Sheikh,Indore,MP,2024-09-10,Y
C101250,Aishwarya Srivastava,Chandigarh,CH,2024-09-06,N
C101251,Pooja Khanna,Guwahati,AS,2024-09-14,N
C101252,Imran Chauhan,Ahmedabad,GJ,2023-06-28,N
C101253,Zaid Goyal,Coimbatore,TN,2023-04-07,N
C101254,Bhavna Tiwari,Bhopal,MP,2022-09-11,N
C101255,Kavya Fernandes,Jaipur,RJ,2022-08-17,Y
C101256,Tanvi Tiwari,Mysuru,KA,2024-03-20,N
C101257,Rohit Banerjee,Bengaluru,KA,2022-12-23,Y
C101258,Reyansh Pawar,Visakhapatnam,AP,2024-12-13,N
C101259,Bhavna Mukherjee,Hyderabad,TS,2023-08-24,Y
C101260,Yash Verma,Dehradun,UK,2023-12-24,Y
C101261,Kabir Agarwal,Chandigarh,CH,2023-01-22,N
C101262,Harsh Khan,Jaipur,RJ,2024-07-17,N
C101263,Suresh Gaikwad,Nashik,MH,2023-06-13,N
C101264,Lakshmi Dhillon,Gurugram,HR,2024-01-19,N
C101265,Karan Mittal,Delhi,DL,2022-09-03,N
C101266,Gurpreet Menon,Bhubaneswar,OR,2023-11-03,N
C101267,Vivaan Yadav,Pune,MH,2023-01-10,N
C101268,Steven Sharma,Ahmedabad,GJ,2024-10-17,N
C101269,Karan Malhotra,Noida,UP,2024-01-15,N
C101270,Arjun Chatterjee,Lucknow,UP,2023-01-15,Y
C101271,Simran Shinde,Chennai,TN,2024-09-01,Y
C101272,Rohit Mukherjee,Bhubaneswar,OR,2023-10-26,N
C101273,Karan George,Bhopal,MP,2023-04-22,N
C101274,Sukhwinder Desai,Bengaluru,KA,2024-06-06,N
C101275,Vivaan Nair,Guwahati,AS,2024-07-19,N
C101276,Rohit Bansal,Kochi,KL,2024-02-17,Y
C101277,Bhavna Menon,Dehradun,UK,2023-04-13,N
C101278,Pranav Saxena,Noida,UP,2024-07-16,N
C101279,Ankit Bose,Noida,UP,2023-06-19,N
C101280,Steven Desai,Mumbai,MH,2023-11-20,N
C101281,Krishna Ansari,Nashik,MH,2023-01-03,Y
C101282,Manish Shinde,Raipur,CG,2024-01-08,N
C101283,Ananya Banerjee,Ahmedabad,GJ,2024-03-28,N
C101284,Manpreet Bhatt,Lucknow,UP,2024-12-07,N
C101285,Varun Gaikwad,Patna,BR,2023-06-28,Y
C101286,Manish Shinde,Indore,MP,2023-03-19,N
C101287,Lakshmi Shinde,Bhopal,MP,2024-08-13,N
C101288,Sai Menon,Ranchi,JH,2023-07-25,Y
C101289,Reyansh D'Souza,Nagpur,MH,2023-03-23,N
C101290,Simran Kulkarni,Ahmedabad,GJ,2023-08-28,N
C101291,Sukhwinder Srivastava,Vadodara,GJ,2023-12-20,N
C101292,Swati Gaikwad,Jaipur,RJ,2023-12-09,Y
C101293,Daniel Tiwari,Bengaluru,KA,2023-06-25,N
C101294,Tanvi Fernandes,Patna,BR,2024-02-21,N
C101295,Lobsang Mehta,Delhi,DL,2024-06-26,N
C101296,Geeta Siddiqui,Coimbatore,TN,2024-06-08,N
C101297,Sneha D'Souza,Patna,BR,2023-10-01,N
C101298,Divya Shinde,Patna,BR,2022-11-15,Y
C101299,Vivaan Pandey,Patna,BR,2023-11-24,N
C101300,Dev Sandhu,Visakhapatnam,AP,2023-12-25,N
C101301,Manpreet Das,Nashik,MH,2023-05-25,N
C101302,Geeta Pereira,Nashik,MH,2024-01-05,N
C101303,Siddharth Dutta,Bhopal,MP,2022-09-01,Y
C101304,Abhishek Das,Vadodara,GJ,2023-06-18,N
C101305,Sukhwinder Saxena,Bhopal,MP,2023-10-01,Y
C101306,Simran Mehta,Kolkata,WB,2022-11-24,N
C101307,Rahul Naidu,Noida,UP,2024-10-24,Y
C101308,Aadhya Bose,Ranchi,JH,2022-10-24,N
C101309,Vihaan Rao,Surat,GJ,2023-06-22,N
C101310,Om Patil,Chandigarh,CH,2024-12-15,N
C101311,Reyansh Das,Chennai,TN,2022-12-13,N
C101312,Aishwarya Menon,Bhopal,MP,2022-12-24,N
C101313,Riya Malhotra,Surat,GJ,2022-08-20,N
C101314,Rahul Ansari,Bhopal,MP,2024-05-22,N
C101315,Tanvi Reddy,Bengaluru,KA,2023-03-02,Y
C101316,Priya Ghosh,Patna,BR,2024-08-08,N
C101317,Mohammed Chauhan,Bhopal,MP,2023-10-04,Y
C101318,Megha Kumar,Bengaluru,KA,2022-10-11,Y
C101319,Arjun Bansal,Gurugram,HR,2023-06-20,Y
C101320,Zaid Sethi,Chandigarh,CH,2023-09-29,Y
C101321,Nikhil Ghosh,Chennai,TN,2023-02-05,N
C101322,Mohammed Siddiqui,Bengaluru,KA,2023-12-11,N
C101323,Nisha Mukherjee,Raipur,CG,2024-12-24,N
C101324,Tarun Kumar,Nagpur,MH,2024-09-10,N
C101325,Lakshmi Khan,Raipur,CG,2023-07-08,N
C101326,Payal Jadhav,Guwahati,AS,2023-10-20,N
C101327,Om Sen,Coimbatore,TN,2022-12-21,N
C101328,Ishaan Siddiqui,Hyderabad,TS,2024-01-26,N
C101329,Dev Gill,Noida,UP,2024-02-02,Y
C101330,Deepak Sethi,Nagpur,MH,2023-06-29,N
C101331,Mohammed Bose,Visakhapatnam,AP,2024-01-21,Y
C101332,Karan Ghosh,Bhubaneswar,OR,2024-07-31,N
C101333,Geeta Pereira,Dehradun,UK,2024-10-22,Y
C101334,Pooja Bhatt,Jaipur,RJ,2024-01-07,N
C101335,Tarun Pandey,Pune,MH,2022-07-31,N
C101336,Manpreet Mishra,Coimbatore,TN,2022-07-18,Y
C101337,Kabir Mishra,Dehradun,UK,2024-11-29,N
C101338,Vivaan Kaur,Vadodara,GJ,2022-09-01,Y
C101339,Sukhwinder Tiwari,Kolkata,WB,2023-02-12,N
C101340,Simran Sen,Bengaluru,KA,2024-05-08,N
C101341,Joseph Bansal,Thiruvananthapuram,KL,2025-01-01,N
C101342,Rohit Patel,Vadodara,GJ,2024-04-12,Y
C101343,Bhavna Kumar,Hyderabad,TS,2025-01-01,N
C101344,Farah Sethi,Kochi,KL,2023-11-25,Y
C101345,Rohan Jadhav,Lucknow,UP,2023-09-19,Y
C101346,Sai Banerjee,Delhi,DL,2024-08-07,N
C101347,Manpreet Dhillon,Jaipur,RJ,2023-01-12,N
C101348,Lakshmi Goyal,Noida,UP,2024-12-22,N
C101349,Jaspreet Kulkarni,Pune,MH,2024-07-31,N
C101350,Vihaan Rao,Indore,MP,2024-07-15,N
C101351,Ramesh Ansari,Gurugram,HR,2023-12-30,Y
C101352,Rohan Kumar,Chandigarh,CH,2024-05-04,N
C101353,Sameer Patil,Visakhapatnam,AP,2024-02-21,N
C101354,Pranav Malhotra,Bhubaneswar,OR,2024-06-29,N
C101355,Vikram Pandey,Patna,BR,2024-03-11,N
C101356,Dev Fernandes,Kolkata,WB,2024-08-10,N
C101357,Ankit Patel,Hyderabad,TS,2023-11-08,N
C101358,Ayaan Jadhav,Mumbai,MH,2024-12-05,N
C101359,Varun Verma,Chennai,TN,2022-08-13,N
C101360,Krishna Agarwal,Noida,UP,2022-09-05,Y
C101361,Dev Joshi,Surat,GJ,2023-04-04,N
C101362,Riya Desai,Mumbai,MH,2024-08-01,Y
C101363,Anjali George,Mysuru,KA,2023-09-19,Y
C101364,Thomas Dhillon,Bhubaneswar,OR,2022-08-07,N
C101365,Megha Kulkarni,Coimbatore,TN,2024-10-25,N
C101366,Neha Bhatt,Ranchi,JH,2023-09-26,Y
C101367,Nikhil Sen,Jaipur,RJ,2023-04-23,N
C101368,Yash Mittal,Hyderabad,TS,2023-06-21,N
C101369,Rahul Gupta,Nagpur,MH,2023-09-30,N
C101370,Harpreet Khanna,Chandigarh,CH,2024-09-14,N
C101371,Sai Verma,Bhubaneswar,OR,2024-06-29,N
C101372,Priya Dutta,Mysuru,KA,2024-07-07,N
C101373,Vikram Dutta,Noida,UP,2023-10-10,N
C101374,Kabir Tiwari,Patna,BR,2023-07-11,N
C101375,Zoya Tiwari,Chandigarh,CH,2023-10-23,N
C101376,Ayaan Sheikh,Vadodara,GJ,2023-12-20,N
C101377,Priya Malhotra,Thiruvananthapuram,KL,2024-01-14,N
C101378,Komal Mishra,Kochi,KL,2024-03-07,Y
C101379,Thomas Roy,Pune,MH,2023-09-13,N
C101380,Zaid Roy,Coimbatore,TN,2022-09-20,N
C101381,Harsh Agarwal,Chennai,TN,2023-12-01,N
C101382,Steven Shah,Chennai,TN,2023-01-19,N
C101383,Rahul Bose,Nagpur,MH,2024-01-22,Y
C101384,Deepak Tiwari,Surat,GJ,2022-08-18,Y
C101385,Ankit Sharma,Nagpur,MH,2024-06-13,Y
C101386,Simran Dutta,Raipur,CG,2024-12-26,N
C101387,Swati Tiwari,Dehradun,UK,2024-08-30,N
C101388,Sameer Mishra,Chennai,TN,2022-08-27,N
C101389,Pranav Sandhu,Thiruvananthapuram,KL,2023-01-04,Y
C101390,Shreya Bansal,Nashik,MH,2024-02-17,Y
C101391,Zaid Sharma,Indore,MP,2024-04-09,Y
C101392,Tarun Khanna,Lucknow,UP,2024-03-17,Y
C101393,Jaspreet Bhatt,Gurugram,HR,2022-11-26,Y
C101394,Suresh Shah,Pune,MH,2024-03-13,Y
C101395,Mohammed Mishra,Surat,GJ,2023-07-27,N
C101396,Rohit Sharma,Ahmedabad,GJ,2024-06-07,Y
C101397,Abhishek Ansari,Chennai,TN,2024-09-13,Y
C101398,Mohammed Mittal,Nashik,MH,2022-10-22,N
C101399,Sneha Shah,Mumbai,MH,2024-08-09,N
C101400,Mohammed Shah,Surat,GJ,2023-12-11,N
C101401,Karan Qureshi,Vadodara,GJ,2023-09-17,Y
C101402,Meera Sharma,Kochi,KL,2023-09-21,N
C101403,Faisal Deshpande,Jaipur,RJ,2024-09-27,N
C101404,Swati Sandhu,Coimbatore,TN,2023-09-28,Y
C101405,Faisal Rao,Indore,MP,2023-07-09,N
C101406,Tarun Sandhu,Ranchi,JH,2023-07-26,N
C101407,Swati Bansal,Chennai,TN,2024-06-01,N
C101408,Mohammed Srivastava,Guwahati,AS,2024-05-04,Y
C101409,Ananya Trivedi,Delhi,DL,2023-01-01,N
C101410,Manpreet Fernandes,Gurugram,HR,2023-03-13,N
C101411,Lobsang Chopra,Mysuru,KA,2024-12-23,N
C101412,Arjun Naidu,Visakhapatnam,AP,2023-12-21,Y
C101413,Steven Pereira,Kochi,KL,2022-11-29,N
C101414,Saanvi Chauhan,Raipur,CG,2023-01-27,N
C101415,Komal Chauhan,Bhopal,MP,2024-11-01,N
C101416,Gurpreet Malhotra,Bengaluru,KA,2023-09-02,N
C101417,Mohammed Menon,Delhi,DL,2024-08-16,N
C101418,Tanvi Singh,Bengaluru,KA,2024-08-26,Y
C101419,Bhavna D'Souza,Bhubaneswar,OR,2024-07-08,Y
C101420,Pranav Khan,Gurugram,HR,2023-09-10,N
C101421,Sukhwinder Shinde,Nagpur,MH,2022-08-30,N
C101422,Lakshmi Gaikwad,Nagpur,MH,2024-05-08,Y
C101423,Vihaan Verma,Jaipur,RJ,2023-06-13,Y
C101424,Meera Pillai,Mumbai,MH,2022-08-06,N
C101425,Sukhwinder Menon,Gurugram,HR,2024-05-06,N
C101426,Siddharth D'Souza,Visakhapatnam,AP,2024-05-29,Y
C101427,Ramesh Sheikh,Vadodara,GJ,2023-02-07,N
C101428,Karan Sen,Kochi,KL,2022-12-16,N
C101429,Nisha Ansari,Patna,BR,2024-11-06,N
C101430,Reyansh Srivastava,Dehradun,UK,2023-01-01,N
C101431,Rajat Shah,Visakhapatnam,AP,2024-04-17,N
C101432,Karan Deshpande,Dehradun,UK,2023-12-16,N
C101433,Daniel Khanna,Kolkata,WB,2022-11-17,N
C101434,Thomas Bhatt,Dehradun,UK,2023-01-04,N
C101435,Neha Tiwari,Vadodara,GJ,2023-04-02,N
C101436,Tarun Naidu,Visakhapatnam,AP,2022-08-25,N
C101437,Aditya Agarwal,Jaipur,RJ,2022-08-22,N
C101438,Aishwarya Ghosh,Noida,UP,2024-04-01,N
C101439,Steven Fernandes,Ahmedabad,GJ,2023-11-16,N
C101440,Neha Iyer,Patna,BR,2024-02-28,Y
C101441,Ankit Verma,Nashik,MH,2023-09-24,N
C101442,Aishwarya Bhatia,Dehradun,UK,2024-11-04,N
C101443,Joseph Nair,Chennai,TN,2022-12-02,N
C101444,Tenzin Jadhav,Lucknow,UP,2023-12-08,Y
C101445,Sunita Bansal,Mumbai,MH,2024-01-27,Y
C101446,Karan Gupta,Mumbai,MH,2022-11-13,N
C101447,Siddharth Tiwari,Bhopal,MP,2023-12-04,N
C101448,Saanvi Bansal,Ranchi,JH,2024-12-31,N
C101449,Rahul Rao,Guwahati,AS,2024-11-22,N
C101450,Thomas Gill,Noida,UP,2023-06-27,Y
C101451,Nisha Bhatt,Visakhapatnam,AP,2024-06-24,N
C101452,Varun Mishra,Chandigarh,CH,2023-07-01,N
C101453,Nisha Pereira,Nashik,MH,2023-11-07,N
C101454,Tenzin Fernandes,Ranchi,JH,2024-01-11,N
C101455,Deepak Fernandes,Kochi,KL,2024-06-25,Y
C101456,Pooja Bhatt,Raipur,CG,2023-11-09,N
C101457,Payal Arora,Chennai,TN,2023-05-26,N
C101458,Anjali Khanna,Gurugram,HR,2023-06-09,Y
C101459,Ritika Kumar,Chandigarh,CH,2024-04-13,N
C101460,Abhishek Goyal,Delhi,DL,2023-03-06,Y
C101461,Geeta Sheikh,Thiruvananthapuram,KL,2023-07-21,N
C101462,Rohit Fernandes,Nagpur,MH,2024-09-14,N
C101463,Divya Reddy,Chandigarh,CH,2023-06-17,N
C101464,Sneha Bhatt,Gurugram,HR,2022-09-28,N
C101465,Sneha Singh,Nashik,MH,2023-05-22,N
C101466,Vihaan Khan,Dehradun,UK,2024-11-23,Y
C101467,Neha Kapoor,Thiruvananthapuram,KL,2024-04-04,N
C101468,Anjali Mukherjee,Dehradun,UK,2023-05-31,Y
C101469,Sai Pawar,Ranchi,JH,2023-10-15,N
C101470,Nikhil Chatterjee,Kochi,KL,2023-03-14,Y
C101471,Arjun Arora,Bengaluru,KA,2022-08-01,Y
C101472,Thomas Sharma,Coimbatore,TN,2022-10-08,N
C101473,Bhavna Trivedi,Raipur,CG,2022-11-19,N
C101474,Aadhya Mukherjee,Noida,UP,2023-10-04,N
C101475,Kunal Sethi,Nagpur,MH,2023-05-23,Y
C101476,Arjun Kapoor,Delhi,DL,2022-09-01,N
C101477,Tanvi Kulkarni,Bhopal,MP,2023-09-02,N
C101478,Aarav Nair,Pune,MH,2024-12-19,N
C101479,Kunal Srivastava,Raipur,CG,2024-10-31,Y
C101480,Ankit Dutta,Kochi,KL,2024-07-21,Y
C101481,Lobsang Mishra,Bhubaneswar,OR,2024-03-07,N
C101482,Nikhil Naidu,Pune,MH,2024-08-09,N
C101483,Ayaan Mishra,Kolkata,WB,2023-06-10,N
C101484,Karan Mukherjee,Gurugram,HR,2024-03-09,N
C101485,Lobsang Desai,Bhubaneswar,OR,2022-10-03,N
C101486,Sameer Menon,Thiruvananthapuram,KL,2024-01-30,N
C101487,Varun Iyer,Kochi,KL,2023-07-27,N
C101488,Rahul Pillai,Gurugram,HR,2023-12-10,Y
C101489,Zaid Das,Ahmedabad,GJ,2023-06-13,Y
C101490,Nisha Ghosh,Gurugram,HR,2024-06-12,N
C101491,Simran Mishra,Chandigarh,CH,2024-04-20,Y
C101492,Mohammed Arora,Thiruvananthapuram,KL,2022-10-23,N
C101493,Aadhya Khanna,Chandigarh,CH,2023-05-22,N
C101494,Ankit Sen,Ahmedabad,GJ,2024-01-09,N
C101495,Payal Mukherjee,Kochi,KL,2023-04-27,Y
C101496,Jaspreet Nair,Mysuru,KA,2022-10-01,N
C101497,Vivaan Qureshi,Nashik,MH,2023-11-17,Y
C101498,Pooja Rathore,Bhubaneswar,OR,2024-01-17,N
C101499,Pooja Ansari,Bhubaneswar,OR,2024-02-02,N
C101500,Yash Pandey,Chennai,TN,2023-07-25,N
C101501,Vihaan Chatterjee,Surat,GJ,2024-11-14,Y
C101502,Ayaan Das,Coimbatore,TN,2023-08-18,N
C101503,Amit Sheikh,Chandigarh,CH,2023-06-03,N
C101504,Vikram Jain,Bhubaneswar,OR,2023-12-07,Y
C101505,Vihaan Bhatt,Pune,MH,2022-10-16,N
C101506,Deepak Jadhav,Ranchi,JH,2023-08-26,Y
C101507,Rohan Goyal,Patna,BR,2022-12-01,Y
C101508,Karan Yadav,Noida,UP,2023-08-26,N
C101509,Tanvi Mishra,Nashik,MH,2024-05-18,N
C101510,Ayaan Sethi,Patna,BR,2022-12-13,Y
C101511,Varun Sheikh,Bhubaneswar,OR,2023-05-16,N
C101512,Komal Desai,Noida,UP,2024-08-16,N
C101513,Aadhya Iyer,Indore,MP,2023-09-09,N
C101514,Siddharth Sethi,Bhubaneswar,OR,2023-09-26,N
C101515,Daniel D'Souza,Dehradun,UK,2024-05-04,N
C101516,Om Nair,Bhubaneswar,OR,2023-02-16,N
C101517,Ankit Bansal,Indore,MP,2024-05-02,N
C101518,Komal Mathew,Surat,GJ,2022-08-14,N
C101519,Megha Naidu,Ranchi,JH,2023-05-01,N
C101520,Abhishek Gaikwad,Surat,GJ,2023-12-28,Y
C101521,Yash Pawar,Noida,UP,2024-01-17,Y
C101522,Riya Nair,Mysuru,KA,2024-03-27,Y
C101523,Yash Goyal,Chandigarh,CH,2022-10-31,N
C101524,Thomas Sharma,Pune,MH,2022-10-25,N
C101525,Saanvi Siddiqui,Vadodara,GJ,2024-09-24,N
C101526,Vihaan George,Pune,MH,2024-01-18,N
C101527,Harsh Khanna,Kochi,KL,2022-08-27,Y
C101528,Vihaan Pandey,Raipur,CG,2023-11-29,Y
C101529,Manish Chatterjee,Indore,MP,2024-04-15,N
C101530,Abhishek Arora,Ahmedabad,GJ,2023-09-30,Y
C101531,Kunal Ansari,Bengaluru,KA,2023-08-05,Y
C101532,Sukhwinder Malhotra,Jaipur,RJ,2024-10-10,N
C101533,Harpreet Dutta,Kolkata,WB,2023-03-12,N
C101534,Zoya Pereira,Kochi,KL,2022-10-26,N
C101535,Steven Yadav,Surat,GJ,2023-10-03,N
C101536,Simran Varghese,Ahmedabad,GJ,2022-09-05,N
C101537,Sukhwinder Shah,Bengaluru,KA,2024-08-02,Y
C101538,Tenzin Shinde,Thiruvananthapuram,KL,2023-03-06,N
C101539,Zaid Srivastava,Bhubaneswar,OR,2024-06-27,N
C101540,Rohit Nair,Nagpur,MH,2022-12-09,Y
C101541,Aishwarya Chauhan,Kochi,KL,2023-03-12,N
C101542,Pooja Goyal,Kochi,KL,2023-11-22,N
C101543,Om George,Kochi,KL,2022-08-29,Y
C101544,Joseph Sheikh,Indore,MP,2024-04-27,Y
C101545,Simran Desai,Nagpur,MH,2022-10-30,N
C101546,Arjun Arora,Kochi,KL,2024-08-06,N
C101547,Zoya Roy,Bhubaneswar,OR,2022-09-27,N
C101548,Payal Varghese,Nashik,MH,2022-12-16,N
C101549,Manish Singh,Delhi,DL,2022-09-19,N
C101550,Sunita Rathore,Noida,UP,2022-09-02,Y
C101551,Abhishek Mukherjee,Kolkata,WB,2024-01-06,N
C101552,Harsh Dutta,Patna,BR,2023-10-12,N
C101553,Dev Saxena,Patna,BR,2023-06-14,Y
C101554,Aadhya Shinde,Nagpur,MH,2024-03-22,N
C101555,Arjun Chopra,Nashik,MH,2024-02-17,N
C101556,Manish Siddiqui,Pune,MH,2024-07-25,N
C101557,Sameer Goyal,Gurugram,HR,2023-01-17,N
C101558,Geeta Chatterjee,Thiruvananthapuram,KL,2024-03-29,N
C101559,Rohan Kulkarni,Nagpur,MH,2024-02-07,Y
C101560,Suresh Bhatt,Mumbai,MH,2023-01-16,Y
C101561,Rajat Agarwal,Ranchi,JH,2024-08-24,N
C101562,Kunal Bose,Mumbai,MH,2022-09-16,N
C101563,Manish Pandey,Ranchi,JH,2024-09-07,N
C101564,Thomas Nair,Pune,MH,2024-02-23,N
C101565,Aadhya Shah,Coimbatore,TN,2023-08-04,N
C101566,Ayaan Shah,Visakhapatnam,AP,2023-05-30,Y
C101567,Faisal Sandhu,Raipur,CG,2022-09-18,N
C101568,Gurpreet George,Kochi,KL,2022-08-29,Y
C101569,Rajat Chatterjee,Delhi,DL,2023-10-23,Y
C101570,Rajat Dhillon,Delhi,DL,2024-03-20,Y
C101571,Ishaan Mukherjee,Bhopal,MP,2022-09-16,N
C101572,Daniel Khan,Dehradun,UK,2023-12-29,N
C101573,Rahul Ghosh,Mysuru,KA,2024-04-15,N
C101574,Geeta Chatterjee,Hyderabad,TS,2023-02-18,N
C101575,Sukhwinder Mittal,Indore,MP,2022-12-25,N
C101576,Farah Bhatia,Nashik,MH,2023-02-09,N
C101577,Manish Srivastava,Dehradun,UK,2023-03-28,N
C101578,Zoya Siddiqui,Surat,GJ,2024-09-29,N
C101579,Suresh Joshi,Indore,MP,2022-10-13,Y
C101580,Rahul Malhotra,Mysuru,KA,2022-08-18,Y
C101581,Simran Deshpande,Vadodara,GJ,2023-04-07,N
C101582,Pranav Jadhav,Raipur,CG,2024-08-05,Y
C101583,Simran Malhotra,Visakhapatnam,AP,2023-01-27,Y
C101584,Swati Goyal,Noida,UP,2024-05-16,Y
C101585,Rohit Arora,Visakhapatnam,AP,2023-08-27,Y
C101586,Krishna Shah,Guwahati,AS,2024-08-08,Y
C101587,Gurpreet Tiwari,Nagpur,MH,2023-04-25,N
C101588,Kavya Menon,Nagpur,MH,2024-10-05,N
C101589,Bhavna Verma,Kochi,KL,2022-11-10,N
C101590,Shreya Rao,Ahmedabad,GJ,2022-11-07,Y
C101591,Imran Malhotra,Indore,MP,2023-04-18,N
C101592,Lobsang Gaikwad,Chennai,TN,2022-09-09,N
C101593,Om Singh,Surat,GJ,2023-07-24,N
C101594,Arjun Patil,Visakhapatnam,AP,2023-01-28,N
C101595,Siddharth Khanna,Pune,MH,2024-07-17,N
C101596,Rohan Tiwari,Bhopal,MP,2025-01-01,N
C101597,Sameer Jain,Thiruvananthapuram,KL,2023-08-25,N
C101598,Jaspreet Ansari,Delhi,DL,2022-10-30,Y
C101599,Saanvi Ghosh,Mumbai,MH,2024-11-05,N
C101600,Divya Khanna,Vadodara,GJ,2023-05-26,N
C101601,Ramesh Jain,Mysuru,KA,2024-06-22,Y
C101602,Diya Arora,Dehradun,UK,2022-10-06,N
C101603,Kabir Qureshi,Surat,GJ,2024-12-30,N
C101604,Riya Bose,Bengaluru,KA,2024-12-29,N
C101605,Nikhil Ghosh,Raipur,CG,2023-12-03,Y
C101606,Zoya Nair,Chennai,TN,2024-12-21,Y
C101607,Varun Pawar,Jaipur,RJ,2024-03-19,N
C101608,Sunita Varghese,Chennai,TN,2023-02-13,N
C101609,Ritika Sethi,Mumbai,MH,2023-11-30,Y
C101610,Megha Mehta,Pune,MH,2023-07-10,N
C101611,Ayaan Menon,Coimbatore,TN,2022-12-02,N
C101612,Diya Nair,Thiruvananthapuram,KL,2024-04-03,N
C101613,Aarav Joshi,Coimbatore,TN,2022-10-26,N
C101614,Kabir Pawar,Bengaluru,KA,2024-09-29,N
C101615,Payal Chauhan,Raipur,CG,2022-08-08,N
C101616,Steven Bhatt,Nashik,MH,2024-11-09,N
C101617,Swati Mukherjee,Jaipur,RJ,2022-11-04,N
C101618,Swati Goyal,Dehradun,UK,2024-04-26,N
C101619,Rahul Bansal,Bhopal,MP,2024-03-03,Y
C101620,Ritika Mittal,Ranchi,JH,2023-10-11,Y
C101621,Priya Sheikh,Guwahati,AS,2022-08-22,N
C101622,Lakshmi George,Vadodara,GJ,2023-10-15,N
C101623,Anjali Patil,Surat,GJ,2024-07-20,N
C101624,Komal Saxena,Gurugram,HR,2023-11-12,N
C101625,Siddharth Srivastava,Bengaluru,KA,2024-04-20,N
C101626,Sunita Mehta,Vadodara,GJ,2024-08-10,N
C101627,Sneha Joshi,Gurugram,HR,2023-06-24,N
C101628,Siddharth Reddy,Surat,GJ,2024-12-25,Y
C101629,Rohan Mittal,Pune,MH,2024-03-09,N
C101630,Dev Sheikh,Bengaluru,KA,2024-01-02,N
C101631,Payal Sandhu,Bengaluru,KA,2024-04-04,Y
C101632,Deepak Jain,Kochi,KL,2023-01-28,N
C101633,Ramesh Desai,Surat,GJ,2024-04-18,N
C101634,Kunal Mehta,Mumbai,MH,2024-11-13,N
C101635,Ankit D'Souza,Nashik,MH,2022-09-23,N
C101636,Ankit Joshi,Hyderabad,TS,2024-11-10,Y
C101637,Manpreet Kulkarni,Guwahati,AS,2022-11-13,N
C101638,Riya Siddiqui,Bhopal,MP,2024-07-02,N
C101639,Saanvi Bose,Thiruvananthapuram,KL,2023-04-22,N
C101640,Varun Malhotra,Mysuru,KA,2023-01-01,N
C101641,Simran Sandhu,Chennai,TN,2024-07-06,Y
C101642,Yash Khan,Dehradun,UK,2022-09-07,N
C101643,Sameer Khanna,Thiruvananthapuram,KL,2024-09-06,N
C101644,Saanvi Kapoor,Indore,MP,2024-05-14,N
C101645,Komal Patil,Surat,GJ,2024-06-07,Y
C101646,Manpreet Gill,Kolkata,WB,2022-10-15,Y
C101647,Sameer Mehta,Bhopal,MP,2024-05-05,N
C101648,Shreya Sen,Indore,MP,2023-06-16,Y
C101649,Harpreet Shah,Mysuru,KA,2022-10-31,N
C101650,Ankit Shinde,Indore,MP,2023-12-06,N
C101651,Saanvi Deshpande,Chandigarh,CH,2024-10-15,N
C101652,Bhavna Siddiqui,Kolkata,WB,2023-01-03,N
C101653,Sneha Jain,Raipur,CG,2023-07-29,N
C101654,Deepak Malhotra,Gurugram,HR,2023-08-01,Y
C101655,Ankit Ghosh,Ahmedabad,GJ,2024-12-06,N
C101656,Bhavna Varghese,Dehradun,UK,2024-09-10,N
C101657,Aishwarya Shah,Chandigarh,CH,2023-02-25,N
C101658,Harsh Kaur,Pune,MH,2024-12-22,N
C101659,Priya Menon,Kochi,KL,2024-02-10,Y
C101660,Rajat Verma,Ranchi,JH,2023-07-06,N
C101661,Tarun Kulkarni,Ahmedabad,GJ,2024-02-22,N
C101662,Ishaan Joshi,Mysuru,KA,2023-01-07,Y
C101663,Ananya Tiwari,Gurugram,HR,2024-09-19,N
C101664,Tarun Sharma,Kochi,KL,2023-01-25,N
C101665,Tarun Chauhan,Visakhapatnam,AP,2024-04-13,N
C101666,Sukhwinder Mathew,Mysuru,KA,2023-07-17,N
C101667,Simran Saxena,Delhi,DL,2022-07-16,N
C101668,Tanvi Mittal,Coimbatore,TN,2023-07-07,Y
C101669,Deepak Banerjee,Vadodara,GJ,2023-05-24,N
C101670,Dev Nair,Patna,BR,2023-04-11,N
C101671,Deepak Bansal,Thiruvananthapuram,KL,2024-07-21,N
C101672,Rohit Sharma,Lucknow,UP,2023-03-15,N
C101673,Saanvi Mathew,Surat,GJ,2023-07-08,N
C101674,Saanvi Bansal,Patna,BR,2022-10-26,N
C101675,Rohan Pillai,Guwahati,AS,2024-12-31,N
C101676,Harpreet Sen,Chennai,TN,2024-05-10,N
C101677,Gurpreet George,Kochi,KL,2023-03-31,Y
C101678,Varun Pandey,Nagpur,MH,2024-02-15,N
C101679,Rohan Chauhan,Lucknow,UP,2023-02-18,Y
C101680,Daniel D'Souza,Delhi,DL,2023-03-24,N
C101681,Sukhwinder Arora,Bhubaneswar,OR,2023-09-06,N
C101682,Swati Rathore,Ranchi,JH,2023-06-22,N
C101683,Aarav Sethi,Delhi,DL,2022-10-19,N
C101684,Kabir Pandey,Vadodara,GJ,2022-08-21,N
C101685,Tanvi Malhotra,Ranchi,JH,2024-09-18,Y
C101686,Priya Sen,Vadodara,GJ,2023-07-20,N
C101687,Meera Sethi,Ranchi,JH,2024-03-07,Y
C101688,Amit Kapoor,Surat,GJ,2022-11-11,N
C101689,Diya Pereira,Pune,MH,2024-06-22,N
C101690,Sameer Mishra,Coimbatore,TN,2024-04-10,Y
C101691,Ishaan Singh,Surat,GJ,2024-07-07,N
C101692,Divya Sheikh,Pune,MH,2024-06-02,N
C101693,Harpreet Srivastava,Coimbatore,TN,2024-05-26,Y
C101694,Mohammed Shah,Pune,MH,2023-11-01,N
C101695,Vikram Sharma,Ahmedabad,GJ,2023-07-15,N
C101696,Ayaan Nair,Kochi,KL,2024-04-01,Y
C101697,Aarav Menon,Thiruvananthapuram,KL,2022-08-30,N
C101698,Daniel Mukherjee,Surat,GJ,2022-10-08,N
C101699,Zaid Siddiqui,Kochi,KL,2023-07-30,N
C101700,Lakshmi Pillai,Bengaluru,KA,2024-03-18,N
C101701,Manish Deshpande,Ranchi,JH,2023-08-28,N
C101702,Shreya Naidu,Raipur,CG,2024-05-04,N
C101703,Lakshmi Desai,Noida,UP,2023-03-11,N
C101704,Arjun Kumar,Pune,MH,2022-12-26,Y
C101705,Saanvi Goyal,Mysuru,KA,2023-04-14,N
C101706,Aditya Chatterjee,Surat,GJ,2024-11-18,Y
C101707,Varun Yadav,Surat,GJ,2024-02-25,N
C101708,Abhishek Mittal,Bhopal,MP,2023-12-18,N
C101709,Ishaan Dhillon,Patna,BR,2024-12-03,N
C101710,Faisal George,Thiruvananthapuram,KL,2024-05-09,N
C101711,Ayaan Kapoor,Gurugram,HR,2022-08-27,N
C101712,Rahul Sheikh,Mysuru,KA,2024-03-10,Y
C101713,Farah Gill,Noida,UP,2024-07-09,N
C101714,Kunal Gill,Bhopal,MP,2023-01-08,N
C101715,Isha Qureshi,Nagpur,MH,2022-12-17,N
C101716,Simran Pereira,Lucknow,UP,2024-08-18,N
C101717,Farah Khanna,Coimbatore,TN,2023-04-25,Y
C101718,Ritika Roy,Chandigarh,CH,2023-12-09,N
C101719,Dev Qureshi,Hyderabad,TS,2023-07-17,Y
C101720,Megha Dutta,Pune,MH,2024-11-06,N
C101721,Sneha Ghosh,Gurugram,HR,2024-10-10,Y
C101722,Pooja Mathew,Ranchi,JH,2022-07-16,N
C101723,Arjun Roy,Bhubaneswar,OR,2023-05-02,Y
C101724,Dev Gill,Kolkata,WB,2023-10-19,N
C101725,Karan Reddy,Nagpur,MH,2023-05-14,N
C101726,Rahul Iyer,Thiruvananthapuram,KL,2023-01-08,N
C101727,Rohit Joshi,Mysuru,KA,2024-07-02,N
C101728,Anjali Siddiqui,Chennai,TN,2024-05-13,N
C101729,Ananya Joshi,Vadodara,GJ,2023-06-12,Y
C101730,Pranav Mishra,Kolkata,WB,2023-12-29,Y
C101731,Aadhya Patil,Vadodara,GJ,2023-10-27,N
C101732,Megha Khan,Bhopal,MP,2023-01-26,N
C101733,Abhishek Mathew,Bengaluru,KA,2024-08-14,N
C101734,Karan Singh,Vadodara,GJ,2023-09-15,N
C101735,Aarav Sheikh,Bhopal,MP,2022-09-29,N
C101736,Deepak Kaur,Vadodara,GJ,2024-03-04,N
C101737,Ramesh Goyal,Chandigarh,CH,2024-08-25,N
C101738,Manish Iyer,Visakhapatnam,AP,2024-12-03,Y
C101739,Sukhwinder Gupta,Gurugram,HR,2024-12-08,N
C101740,Lobsang Shinde,Gurugram,HR,2022-08-31,Y
C101741,Bhavna Joshi,Vadodara,GJ,2023-04-25,N
C101742,Tenzin Menon,Mysuru,KA,2024-08-15,N
C101743,Imran George,Mumbai,MH,2023-08-15,N
C101744,Nisha Siddiqui,Visakhapatnam,AP,2024-10-19,Y
C101745,Sunita Chopra,Chandigarh,CH,2024-04-20,N
C101746,Deepak Pereira,Hyderabad,TS,2022-12-13,N
C101747,Lakshmi Pandey,Bengaluru,KA,2024-05-21,N
C101748,Ankit Mittal,Gurugram,HR,2023-03-03,Y
C101749,Suresh Fernandes,Pune,MH,2023-06-08,Y
C101750,Ayaan Mathew,Surat,GJ,2023-09-02,N
C101751,Faisal Banerjee,Jaipur,RJ,2022-09-30,N
C101752,Om Das,Jaipur,RJ,2024-12-21,Y
C101753,Kavya Chatterjee,Nagpur,MH,2022-08-03,Y
C101754,Pranav Kapoor,Dehradun,UK,2024-06-26,N
C101755,Simran Bansal,Ahmedabad,GJ,2024-12-06,N
C101756,Rahul Varghese,Ahmedabad,GJ,2023-11-11,N
C101757,Kavya Banerjee,Ahmedabad,GJ,2024-11-18,Y
C101758,Aarav Ghosh,Ranchi,JH,2023-03-14,Y
C101759,Varun Shah,Surat,GJ,2024-09-09,N
C101760,Om Khanna,Vadodara,GJ,2024-03-10,N
C101761,Saanvi Bhatia,Guwahati,AS,2023-12-08,N
C101762,Deepak Jadhav,Surat,GJ,2022-12-12,N
C101763,Aditya Patel,Lucknow,UP,2022-10-08,N
C101764,Faisal Qureshi,Bhubaneswar,OR,2023-09-17,N
C101765,Harsh Goyal,Bhopal,MP,2022-10-10,N
C101766,Ishaan Gill,Lucknow,UP,2022-09-19,N
C101767,Nikhil Rao,Lucknow,UP,2022-10-10,N
C101768,Diya Siddiqui,Vadodara,GJ,2024-03-20,Y
C101769,Suresh Iyer,Ahmedabad,GJ,2023-10-30,N
C101770,Saanvi Pawar,Bhopal,MP,2024-12-06,N
C101771,Deepak Varghese,Hyderabad,TS,2024-06-03,N
C101772,Meera Tiwari,Delhi,DL,2024-08-14,N
C101773,Zaid Saxena,Patna,BR,2024-10-22,N
C101774,Zaid Goyal,Coimbatore,TN,2024-11-28,N
C101775,Farah Iyer,Hyderabad,TS,2023-06-04,N
C101776,Farah Yadav,Coimbatore,TN,2024-06-13,N
C101777,Imran Kulkarni,Bhubaneswar,OR,2024-01-06,Y
C101778,Sai Iyer,Indore,MP,2023-05-02,Y
C101779,Ayaan Desai,Kolkata,WB,2022-08-26,N
C101780,Nisha Mathew,Chandigarh,CH,2024-08-28,N
C101781,Ishaan Mukherjee,Patna,BR,2024-06-23,N
C101782,Tarun Jadhav,Bhubaneswar,OR,2023-12-20,N
C101783,Pranav Bhatt,Guwahati,AS,2024-10-06,N
C101784,Vivaan Chauhan,Chandigarh,CH,2023-09-15,Y
C101785,Komal Qureshi,Dehradun,UK,2024-07-14,N
C101786,Pranav Patel,Kolkata,WB,2023-11-30,N
C101787,Ritika Pawar,Mumbai,MH,2022-12-25,N
C101788,Ankit Deshpande,Patna,BR,2024-04-18,N
C101789,Rohit Tiwari,Jaipur,RJ,2024-01-27,N
C101790,Kabir Fernandes,Hyderabad,TS,2023-04-18,Y
C101791,Pooja Desai,Kochi,KL,2023-07-25,N
C101792,Meera Ansari,Noida,UP,2023-01-30,Y
C101793,Geeta Kumar,Jaipur,RJ,2024-11-09,Y
C101794,Swati Mathew,Delhi,DL,2022-10-13,N
C101795,Joseph Dhillon,Noida,UP,2023-02-25,N
C101796,Tanvi Tiwari,Bhubaneswar,OR,2022-07-18,N
C101797,Sunita Kapoor,Jaipur,RJ,2023-06-01,N
C101798,Karan Gaikwad,Chennai,TN,2022-09-03,Y
C101799,Lobsang Khan,Mumbai,MH,2023-11-25,N
C101800,Komal George,Mumbai,MH,2023-04-20,N
C101801,Bhavna George,Chennai,TN,2022-10-11,N
C101802,Vikram Fernandes,Ahmedabad,GJ,2024-10-31,N
C101803,Anjali Reddy,Pune,MH,2022-12-12,N
C101804,Sameer Bansal,Raipur,CG,2023-06-25,Y
C101805,Ramesh Mathew,Pune,MH,2023-06-25,N
C101806,Riya Agarwal,Kolkata,WB,2024-05-31,Y
C101807,Anjali Pillai,Kolkata,WB,2023-10-11,N
C101808,Diya Shah,Visakhapatnam,AP,2024-02-14,N
C101809,Zaid Bhatia,Mumbai,MH,2023-12-31,Y
C101810,Pranav Bhatt,Jaipur,RJ,2022-11-13,N
C101811,Siddharth Iyer,Ahmedabad,GJ,2023-08-04,N
C101812,Reyansh Chatterjee,Patna,BR,2023-03-07,Y
C101813,Tenzin Singh,Bhubaneswar,OR,2022-10-28,Y
C101814,Geeta Siddiqui,Bhopal,MP,2024-03-31,N
C101815,Harpreet Chopra,Mumbai,MH,2024-05-03,Y
C101816,Aadhya Malhotra,Bhubaneswar,OR,2024-04-24,Y
C101817,Sunita Goyal,Ahmedabad,GJ,2024-03-24,N
C101818,Kabir Varghese,Raipur,CG,2024-06-23,N
C101819,Dev Shah,Dehradun,UK,2024-11-29,N
C101820,Rohit Agarwal,Thiruvananthapuram,KL,2024-10-13,Y
C101821,Harsh Bose,Nagpur,MH,2024-01-06,Y
C101822,Krishna Yadav,Dehradun,UK,2023-10-07,N
C101823,Anjali Sharma,Coimbatore,TN,2024-11-25,N
C101824,Rohan Bose,Nashik,MH,2023-02-04,N
C101825,Gurpreet Verma,Raipur,CG,2024-01-08,Y
C101826,Jaspreet Khanna,Kochi,KL,2022-08-05,N
C101827,Ananya Jadhav,Hyderabad,TS,2022-11-30,N
C101828,Daniel Mukherjee,Pune,MH,2023-04-13,Y
C101829,Shreya Saxena,Visakhapatnam,AP,2024-07-21,N
C101830,Zaid Naidu,Ranchi,JH,2024-10-28,N
C101831,Aadhya Pandey,Delhi,DL,2022-08-15,N
C101832,Zaid Khanna,Jaipur,RJ,2024-12-10,N
C101833,Zaid George,Pune,MH,2022-07-19,N
C101834,Payal Trivedi,Mysuru,KA,2023-06-23,N
C101835,Zaid Banerjee,Kolkata,WB,2023-08-27,Y
C101836,Kavya Pandey,Mumbai,MH,2023-03-11,N
C101837,Payal Agarwal,Mysuru,KA,2024-09-08,N
C101838,Payal Sheikh,Guwahati,AS,2024-10-26,N
C101839,Zoya Kapoor,Pune,MH,2023-06-18,Y
C101840,Harsh Sheikh,Ahmedabad,GJ,2022-09-04,Y
C101841,Amit Mukherjee,Nagpur,MH,2023-02-01,N
C101842,Abhishek Reddy,Delhi,DL,2024-05-10,N
C101843,Anjali Patil,Bhubaneswar,OR,2024-01-18,N
C101844,Harsh Deshpande,Visakhapatnam,AP,2023-03-29,N
C101845,Jaspreet Patil,Visakhapatnam,AP,2023-02-03,Y
C101846,Sukhwinder Naidu,Dehradun,UK,2022-08-22,N
C101847,Ishaan Reddy,Vadodara,GJ,2024-01-14,N
C101848,Neha Banerjee,Ahmedabad,GJ,2022-07-18,N
C101849,Farah Patel,Nagpur,MH,2024-01-27,Y
C101850,Imran Pereira,Ranchi,JH,2023-01-17,N
C101851,Megha Saxena,Chandigarh,CH,2023-11-01,N
C101852,Pranav Reddy,Pune,MH,2022-10-11,N
C101853,Meera Chatterjee,Noida,UP,2024-03-02,N
C101854,Swati Kapoor,Indore,MP,2024-11-30,Y
C101855,Pranav Naidu,Thiruvananthapuram,KL,2024-01-04,N
C101856,Faisal Gupta,Jaipur,RJ,2023-03-22,N
C101857,Riya Malhotra,Hyderabad,TS,2024-09-05,N
C101858,Aadhya Banerjee,Thiruvananthapuram,KL,2023-05-14,N
C101859,Nikhil Sandhu,Nagpur,MH,2024-03-09,N
C101860,Arjun Rathore,Dehradun,UK,2023-07-04,Y
C101861,Diya Patel,Hyderabad,TS,2023-08-14,N
C101862,Ritika Trivedi,Delhi,DL,2022-12-02,N
C101863,Harsh Mukherjee,Vadodara,GJ,2023-05-03,N
C101864,Joseph Srivastava,Mysuru,KA,2022-10-29,N
C101865,Simran Kulkarni,Lucknow,UP,2024-04-16,N
C101866,Rajat Rao,Indore,MP,2023-11-03,N
C101867,Amit Ansari,Nagpur,MH,2022-08-29,N
C101868,Bhavna Bhatt,Noida,UP,2024-01-17,Y
C101869,Kavya Chatterjee,Bhopal,MP,2023-03-27,N
C101870,Sunita Shinde,Chennai,TN,2024-03-23,N
C101871,Steven Rathore,Thiruvananthapuram,KL,2024-04-19,N
C101872,Simran Shinde,Lucknow,UP,2022-09-23,N
C101873,Ritika Desai,Bengaluru,KA,2023-10-26,Y
C101874,Aadhya Deshpande,Hyderabad,TS,2022-09-25,Y
C101875,Rajat Dutta,Kolkata,WB,2024-06-28,Y
C101876,Sunita D'Souza,Indore,MP,2022-09-03,N
C101877,Isha Khanna,Ahmedabad,GJ,2023-07-21,N
C101878,Saanvi Mukherjee,Dehradun,UK,2023-03-22,N
C101879,Saanvi Menon,Dehradun,UK,2023-05-24,N
C101880,Vivaan Chauhan,Jaipur,RJ,2024-06-30,Y
C101881,Steven Srivastava,Chennai,TN,2024-11-30,Y
C101882,Lobsang Sharma,Surat,GJ,2022-11-25,N
C101883,Ritika Iyer,Kolkata,WB,2023-10-11,N
C101884,Isha Tiwari,Thiruvananthapuram,KL,2022-10-11,N
C101885,Zaid Fernandes,Gurugram,HR,2022-10-03,N
C101886,Aadhya Mittal,Ranchi,JH,2024-10-29,N
C101887,Vihaan Chauhan,Vadodara,GJ,2023-04-16,N
C101888,Divya Bose,Gurugram,HR,2023-10-01,Y
C101889,Saanvi Bansal,Kochi,KL,2024-08-08,Y
C101890,Ritika Kumar,Thiruvananthapuram,KL,2022-09-11,N
C101891,Payal Tiwari,Raipur,CG,2024-09-19,Y
C101892,Nisha Kapoor,Bengaluru,KA,2023-01-21,Y
C101893,Yash Mishra,Dehradun,UK,2024-03-17,N
C101894,Amit Singh,Coimbatore,TN,2024-02-16,N
C101895,Gurpreet Gill,Ranchi,JH,2023-05-01,N
C101896,Ananya Das,Coimbatore,TN,2024-03-04,N
C101897,Tenzin Desai,Chennai,TN,2023-07-20,N
C101898,Daniel Goyal,Raipur,CG,2024-11-23,N
C101899,Reyansh Tiwari,Ranchi,JH,2023-06-04,N
C101900,Shreya Varghese,Mysuru,KA,2024-04-10,Y
C101901,Joseph Malhotra,Ranchi,JH,2023-11-19,N
C101902,Rohit Malhotra,Ahmedabad,GJ,2023-09-01,N
C101903,Farah Bansal,Mumbai,MH,2024-03-04,Y
C101904,Aarav Pereira,Vadodara,GJ,2022-07-22,N
C101905,Sneha Fernandes,Delhi,DL,2024-01-28,N
C101906,Pranav Dhillon,Surat,GJ,2024-01-15,Y
C101907,Rahul Sheikh,Guwahati,AS,2022-09-30,N
C101908,Faisal Sharma,Nagpur,MH,2023-12-05,N
C101909,Geeta Kumar,Hyderabad,TS,2023-09-22,N
C101910,Aishwarya Nair,Bhubaneswar,OR,2023-01-09,N
C101911,Swati Gill,Pune,MH,2024-07-23,N
C101912,Simran Gaikwad,Ranchi,JH,2024-10-07,N
C101913,Siddharth Goyal,Lucknow,UP,2024-11-24,Y
C101914,Bhavna Rao,Bhopal,MP,2023-03-02,Y
C101915,Joseph Rao,Coimbatore,TN,2024-07-29,N
C101916,Saanvi Chopra,Bhubaneswar,OR,2023-01-31,Y
C101917,Ayaan Chatterjee,Jaipur,RJ,2024-10-02,N
C101918,Diya Das,Vadodara,GJ,2024-05-19,N
C101919,Reyansh Pandey,Ahmedabad,GJ,2022-11-12,N
C101920,Shreya Arora,Lucknow,UP,2023-07-28,Y
C101921,Joseph Jain,Visakhapatnam,AP,2022-10-27,N
C101922,Rohit Nair,Noida,UP,2024-11-05,Y
C101923,Zoya Goyal,Bhopal,MP,2024-04-01,N
C101924,Pranav Kumar,Nashik,MH,2024-01-24,N
C101925,Abhishek Ghosh,Guwahati,AS,2023-11-05,N
C101926,Meera Shinde,Chennai,TN,2023-04-16,Y
C101927,Arjun Sandhu,Raipur,CG,2024-05-04,Y
C101928,Aditya Naidu,Kochi,KL,2024-10-08,N
C101929,Pranav Singh,Bhopal,MP,2023-01-13,N
C101930,Shreya Rao,Chandigarh,CH,2024-01-04,N
C101931,Sukhwinder Mishra,Indore,MP,2024-06-18,N
C101932,Sameer Singh,Bhubaneswar,OR,2024-07-13,N
C101933,Megha Kaur,Coimbatore,TN,2024-10-14,N
C101934,Imran Mukherjee,Mumbai,MH,2023-05-27,N
C101935,Swati Naidu,Kolkata,WB,2023-09-22,N
C101936,Isha Sharma,Delhi,DL,2023-05-18,N
C101937,Ishaan Pandey,Kochi,KL,2023-09-15,N
C101938,Zaid Pandey,Nagpur,MH,2022-10-17,Y
C101939,Aditya George,Mysuru,KA,2023-11-17,N
C101940,Karan Sandhu,Bhubaneswar,OR,2024-08-17,Y
C101941,Shreya Qureshi,Indore,MP,2023-12-01,N
C101942,Abhishek Shinde,Guwahati,AS,2024-01-11,N
C101943,Joseph Gaikwad,Chennai,TN,2024-03-27,Y
C101944,Steven Srivastava,Indore,MP,2022-08-18,N
C101945,Lobsang Pereira,Kolkata,WB,2023-05-23,N
C101946,Kavya Siddiqui,Surat,GJ,2023-07-24,N
C101947,Sneha Trivedi,Delhi,DL,2024-06-21,N
C101948,Swati George,Hyderabad,TS,2023-11-18,N
C101949,Ritika Chatterjee,Nashik,MH,2023-05-23,Y
C101950,Diya Kapoor,Coimbatore,TN,2022-12-18,N
C101951,Abhishek Khanna,Noida,UP,2024-12-08,N
C101952,Riya Khan,Chennai,TN,2022-09-23,N
C101953,Arjun Jain,Bhubaneswar,OR,2022-10-04,N
C101954,Kunal Kaur,Nagpur,MH,2023-02-21,N
C101955,Rajat Menon,Jaipur,RJ,2022-08-14,N
C101956,Manpreet Rao,Kochi,KL,2022-11-29,N
C101957,Reyansh Varghese,Delhi,DL,2024-12-22,Y
C101958,Mohammed Sen,Pune,MH,2023-07-18,Y
C101959,Farah Kumar,Ranchi,JH,2023-08-19,Y
C101960,Joseph Deshpande,Nashik,MH,2024-01-13,Y
C101961,Zaid Jain,Pune,MH,2023-06-19,N
C101962,Sukhwinder Mittal,Jaipur,RJ,2024-02-27,Y
C101963,Tarun Bose,Noida,UP,2024-10-10,N
C101964,Farah Yadav,Vadodara,GJ,2023-09-30,N
C101965,Mohammed Chauhan,Jaipur,RJ,2024-01-20,N
C101966,Tanvi Chatterjee,Visakhapatnam,AP,2024-07-24,Y
C101967,Isha Mukherjee,Noida,UP,2023-05-16,N
C101968,Bhavna Mukherjee,Chandigarh,CH,2024-11-11,N
C101969,Deepak Dutta,Bhubaneswar,OR,2023-10-02,N
C101970,Mohammed Saxena,Vadodara,GJ,2024-10-14,Y
C101971,Sukhwinder Rathore,Delhi,DL,2022-08-14,N
C101972,Pranav Mathew,Coimbatore,TN,2023-03-05,N
C101973,Pranav Mittal,Visakhapatnam,AP,2024-07-06,N
C101974,Ritika Khanna,Mumbai,MH,2023-07-17,N
C101975,Nisha Mishra,Visakhapatnam,AP,2023-10-12,Y
C101976,Shreya Patel,Vadodara,GJ,2024-03-07,N
C101977,Rohit Dhillon,Hyderabad,TS,2024-01-17,N
C101978,Joseph Bhatt,Delhi,DL,2023-12-28,N
C101979,Harpreet Jain,Noida,UP,2023-12-11,N
C101980,Rajat Sharma,Chandigarh,CH,2024-05-10,N
C101981,Manpreet Sharma,Bhopal,MP,2022-12-20,N
C101982,Diya Shah,Noida,UP,2023-09-05,N
C101983,Mohammed Khanna,Ranchi,JH,2022-08-03,Y
C101984,Diya Mittal,Guwahati,AS,2022-09-10,N
C101985,Faisal Rathore,Surat,GJ,2024-03-08,Y
C101986,Karan Bansal,Kochi,KL,2024-12-04,N
C101987,Yash D'Souza,Bengaluru,KA,2024-04-28,Y
C101988,Deepak D'Souza,Vadodara,GJ,2024-02-14,N
C101989,Sneha Mittal,Mumbai,MH,2023-11-23,Y
C101990,Divya Dhillon,Patna,BR,2022-12-31,N
C101991,Rajat Khan,Raipur,CG,2024-07-21,Y
C101992,Farah Siddiqui,Hyderabad,TS,2023-11-21,Y
C101993,Vihaan Mehta,Surat,GJ,2023-02-24,Y
C101994,Kavya Kapoor,Visakhapatnam,AP,2024-09-24,N
C101995,Diya George,Mysuru,KA,2024-09-24,Y
C101996,Isha Mukherjee,Surat,GJ,2022-09-22,Y
C101997,Steven Pereira,Surat,GJ,2024-10-28,N
C101998,Aishwarya Ghosh,Hyderabad,TS,2022-09-04,N
C101999,Vivaan Srivastava,Delhi,DL,2022-11-19,N
C102000,Faisal Jain,Mysuru,KA,2023-04-17,N
C102001,Rahul Gupta,Ahmedabad,GJ,2024-11-12,N
C102002,Bhavna Pillai,Surat,GJ,2023-01-22,Y
C102003,Ankit Singh,Coimbatore,TN,2024-08-19,N
C102004,Sukhwinder Naidu,Lucknow,UP,2023-06-04,Y
C102005,Tenzin Goyal,Indore,MP,2024-08-24,N
C102006,Dev Sethi,Kochi,KL,2022-08-21,N
C102007,Payal Pillai,Jaipur,RJ,2024-03-13,N
C102008,Sunita Kapoor,Delhi,DL,2022-11-03,N
C102009,Ananya Sen,Indore,MP,2023-01-27,N
C102010,Arjun Rao,Surat,GJ,2024-02-28,N
C102011,Nikhil Malhotra,Raipur,CG,2024-10-18,Y
C102012,Imran Reddy,Dehradun,UK,2023-05-09,N
C102013,Zaid Pawar,Delhi,DL,2024-10-09,N
C102014,Ananya Bose,Indore,MP,2024-10-04,N
C102015,Aditya Saxena,Dehradun,UK,2023-08-24,Y
C102016,Bhavna Sandhu,Chennai,TN,2024-09-09,Y
C102017,Kunal Sheikh,Lucknow,UP,2024-06-21,Y
C102018,Sukhwinder Dutta,Patna,BR,2024-05-16,N
C102019,Manish Varghese,Patna,BR,2023-07-17,Y
C102020,Aditya Shinde,Gurugram,HR,2023-10-14,N
C102021,Ishaan Srivastava,Dehradun,UK,2024-03-25,N
C102022,Krishna Gill,Guwahati,AS,2023-06-30,N
C102023,Ramesh Siddiqui,Delhi,DL,2024-03-13,N
C102024,Krishna Sethi,Chandigarh,CH,2024-06-05,Y
C102025,Saanvi Banerjee,Ranchi,JH,2024-06-19,N
C102026,Simran Dhillon,Bengaluru,KA,2023-07-17,N
C102027,Suresh Pillai,Jaipur,RJ,2023-03-05,N
C102028,Sukhwinder Verma,Kolkata,WB,2023-03-12,N
C102029,Aarav Dhillon,Thiruvananthapuram,KL,2024-09-20,N
C102030,Vikram Malhotra,Coimbatore,TN,2023-08-28,N
C102031,Geeta Mittal,Bhopal,MP,2022-10-06,N
C102032,Sameer D'Souza,Patna,BR,2024-03-04,N
C102033,Deepak Mittal,Vadodara,GJ,2022-11-15,Y
C102034,Anjali Singh,Indore,MP,2024-12-03,N
C102035,Aishwarya Qureshi,Patna,BR,2023-04-09,Y
C102036,Ramesh Roy,Dehradun,UK,2024-05-29,N
C102037,Daniel Joshi,Mumbai,MH,2023-01-15,N
C102038,Krishna Bhatia,Guwahati,AS,2023-02-09,N
C102039,Faisal Jain,Raipur,CG,2024-08-18,Y
C102040,Gurpreet Shinde,Delhi,DL,2024-10-04,N
C102041,Om Saxena,Raipur,CG,2024-07-02,N
C102042,Imran Naidu,Surat,GJ,2024-02-17,N
C102043,Kavya Khanna,Kochi,KL,2023-08-27,N
C102044,Ankit Sethi,Visakhapatnam,AP,2024-05-15,Y
C102045,Tarun Roy,Chennai,TN,2024-11-10,N
C102046,Tenzin Chatterjee,Thiruvananthapuram,KL,2022-10-03,N
C102047,Shreya Deshpande,Delhi,DL,2022-08-13,N
C102048,Sneha Sharma,Pune,MH,2022-08-24,Y
C102049,Lakshmi Banerjee,Pune,MH,2023-05-06,Y
C102050,Vihaan D'Souza,Guwahati,AS,2023-01-16,N
C102051,Joseph Mishra,Chennai,TN,2023-06-10,N
C102052,Joseph Sheikh,Lucknow,UP,2024-12-11,Y
C102053,Tanvi Yadav,Thiruvananthapuram,KL,2024-04-09,Y
C102054,Reyansh Tiwari,Mumbai,MH,2022-09-24,N
C102055,Riya Dhillon,Nashik,MH,2023-03-12,N
C102056,Farah Gill,Visakhapatnam,AP,2023-03-09,N
C102057,Tenzin Shinde,Coimbatore,TN,2024-04-25,Y
C102058,Manish Dhillon,Bengaluru,KA,2023-03-24,N
C102059,Aarav Mukherjee,Guwahati,AS,2024-11-06,N
C102060,Payal Gaikwad,Patna,BR,2023-07-25,N
C102061,Faisal Sen,Mysuru,KA,2024-01-24,N
C102062,Nisha Menon,Ranchi,JH,2024-07-04,N
C102063,Vihaan Shah,Visakhapatnam,AP,2023-10-02,N
C102064,Steven Nair,Coimbatore,TN,2024-12-02,N
C102065,Rohit Sen,Kochi,KL,2022-09-02,N
C102066,Daniel Roy,Ahmedabad,GJ,2024-01-26,Y
C102067,Zoya Chauhan,Ahmedabad,GJ,2022-11-15,Y
C102068,Krishna Arora,Visakhapatnam,AP,2024-10-12,N
C102069,Daniel Gill,Nagpur,MH,2024-11-28,N
C102070,Isha Sheikh,Kochi,KL,2022-08-20,N
C102071,Joseph Chauhan,Mumbai,MH,2022-11-16,N
C102072,Zaid Patil,Jaipur,RJ,2024-08-07,N
C102073,Ananya Sharma,Chennai,TN,2023-08-20,N
C102074,Shreya Shinde,Chandigarh,CH,2024-06-14,N
C102075,Deepak Chopra,Thiruvananthapuram,KL,2023-09-26,N
C102076,Kavya Ghosh,Nagpur,MH,2024-02-15,N
C102077,Sunita Chatterjee,Chennai,TN,2023-03-13,Y
C102078,Gurpreet D'Souza,Nagpur,MH,2023-09-13,Y
C102079,Saanvi Rao,Surat,GJ,2024-07-23,Y
C102080,Kabir Gaikwad,Kolkata,WB,2024-03-02,Y
C102081,Swati Rathore,Jaipur,RJ,2024-02-02,N
C102082,Farah Singh,Chennai,TN,2022-11-09,N
C102083,Priya Nair,Noida,UP,2023-05-21,N
C102084,Geeta Mukherjee,Ahmedabad,GJ,2024-01-21,Y
C102085,Komal Bhatt,Delhi,DL,2024-05-12,N
C102086,Tenzin George,Bhopal,MP,2022-09-28,N
C102087,Ananya Sen,Guwahati,AS,2022-12-27,Y
C102088,Aditya Sen,Guwahati,AS,2024-02-03,Y
C102089,Reyansh Sheikh,Vadodara,GJ,2024-01-30,Y
C102090,Aishwarya Malhotra,Bengaluru,KA,2024-09-30,N
C102091,Nisha Sharma,Kolkata,WB,2023-11-09,N
C102092,Ayaan Roy,Kolkata,WB,2023-08-01,N
C102093,Bhavna Menon,Nashik,MH,2024-12-04,Y
C102094,Sunita Bhatia,Bengaluru,KA,2024-12-10,N
C102095,Megha Roy,Pune,MH,2023-09-13,N
C102096,Geeta Naidu,Patna,BR,2024-02-06,Y
C102097,Aarav Pillai,Surat,GJ,2024-11-24,N
C102098,Gurpreet Desai,Hyderabad,TS,2024-04-02,Y
C102099,Imran Goyal,Ranchi,JH,2024-02-25,Y
C102100,Steven Pawar,Noida,UP,2022-12-18,N
C102101,Rajat Rao,Mumbai,MH,2023-04-28,Y
C102102,Abhishek Kaur,Chandigarh,CH,2023-09-20,N
C102103,Dev Malhotra,Visakhapatnam,AP,2024-02-21,N
C102104,Daniel Sethi,Kolkata,WB,2022-10-28,Y
C102105,Om Gupta,Gurugram,HR,2023-10-09,N
C102106,Kavya Kumar,Raipur,CG,2023-04-27,Y
C102107,Vihaan Mittal,Raipur,CG,2023-05-05,N
C102108,Deepak Naidu,Mysuru,KA,2024-02-22,N
C102109,Kavya Chauhan,Guwahati,AS,2022-10-15,N
C102110,Nisha Sen,Chennai,TN,2022-08-29,N
C102111,Saanvi Ghosh,Raipur,CG,2023-09-08,N
C102112,Imran Gill,Chandigarh,CH,2024-01-30,N
C102113,Thomas Bose,Raipur,CG,2023-08-21,N
C102114,Daniel Gaikwad,Noida,UP,2023-05-08,N
C102115,Priya Dhillon,Ranchi,JH,2024-07-09,N
C102116,Payal Yadav,Coimbatore,TN,2023-05-05,N
C102117,Manpreet Mathew,Kolkata,WB,2024-11-25,N
C102118,Swati Menon,Bengaluru,KA,2023-04-21,Y
C102119,Daniel Saxena,Chennai,TN,2023-12-20,Y
C102120,Sukhwinder Kulkarni,Vadodara,GJ,2024-02-10,N
C102121,Isha Desai,Indore,MP,2024-08-14,N
C102122,Meera Nair,Chennai,TN,2024-11-14,Y
C102123,Saanvi Sandhu,Chandigarh,CH,2022-08-18,N
C102124,Meera Banerjee,Thiruvananthapuram,KL,2024-01-15,Y
C102125,Harpreet Mittal,Raipur,CG,2023-12-17,N
C102126,Karan Agarwal,Lucknow,UP,2024-07-21,N
C102127,Manpreet Roy,Nashik,MH,2023-05-04,N
C102128,Vikram Mukherjee,Indore,MP,2024-08-03,Y
C102129,Aarav Tiwari,Coimbatore,TN,2023-03-01,Y
C102130,Sneha Mehta,Guwahati,AS,2024-12-07,Y
C102131,Rohan Kapoor,Coimbatore,TN,2023-03-27,N
C102132,Shreya Chauhan,Visakhapatnam,AP,2023-06-25,Y
C102133,Thomas Verma,Bengaluru,KA,2023-02-11,N
C102134,Reyansh Shinde,Hyderabad,TS,2023-10-10,N
C102135,Manish Jadhav,Patna,BR,2024-05-16,Y
C102136,Rajat Pawar,Kolkata,WB,2022-11-24,N
C102137,Megha Sandhu,Patna,BR,2024-06-13,Y
C102138,Isha Desai,Nashik,MH,2022-10-18,N
C102139,Steven Roy,Gurugram,HR,2023-06-11,Y
C102140,Tarun Sandhu,Raipur,CG,2023-07-20,Y
C102141,Geeta Patil,Pune,MH,2022-12-28,Y
C102142,Kavya Sharma,Hyderabad,TS,2024-01-27,Y
C102143,Aishwarya Siddiqui,Bhubaneswar,OR,2023-02-20,N
C102144,Pranav Pawar,Kolkata,WB,2024-03-15,N
C102145,Rohan Patel,Raipur,CG,2023-12-10,N
C102146,Farah Sheikh,Mysuru,KA,2022-09-01,N
C102147,Zoya Das,Gurugram,HR,2024-05-18,N
C102148,Manpreet Sen,Surat,GJ,2023-10-04,N
C102149,Sameer Agarwal,Patna,BR,2023-07-10,N
C102150,Farah Bhatia,Gurugram,HR,2023-04-18,N
C102151,Isha Nair,Raipur,CG,2024-12-07,N
C102152,Kunal Patil,Delhi,DL,2022-12-09,N
C102153,Tenzin Gill,Nagpur,MH,2024-07-23,Y
C102154,Priya Qureshi,Vadodara,GJ,2023-12-04,N
C102155,Arjun Gill,Chennai,TN,2022-11-16,Y
C102156,Suresh Iyer,Vadodara,GJ,2023-04-11,Y
C102157,Krishna Roy,Bhopal,MP,2024-07-09,N
C102158,Anjali Shah,Ranchi,JH,2022-10-24,N
C102159,Kavya Rao,Ranchi,JH,2024-04-05,Y
C102160,Neha Agarwal,Coimbatore,TN,2023-04-13,N
C102161,Bhavna Bhatia,Vadodara,GJ,2023-10-30,N
C102162,Manish Pillai,Kochi,KL,2023-10-31,Y
C102163,Aarav Reddy,Raipur,CG,2022-10-10,Y
C102164,Harpreet Singh,Thiruvananthapuram,KL,2022-08-25,N
C102165,Lakshmi Sethi,Lucknow,UP,2024-07-01,N
C102166,Pooja Dhillon,Noida,UP,2024-08-05,Y
C102167,Ananya Ghosh,Indore,MP,2023-03-25,N
C102168,Sunita Patel,Pune,MH,2023-07-14,Y
C102169,Pranav Bansal,Guwahati,AS,2024-02-06,Y
C102170,Meera Agarwal,Noida,UP,2024-11-17,N
C102171,Lobsang Deshpande,Patna,BR,2024-06-12,N
C102172,Riya Verma,Patna,BR,2022-09-29,N
C102173,Pranav Chatterjee,Vadodara,GJ,2022-09-09,Y
C102174,Rohit Pandey,Kolkata,WB,2024-11-05,N
C102175,Divya Gill,Gurugram,HR,2024-12-13,N
C102176,Pooja Khanna,Visakhapatnam,AP,2023-03-31,N
C102177,Kabir Chatterjee,Nagpur,MH,2022-09-18,Y
C102178,Manish Verma,Patna,BR,2023-08-20,Y
C102179,Bhavna Malhotra,Patna,BR,2022-10-20,Y
C102180,Siddharth Khan,Vadodara,GJ,2023-04-30,Y
C102181,Imran Mishra,Kolkata,WB,2024-07-05,N
C102182,Tanvi Jadhav,Kochi,KL,2022-08-07,N
C102183,Nisha Banerjee,Chandigarh,CH,2022-07-30,N
C102184,Isha Das,Bhopal,MP,2024-09-16,N
C102185,Amit Jadhav,Kochi,KL,2023-10-10,Y
C102186,Om Chopra,Dehradun,UK,2024-03-09,Y
C102187,Siddharth Bhatia,Jaipur,RJ,2023-10-12,N
C102188,Swati Das,Indore,MP,2023-05-05,Y
C102189,Zoya Rathore,Dehradun,UK,2023-09-03,N
C102190,Meera Verma,Gurugram,HR,2023-10-16,N
C102191,Aadhya Singh,Lucknow,UP,2024-03-02,N
C102192,Sunita Kapoor,Patna,BR,2023-11-09,N
C102193,Rohit Shinde,Bengaluru,KA,2024-04-19,N
C102194,Manpreet Shah,Kolkata,WB,2024-10-21,N
C102195,Sai Verma,Kochi,KL,2024-09-15,N
C102196,Neha Varghese,Dehradun,UK,2024-12-21,N
C102197,Sai Patel,Patna,BR,2022-09-20,N
C102198,Daniel Khan,Mumbai,MH,2023-09-24,Y
C102199,Swati Trivedi,Ranchi,JH,2023-02-21,N
C102200,Om Srivastava,Bengaluru,KA,2022-11-17,N
C102201,Suresh Khan,Ahmedabad,GJ,2023-11-30,N
C102202,Sunita Pereira,Raipur,CG,2023-09-20,Y
C102203,Manish Roy,Bengaluru,KA,2023-05-08,Y
C102204,Zoya Roy,Hyderabad,TS,2023-10-07,Y
C102205,Sneha Sheikh,Vadodara,GJ,2023-09-04,N
C102206,Steven Deshpande,Bhubaneswar,OR,2023-02-19,N
C102207,Geeta Sharma,Nashik,MH,2022-09-29,N
C102208,Thomas Patil,Dehradun,UK,2023-02-11,N
C102209,Shreya Sharma,Hyderabad,TS,2024-08-27,N
C102210,Megha Gupta,Bengaluru,KA,2023-01-25,Y
C102211,Reyansh Patil,Ranchi,JH,2022-08-05,N
C102212,Geeta Mittal,Lucknow,UP,2022-08-13,N
C102213,Nikhil Chopra,Coimbatore,TN,2023-01-28,Y
C102214,Om Reddy,Ranchi,JH,2022-08-21,Y
C102215,Geeta Varghese,Delhi,DL,2024-01-06,N
C102216,Harpreet Saxena,Mysuru,KA,2023-09-15,Y
C102217,Thomas Yadav,Coimbatore,TN,2023-12-09,N
C102218,Yash Desai,Kochi,KL,2024-12-12,N
C102219,Rohan Menon,Nashik,MH,2024-01-13,N
C102220,Sameer Shinde,Bhopal,MP,2022-12-24,Y
C102221,Varun Khan,Kochi,KL,2024-12-27,N
C102222,Lakshmi Ansari,Bhubaneswar,OR,2024-02-15,N
C102223,Joseph Mukherjee,Delhi,DL,2022-12-08,N
C102224,Lakshmi Sheikh,Mysuru,KA,2024-06-11,N
C102225,Lobsang Sharma,Mumbai,MH,2024-06-14,N
C102226,Rajat Fernandes,Pune,MH,2024-03-01,Y
C102227,Krishna Iyer,Bhopal,MP,2023-05-26,N
C102228,Aishwarya Sethi,Nashik,MH,2023-06-27,N
C102229,Reyansh Shinde,Bhopal,MP,2023-09-18,N
C102230,Rahul Patil,Jaipur,RJ,2024-11-30,N
C102231,Anjali Kaur,Gurugram,HR,2024-10-28,Y
C102232,Vikram Malhotra,Dehradun,UK,2023-05-14,N
C102233,Farah Srivastava,Mysuru,KA,2023-06-06,Y
C102234,Tanvi Rao,Guwahati,AS,2024-08-07,N
C102235,Deepak Gaikwad,Bengaluru,KA,2022-11-04,N
C102236,Simran Mehta,Delhi,DL,2024-11-04,N
C102237,Pranav Qureshi,Surat,GJ,2024-05-05,N
C102238,Tanvi Fernandes,Hyderabad,TS,2023-06-29,Y
C102239,Siddharth Siddiqui,Pune,MH,2022-09-10,Y
C102240,Ishaan Tiwari,Mysuru,KA,2024-03-04,Y
C102241,Gurpreet Iyer,Lucknow,UP,2024-01-18,Y
C102242,Kabir Dhillon,Lucknow,UP,2023-06-12,N
C102243,Pranav Yadav,Coimbatore,TN,2024-12-13,N
C102244,Kunal Siddiqui,Noida,UP,2023-10-20,N
C102245,Ishaan Gaikwad,Kochi,KL,2023-06-30,N
C102246,Rohit Bhatia,Lucknow,UP,2023-06-21,N
C102247,Megha Nair,Bhubaneswar,OR,2022-09-29,Y
C102248,Tenzin Kaur,Ranchi,JH,2022-08-23,Y
C102249,Siddharth Srivastava,Pune,MH,2023-06-22,Y
C102250,Aadhya Mishra,Nashik,MH,2024-07-25,N
C102251,Shreya Pillai,Kochi,KL,2024-09-30,Y
C102252,Priya Joshi,Dehradun,UK,2024-06-14,N
C102253,Divya Banerjee,Hyderabad,TS,2023-11-09,Y
C102254,Kunal Khan,Vadodara,GJ,2024-01-17,Y
C102255,Varun Malhotra,Ranchi,JH,2023-03-05,N
C102256,Kunal Nair,Dehradun,UK,2023-09-11,N
C102257,Ritika Patel,Pune,MH,2023-02-23,N
C102258,Nisha Yadav,Bhubaneswar,OR,2022-08-24,Y
C102259,Sukhwinder Patil,Nagpur,MH,2023-10-25,N
C102260,Farah Shah,Pune,MH,2023-03-26,N
C102261,Tenzin Sandhu,Raipur,CG,2024-07-16,N
C102262,Yash Saxena,Noida,UP,2023-10-28,Y
C102263,Saanvi Patel,Indore,MP,2024-08-07,Y
C102264,Rohit Bose,Chandigarh,CH,2024-11-26,N
C102265,Jaspreet Menon,Chennai,TN,2024-02-18,N
C102266,Pranav Chauhan,Indore,MP,2023-11-17,Y
C102267,Steven Sen,Bhubaneswar,OR,2024-10-24,Y
C102268,Isha Mehta,Jaipur,RJ,2023-12-13,N
C102269,Yash Gaikwad,Indore,MP,2023-12-06,Y
C102270,Ramesh Roy,Thiruvananthapuram,KL,2024-06-14,N
C102271,Anjali Qureshi,Ahmedabad,GJ,2024-06-01,N
C102272,Daniel Srivastava,Thiruvananthapuram,KL,2022-08-17,N
C102273,Ramesh Gaikwad,Dehradun,UK,2023-08-10,Y
C102274,Payal Rathore,Indore,MP,2024-06-20,N
C102275,Komal Sen,Bengaluru,KA,2024-01-17,N
C102276,Geeta Patil,Ahmedabad,GJ,2023-11-06,N
C102277,Kunal Shah,Mysuru,KA,2023-07-10,N
C102278,Anjali Menon,Nashik,MH,2024-11-15,N
C102279,Varun Mehta,Gurugram,HR,2024-03-27,N
C102280,Tenzin Menon,Jaipur,RJ,2023-04-08,Y
C102281,Manish Jadhav,Noida,UP,2022-11-02,N
C102282,Suresh Yadav,Surat,GJ,2023-06-07,N
C102283,Bhavna Rao,Pune,MH,2024-03-16,Y
C102284,Tenzin D'Souza,Noida,UP,2023-01-30,N
C102285,Aditya Arora,Jaipur,RJ,2023-09-10,Y
C102286,Nikhil Chopra,Kolkata,WB,2024-11-26,N
C102287,Om Sandhu,Thiruvananthapuram,KL,2024-01-28,N
C102288,Saanvi Tiwari,Kolkata,WB,2022-10-21,Y
C102289,Harsh Shinde,Guwahati,AS,2022-12-01,Y
C102290,Deepak Sheikh,Guwahati,AS,2023-12-19,Y
C102291,Komal Mathew,Delhi,DL,2023-07-08,N
C102292,Kunal Pillai,Nashik,MH,2024-07-12,N
C102293,Saanvi Pandey,Ranchi,JH,2024-05-01,N
C102294,Zoya Kulkarni,Patna,BR,2022-11-29,N
C102295,Karan Bhatia,Visakhapatnam,AP,2022-11-14,N
C102296,Jaspreet Qureshi,Nagpur,MH,2022-11-17,N
C102297,Swati Ghosh,Noida,UP,2024-04-12,N
C102298,Yash Jain,Chandigarh,CH,2022-10-11,N
C102299,Vikram Pillai,Raipur,CG,2023-07-30,N
C102300,Vikram Kapoor,Guwahati,AS,2024-09-19,Y
C102301,Lakshmi Reddy,Hyderabad,TS,2023-05-30,N
C102302,Steven Pereira,Hyderabad,TS,2024-05-07,N
C102303,Zaid Chauhan,Indore,MP,2022-11-26,N
C102304,Ramesh Kapoor,Pune,MH,2023-07-04,N
C102305,Nikhil Jain,Delhi,DL,2024-03-06,N
C102306,Dev Kulkarni,Bhopal,MP,2023-04-29,N
C102307,Sukhwinder Pillai,Chandigarh,CH,2023-10-06,N
C102308,Anjali D'Souza,Raipur,CG,2024-10-18,Y
C102309,Rajat Mishra,Indore,MP,2024-01-30,N
C102310,Thomas Sharma,Mumbai,MH,2024-02-03,N
C102311,Geeta Siddiqui,Hyderabad,TS,2023-06-18,N
C102312,Rohit Menon,Chandigarh,CH,2022-11-16,N
C102313,Kavya Pawar,Kochi,KL,2023-01-18,N
C102314,Shreya Qureshi,Kolkata,WB,2024-02-29,N
C102315,Mohammed Siddiqui,Bengaluru,KA,2023-01-22,N
C102316,Saanvi Rao,Surat,GJ,2022-08-03,N
C102317,Suresh Dhillon,Delhi,DL,2024-08-21,N
C102318,Swati Das,Chennai,TN,2023-08-09,Y
C102319,Krishna Mehta,Bhubaneswar,OR,2024-08-10,N
C102320,Rajat Ansari,Bhubaneswar,OR,2024-12-01,N
C102321,Arjun Dhillon,Kolkata,WB,2022-11-09,N
C102322,Aadhya Bansal,Delhi,DL,2023-03-30,Y
C102323,Reyansh Yadav,Mysuru,KA,2023-02-14,Y
C102324,Ritika Naidu,Pune,MH,2023-01-30,N
C102325,Sunita Chauhan,Jaipur,RJ,2024-08-30,Y
C102326,Diya Sethi,Bhopal,MP,2023-02-26,N
C102327,Ishaan Arora,Coimbatore,TN,2023-06-19,N
C102328,Anjali Mishra,Kochi,KL,2023-02-22,N
C102329,Diya Sheikh,Jaipur,RJ,2023-11-04,N
C102330,Tenzin Dhillon,Mysuru,KA,2024-07-31,Y
C102331,Ankit Pereira,Visakhapatnam,AP,2023-03-24,N
C102332,Harpreet Joshi,Indore,MP,2024-12-12,N
C102333,Kunal Naidu,Raipur,CG,2023-11-04,N
C102334,Sunita Sharma,Chennai,TN,2024-02-15,N
C102335,Kavya Ansari,Bengaluru,KA,2024-03-07,Y
C102336,Zaid Jain,Patna,BR,2024-07-30,Y
C102337,Diya Singh,Ahmedabad,GJ,2022-07-19,Y
C102338,Faisal Yadav,Bhopal,MP,2023-09-03,N
C102339,Geeta Mathew,Ahmedabad,GJ,2023-10-04,Y
C102340,Diya Jain,Chennai,TN,2024-08-06,Y
C102341,Riya Sen,Coimbatore,TN,2024-07-01,N
C102342,Vihaan Dutta,Mumbai,MH,2023-05-09,Y
C102343,Krishna Gill,Bhopal,MP,2023-03-15,N
C102344,Vivaan Shah,Chennai,TN,2023-01-18,N
C102345,Megha Siddiqui,Jaipur,RJ,2024-02-07,N
C102346,Meera Gupta,Surat,GJ,2023-11-20,N
C102347,Ramesh Qureshi,Noida,UP,2024-12-12,N
C102348,Zaid Trivedi,Nashik,MH,2024-05-24,N
C102349,Kabir Khan,Thiruvananthapuram,KL,2024-05-31,N
C102350,Pooja George,Vadodara,GJ,2023-03-14,Y
C102351,Aditya Malhotra,Raipur,CG,2024-12-24,N
C102352,Imran Pereira,Ranchi,JH,2022-09-01,N
C102353,Vivaan Malhotra,Indore,MP,2023-02-02,N
C102354,Anjali Roy,Visakhapatnam,AP,2024-08-26,N
C102355,Vihaan Tiwari,Thiruvananthapuram,KL,2022-09-07,N
C102356,Isha Naidu,Patna,BR,2024-11-22,N
C102357,Aadhya Yadav,Nagpur,MH,2023-03-06,N
C102358,Rohan Singh,Raipur,CG,2023-01-14,Y
C102359,Manpreet Deshpande,Mumbai,MH,2023-07-27,N
C102360,Lakshmi Reddy,Raipur,CG,2022-09-09,N
C102361,Arjun Arora,Coimbatore,TN,2023-11-26,N
C102362,Pooja Deshpande,Bhubaneswar,OR,2023-11-19,N
C102363,Suresh Mittal,Lucknow,UP,2023-04-20,Y
C102364,Om Pawar,Delhi,DL,2024-11-24,N
C102365,Payal Kulkarni,Ahmedabad,GJ,2023-01-12,N
C102366,Riya Patel,Bhopal,MP,2023-03-02,N
C102367,Sameer Siddiqui,Nashik,MH,2023-04-10,N
C102368,Dev Shinde,Delhi,DL,2022-10-25,Y
C102369,Megha Malhotra,Patna,BR,2024-07-28,N
C102370,Priya Dutta,Nagpur,MH,2024-03-28,Y
C102371,Simran Reddy,Mysuru,KA,2024-09-03,N
C102372,Kunal Patil,Ahmedabad,GJ,2023-04-06,N
C102373,Sunita Kumar,Mumbai,MH,2024-09-06,Y
C102374,Manish Sen,Visakhapatnam,AP,2024-04-19,N
C102375,Sneha Dhillon,Ranchi,JH,2023-11-21,N
C102376,Dev Pillai,Coimbatore,TN,2024-12-22,Y
C102377,Sukhwinder Agarwal,Ranchi,JH,2024-02-09,Y
C102378,Nikhil Fernandes,Raipur,CG,2023-08-11,Y
C102379,Vihaan Chatterjee,Delhi,DL,2024-11-04,N
C102380,Yash Tiwari,Vadodara,GJ,2023-02-27,N
C102381,Manish Desai,Chennai,TN,2024-07-03,N
C102382,Riya Sharma,Kochi,KL,2023-09-23,Y
C102383,Om Gupta,Noida,UP,2023-12-17,N
C102384,Saanvi Tiwari,Surat,GJ,2023-11-09,Y
C102385,Pooja Khan,Nagpur,MH,2024-07-26,N
C102386,Tarun Das,Nashik,MH,2023-07-13,N
C102387,Kabir Sen,Nagpur,MH,2024-12-12,Y
C102388,Sameer Qureshi,Bhubaneswar,OR,2024-08-05,N
C102389,Ankit Bose,Kochi,KL,2023-03-04,N
C102390,Harpreet Roy,Kolkata,WB,2023-02-17,N
C102391,Rajat Chauhan,Lucknow,UP,2024-02-20,N
C102392,Sneha Pereira,Mysuru,KA,2022-12-22,Y
C102393,Ritika Gupta,Gurugram,HR,2024-03-29,N
C102394,Zaid Roy,Coimbatore,TN,2022-09-14,N
C102395,Vikram Chatterjee,Jaipur,RJ,2023-04-12,N
C102396,Sneha Banerjee,Ahmedabad,GJ,2024-04-14,Y
C102397,Saanvi Nair,Patna,BR,2023-02-13,N
C102398,Aarav Sen,Nashik,MH,2023-01-18,N
C102399,Amit Nair,Bengaluru,KA,2024-09-09,N
C102400,Sameer Nair,Bhopal,MP,2024-11-26,N
C102401,Vivaan Fernandes,Ranchi,JH,2023-05-30,N
C102402,Megha Kapoor,Chennai,TN,2023-03-17,N
C102403,Payal Sethi,Noida,UP,2024-01-10,N
C102404,Megha Mukherjee,Nagpur,MH,2023-03-03,N
C102405,Riya Agarwal,Coimbatore,TN,2023-04-04,N
C102406,Kavya Ansari,Patna,BR,2023-04-13,N
C102407,Ishaan Patel,Kochi,KL,2023-08-14,Y
C102408,Abhishek Ansari,Chandigarh,CH,2022-10-14,Y
C102409,Aarav Jadhav,Hyderabad,TS,2022-11-29,Y
C102410,Swati Desai,Chennai,TN,2022-08-06,N
C102411,Manish Jadhav,Mysuru,KA,2022-07-22,Y
C102412,Divya Kumar,Bengaluru,KA,2022-11-03,N
C102413,Ananya Kapoor,Bhubaneswar,OR,2023-03-16,N
C102414,Gurpreet Yadav,Noida,UP,2023-04-05,Y
C102415,Lakshmi Patel,Indore,MP,2024-08-14,N
C102416,Tenzin Patil,Coimbatore,TN,2024-11-04,Y
C102417,Pooja Banerjee,Thiruvananthapuram,KL,2024-08-09,N
C102418,Ramesh Agarwal,Patna,BR,2023-07-07,N
C102419,Sukhwinder Fernandes,Mumbai,MH,2024-01-19,N
C102420,Arjun Mehta,Kolkata,WB,2024-01-04,Y
C102421,Riya Sethi,Dehradun,UK,2022-09-30,N
C102422,Kavya Sen,Coimbatore,TN,2023-09-26,Y
C102423,Vivaan Yadav,Bhopal,MP,2023-09-22,Y
C102424,Rohan Jain,Coimbatore,TN,2024-02-08,N
C102425,Rohan Gill,Guwahati,AS,2022-08-06,N
C102426,Pooja Srivastava,Visakhapatnam,AP,2023-02-13,N
C102427,Amit Dhillon,Chandigarh,CH,2024-05-18,N
C102428,Sai George,Chennai,TN,2023-06-27,Y
C102429,Ramesh Gill,Guwahati,AS,2024-09-08,Y
C102430,Swati Menon,Bhubaneswar,OR,2024-10-28,Y
C102431,Saanvi Kapoor,Delhi,DL,2024-08-18,N
C102432,Kunal Iyer,Mumbai,MH,2023-04-14,N
C102433,Suresh Khan,Gurugram,HR,2023-09-29,N
C102434,Imran Rathore,Bengaluru,KA,2024-12-14,Y
C102435,Kunal Varghese,Hyderabad,TS,2024-11-05,N
C102436,Divya Gupta,Vadodara,GJ,2023-12-25,N
C102437,Aditya Mukherjee,Surat,GJ,2022-09-02,Y
C102438,Steven Agarwal,Chennai,TN,2024-02-21,N
C102439,Rahul Shinde,Hyderabad,TS,2023-09-29,N
C102440,Meera Iyer,Mumbai,MH,2023-08-26,Y
C102441,Sameer Patel,Chennai,TN,2024-11-16,Y
C102442,Priya Sethi,Coimbatore,TN,2022-10-24,N
C102443,Om Sheikh,Nagpur,MH,2023-08-11,Y
C102444,Om Bansal,Raipur,CG,2022-11-11,N
C102445,Ayaan Jadhav,Patna,BR,2024-07-10,Y
C102446,Suresh Deshpande,Patna,BR,2024-05-14,Y
C102447,Payal Menon,Chandigarh,CH,2023-04-27,Y
C102448,Siddharth Bhatia,Bengaluru,KA,2022-12-13,N
C102449,Manish Siddiqui,Coimbatore,TN,2023-09-16,Y
C102450,Isha Pawar,Kochi,KL,2023-02-25,N
C102451,Diya Kulkarni,Thiruvananthapuram,KL,2024-10-05,N
C102452,Priya Kapoor,Ranchi,JH,2023-04-20,N
C102453,Steven Bhatt,Visakhapatnam,AP,2022-10-08,N
C102454,Divya Bose,Surat,GJ,2023-02-06,N
C102455,Aishwarya Deshpande,Patna,BR,2024-11-16,Y
C102456,Karan Pandey,Vadodara,GJ,2024-12-20,Y
C102457,Tenzin Tiwari,Gurugram,HR,2023-04-04,Y
C102458,Mohammed Shinde,Dehradun,UK,2024-04-02,Y
C102459,Ritika Nair,Raipur,CG,2024-12-09,Y
C102460,Tenzin Jadhav,Delhi,DL,2024-09-29,N
C102461,Krishna Gill,Bhubaneswar,OR,2024-01-25,N
C102462,Sunita Kumar,Nagpur,MH,2024-06-29,Y
C102463,Manpreet Tiwari,Bengaluru,KA,2024-01-04,N
C102464,Abhishek Pandey,Ranchi,JH,2023-09-07,Y
C102465,Yash Gupta,Indore,MP,2023-06-29,N
C102466,Bhavna Khan,Indore,MP,2023-10-17,Y
C102467,Ramesh D'Souza,Kochi,KL,2023-01-12,N
C102468,Komal Mittal,Vadodara,GJ,2023-11-05,N
C102469,Aadhya D'Souza,Mysuru,KA,2023-11-02,N
C102470,Amit Chatterjee,Gurugram,HR,2023-05-25,N
C102471,Tarun Goyal,Guwahati,AS,2024-07-05,N
C102472,Rajat Mishra,Chennai,TN,2023-07-25,N
C102473,Aadhya Sen,Chennai,TN,2024-08-11,N
C102474,Harpreet Dhillon,Gurugram,HR,2023-07-19,Y
C102475,Komal Trivedi,Ranchi,JH,2023-07-28,N
C102476,Pooja Desai,Jaipur,RJ,2024-08-02,N
C102477,Sai D'Souza,Surat,GJ,2023-02-11,N
C102478,Sunita Gill,Pune,MH,2022-12-04,Y
C102479,Neha Roy,Bengaluru,KA,2022-10-25,Y
C102480,Simran Kulkarni,Thiruvananthapuram,KL,2024-10-09,Y
C102481,Zaid Shah,Lucknow,UP,2022-11-16,Y
C102482,Yash Desai,Pune,MH,2022-08-28,N
C102483,Shreya Patel,Hyderabad,TS,2024-02-27,N
C102484,Tenzin Pawar,Pune,MH,2023-05-22,N
C102485,Arjun Agarwal,Bhubaneswar,OR,2024-12-16,N
C102486,Shreya Verma,Patna,BR,2023-08-31,N
C102487,Diya D'Souza,Nashik,MH,2023-09-09,N
C102488,Pranav Gill,Dehradun,UK,2023-02-26,N
C102489,Manish Khan,Raipur,CG,2023-11-01,N
C102490,Sneha Kaur,Noida,UP,2022-12-02,Y
C102491,Saanvi Siddiqui,Chandigarh,CH,2022-08-20,Y
C102492,Nisha Dutta,Visakhapatnam,AP,2022-07-25,N
C102493,Kunal Arora,Gurugram,HR,2024-07-19,N
C102494,Rahul Joshi,Nashik,MH,2024-08-17,N
C102495,Reyansh Jadhav,Gurugram,HR,2023-12-11,Y
C102496,Zoya Naidu,Thiruvananthapuram,KL,2023-11-09,Y
C102497,Dev Malhotra,Kochi,KL,2022-09-08,N
C102498,Vikram Gaikwad,Chandigarh,CH,2023-12-23,N
C102499,Vivaan Kulkarni,Jaipur,RJ,2023-06-21,N
C102500,Vikram Kaur,Kochi,KL,2022-07-17,Y
C102501,Rajat Iyer,Patna,BR,2022-11-29,N
C102502,Tanvi Srivastava,Jaipur,RJ,2024-02-13,N
C102503,Aarav Verma,Thiruvananthapuram,KL,2024-05-05,Y
C102504,Ramesh Fernandes,Kochi,KL,2023-11-16,Y
C102505,Aadhya Arora,Jaipur,RJ,2022-10-19,Y
C102506,Tarun Ghosh,Surat,GJ,2024-01-02,Y
C102507,Sukhwinder Kapoor,Chandigarh,CH,2024-02-03,Y
C102508,Ishaan Bhatt,Jaipur,RJ,2023-11-04,Y
C102509,Kabir Pillai,Chennai,TN,2023-08-29,N
C102510,Rahul Fernandes,Hyderabad,TS,2024-03-26,N
C102511,Ishaan Mukherjee,Delhi,DL,2022-12-21,Y
C102512,Sai Rathore,Lucknow,UP,2022-10-04,Y
C102513,Rohan Patel,Kolkata,WB,2023-10-06,N
C102514,Komal Kaur,Bengaluru,KA,2024-01-19,Y
C102515,Meera Mukherjee,Bengaluru,KA,2024-09-14,N
C102516,Gurpreet Naidu,Delhi,DL,2023-09-17,N
C102517,Amit Jadhav,Nashik,MH,2024-12-18,N
C102518,Tarun Jain,Chandigarh,CH,2024-05-02,N
C102519,Krishna Bhatia,Visakhapatnam,AP,2022-07-26,N
C102520,Aadhya Tiwari,Ahmedabad,GJ,2022-10-07,N
C102521,Farah Kulkarni,Mumbai,MH,2022-10-10,N
C102522,Manpreet Shinde,Surat,GJ,2022-08-14,N
C102523,Om Gill,Jaipur,RJ,2023-10-29,N
C102524,Vihaan Gill,Noida,UP,2023-05-15,N
C102525,Aadhya Pillai,Bhubaneswar,OR,2023-08-27,Y
C102526,Dev Qureshi,Nashik,MH,2023-11-17,N
C102527,Aishwarya Shah,Lucknow,UP,2023-02-04,N
C102528,Lobsang Bose,Kolkata,WB,2024-04-07,N
C102529,Nisha Kaur,Patna,BR,2023-10-03,N
C102530,Reyansh Naidu,Raipur,CG,2023-12-23,N
C102531,Kabir Das,Ahmedabad,GJ,2023-06-12,N
C102532,Zaid Shah,Chennai,TN,2024-07-08,N
C102533,Lobsang Dutta,Kochi,KL,2024-02-15,Y
C102534,Tarun Mehta,Coimbatore,TN,2022-09-14,Y
C102535,Ankit Iyer,Chandigarh,CH,2024-11-10,N
C102536,Ishaan Patil,Kolkata,WB,2023-08-04,Y
C102537,Mohammed Goyal,Chennai,TN,2022-09-26,Y
C102538,Vihaan Iyer,Ranchi,JH,2023-10-02,N
C102539,Lakshmi Bhatia,Noida,UP,2024-02-13,Y
C102540,Lobsang Pawar,Delhi,DL,2024-08-06,N
C102541,Rahul Bose,Noida,UP,2024-04-01,N
C102542,Diya Qureshi,Coimbatore,TN,2023-12-07,N
C102543,Meera Mittal,Bhopal,MP,2024-09-30,N
C102544,Vivaan Pawar,Nagpur,MH,2023-08-08,Y
C102545,Diya Gill,Pune,MH,2022-10-21,N
C102546,Gurpreet Khan,Nagpur,MH,2022-07-18,N
C102547,Aditya Mukherjee,Pune,MH,2022-09-14,N
C102548,Daniel Tiwari,Ahmedabad,GJ,2023-02-12,Y
C102549,Rohit Bhatia,Guwahati,AS,2023-01-14,Y
C102550,Harsh Bose,Mysuru,KA,2024-08-04,N
C102551,Rajat Kapoor,Nashik,MH,2024-06-23,N
C102552,Rohan Pandey,Delhi,DL,2023-05-09,N
C102553,Saanvi Reddy,Jaipur,RJ,2024-10-26,N
C102554,Kavya Mittal,Hyderabad,TS,2024-06-30,N
C102555,Meera Yadav,Thiruvananthapuram,KL,2023-11-05,N
C102556,Diya Kumar,Kolkata,WB,2023-11-05,Y
C102557,Ishaan Reddy,Patna,BR,2023-03-03,N
C102558,Varun Mehta,Raipur,CG,2023-07-12,N
C102559,Harsh Mishra,Pune,MH,2024-11-02,Y
C102560,Daniel Dhillon,Ranchi,JH,2022-09-12,Y
C102561,Suresh Khanna,Kochi,KL,2023-11-25,N
C102562,Vivaan Shinde,Vadodara,GJ,2023-03-15,N
C102563,Manish Gupta,Surat,GJ,2024-12-28,N
C102564,Yash Ansari,Kolkata,WB,2023-07-17,N
C102565,Kabir Khan,Bhubaneswar,OR,2024-09-03,N
C102566,Mohammed Patil,Surat,GJ,2024-02-29,Y
C102567,Gurpreet Gaikwad,Nashik,MH,2024-12-30,N
C102568,Rajat Mathew,Vadodara,GJ,2024-08-30,N
C102569,Sai Khan,Dehradun,UK,2023-11-04,N
C102570,Sunita Shinde,Gurugram,HR,2022-10-22,N
C102571,Kunal Kumar,Coimbatore,TN,2024-12-28,N
C102572,Abhishek Banerjee,Gurugram,HR,2024-09-09,N
C102573,Joseph Sheikh,Raipur,CG,2024-02-15,Y
C102574,Dev Reddy,Coimbatore,TN,2023-09-14,N
C102575,Kabir Mehta,Indore,MP,2023-05-20,N
C102576,Manpreet Tiwari,Mysuru,KA,2023-07-10,N
C102577,Aarav Mukherjee,Delhi,DL,2023-07-22,N
C102578,Jaspreet Bose,Patna,BR,2023-04-07,Y
C102579,Nisha Trivedi,Ranchi,JH,2024-10-05,N
C102580,Vivaan Arora,Pune,MH,2024-03-13,N
C102581,Swati Fernandes,Ranchi,JH,2023-10-08,N
C102582,Gurpreet Pawar,Chandigarh,CH,2024-08-24,Y
C102583,Meera Bose,Gurugram,HR,2023-09-07,Y
C102584,Arjun Shah,Ranchi,JH,2024-08-28,Y
C102585,Yash Chatterjee,Patna,BR,2023-08-21,Y
C102586,Tenzin Mehta,Chennai,TN,2023-03-05,N
C102587,Om Singh,Noida,UP,2023-11-25,N
C102588,Megha Rao,Gurugram,HR,2023-08-06,N
C102589,Sai Chatterjee,Bengaluru,KA,2023-07-28,Y
C102590,Aishwarya Dhillon,Pune,MH,2023-08-31,N
C102591,Vivaan Rathore,Chennai,TN,2024-10-28,Y
C102592,Vihaan Kaur,Mysuru,KA,2024-10-18,Y
C102593,Sukhwinder Dutta,Surat,GJ,2023-10-05,Y
C102594,Reyansh Varghese,Chandigarh,CH,2024-05-15,N
C102595,Nikhil Verma,Noida,UP,2023-03-12,Y
C102596,Abhishek Pillai,Ahmedabad,GJ,2023-11-16,Y
C102597,Lobsang Siddiqui,Nashik,MH,2024-05-22,Y
C102598,Vivaan George,Chandigarh,CH,2024-08-08,Y
C102599,Abhishek Mittal,Mysuru,KA,2023-08-10,N
C102600,Tarun Siddiqui,Delhi,DL,2023-05-26,N
C102601,Rohit Sharma,Gurugram,HR,2023-12-17,N
C102602,Ishaan Bansal,Bhopal,MP,2024-08-10,Y
C102603,Sai Rao,Thiruvananthapuram,KL,2023-02-20,Y
C102604,Divya Yadav,Visakhapatnam,AP,2024-07-03,Y
C102605,Harpreet Sethi,Chandigarh,CH,2023-02-06,N
C102606,Ritika Roy,Vadodara,GJ,2023-10-12,N
C102607,Aarav Nair,Vadodara,GJ,2023-05-11,N
C102608,Suresh Jadhav,Thiruvananthapuram,KL,2024-12-11,Y
C102609,Lakshmi Malhotra,Mumbai,MH,2022-08-16,N
C102610,Sai Pillai,Delhi,DL,2024-10-17,N
C102611,Nikhil Mittal,Noida,UP,2022-10-21,N
C102612,Rahul Gupta,Bhubaneswar,OR,2022-09-27,N
C102613,Saanvi Pandey,Nashik,MH,2024-02-21,N
C102614,Farah Fernandes,Jaipur,RJ,2022-10-08,N
C102615,Harpreet Malhotra,Bengaluru,KA,2024-05-09,N
C102616,Payal George,Ranchi,JH,2024-04-19,N
C102617,Geeta Sandhu,Mysuru,KA,2022-12-02,N
C102618,Priya Mishra,Raipur,CG,2024-12-31,N
C102619,Imran Banerjee,Chennai,TN,2024-05-25,N
C102620,Meera Tiwari,Kolkata,WB,2023-06-08,N
C102621,Sneha Chauhan,Lucknow,UP,2023-10-26,N
C102622,Geeta Varghese,Kolkata,WB,2022-08-24,Y
C102623,Ankit Mishra,Kochi,KL,2023-11-11,N
C102624,Neha Rathore,Jaipur,RJ,2022-12-30,N
C102625,Gurpreet Kapoor,Pune,MH,2023-04-07,Y
C102626,Geeta Jadhav,Lucknow,UP,2023-04-07,Y
C102627,Daniel Sethi,Patna,BR,2024-03-10,N
C102628,Payal Reddy,Coimbatore,TN,2023-04-16,N
C102629,Megha Mishra,Ranchi,JH,2024-10-08,N
C102630,Zoya Naidu,Chandigarh,CH,2024-11-07,N
C102631,Megha Mittal,Patna,BR,2022-08-22,N
C102632,Payal Saxena,Jaipur,RJ,2024-02-25,Y
C102633,Meera Jain,Noida,UP,2023-05-12,Y
C102634,Harpreet Chauhan,Surat,GJ,2022-08-17,N
C102635,Sunita Singh,Lucknow,UP,2024-03-25,N
C102636,Tarun Chatterjee,Guwahati,AS,2023-04-03,Y
C102637,Aishwarya Malhotra,Indore,MP,2024-09-23,N
C102638,Reyansh Yadav,Hyderabad,TS,2023-03-10,N
C102639,Pranav Khan,Kochi,KL,2024-04-10,Y
C102640,Kavya Bose,Nashik,MH,2023-05-29,N
C102641,Nikhil Fernandes,Pune,MH,2024-12-10,N
C102642,Joseph Roy,Thiruvananthapuram,KL,2024-02-14,Y
C102643,Manish Menon,Vadodara,GJ,2023-11-07,N
C102644,Abhishek Reddy,Coimbatore,TN,2023-04-26,N
C102645,Abhishek Srivastava,Kochi,KL,2023-04-01,N
C102646,Diya Sethi,Visakhapatnam,AP,2022-09-12,Y
C102647,Nikhil Arora,Patna,BR,2023-12-14,Y
C102648,Shreya Shah,Patna,BR,2023-01-15,N
C102649,Karan D'Souza,Patna,BR,2024-06-12,N
C102650,Reyansh Arora,Hyderabad,TS,2024-04-16,N
C102651,Om Desai,Ranchi,JH,2022-11-29,N
C102652,Aditya Rao,Dehradun,UK,2023-01-09,N
C102653,Tanvi D'Souza,Ahmedabad,GJ,2024-10-01,Y
C102654,Pooja Agarwal,Raipur,CG,2024-08-29,Y
C102655,Komal Trivedi,Gurugram,HR,2022-10-07,N
C102656,Ananya Roy,Bengaluru,KA,2024-11-29,Y
C102657,Aarav Mittal,Visakhapatnam,AP,2023-11-29,N
C102658,Pranav Chauhan,Pune,MH,2022-09-25,N
C102659,Sai Dhillon,Noida,UP,2024-08-07,N
C102660,Ananya Bhatia,Bhopal,MP,2022-10-02,N
C102661,Saanvi Rao,Noida,UP,2023-11-11,N
C102662,Aarav Pereira,Raipur,CG,2023-03-16,N
C102663,Simran Dhillon,Vadodara,GJ,2023-10-09,Y
C102664,Manish Naidu,Lucknow,UP,2024-06-10,N
C102665,Rohit Mittal,Hyderabad,TS,2024-09-26,Y
C102666,Ishaan Sheikh,Nagpur,MH,2024-11-21,N
C102667,Varun Jain,Nagpur,MH,2024-07-05,Y
C102668,Zoya Goyal,Kochi,KL,2023-08-09,N
C102669,Zoya Mehta,Noida,UP,2024-03-23,N
C102670,Komal Arora,Bhubaneswar,OR,2023-06-05,N
C102671,Sai Mishra,Kochi,KL,2022-10-27,N
C102672,Anjali Sheikh,Chennai,TN,2024-02-01,Y
C102673,Sameer Srivastava,Mysuru,KA,2023-12-17,N
C102674,Priya Joshi,Chandigarh,CH,2023-05-25,N
C102675,Simran Chopra,Pune,MH,2024-10-24,N
C102676,Reyansh Mathew,Noida,UP,2024-03-08,N
C102677,Mohammed Trivedi,Ahmedabad,GJ,2022-09-28,N
C102678,Ritika Khanna,Noida,UP,2023-02-27,N
C102679,Aarav Mehta,Bhopal,MP,2024-07-10,N
C102680,Rahul Rathore,Nashik,MH,2023-11-12,N
C102681,Sai Joshi,Kochi,KL,2023-09-15,Y
C102682,Anjali D'Souza,Nashik,MH,2024-04-13,N
C102683,Sneha Pawar,Pune,MH,2024-06-15,N
C102684,Joseph Kapoor,Delhi,DL,2023-01-19,N
C102685,Meera Kulkarni,Kochi,KL,2023-04-29,N
C102686,Zaid Iyer,Bhopal,MP,2022-12-05,N
C102687,Saanvi Saxena,Hyderabad,TS,2022-12-14,N
C102688,Ayaan Sheikh,Chennai,TN,2024-01-22,N
C102689,Manish Singh,Hyderabad,TS,2022-08-22,Y
C102690,Dev Pereira,Mumbai,MH,2024-10-22,Y
C102691,Isha Trivedi,Visakhapatnam,AP,2022-07-21,Y
C102692,Aditya Arora,Jaipur,RJ,2024-04-12,N
C102693,Shreya Iyer,Mumbai,MH,2022-12-10,Y
C102694,Swati Dutta,Delhi,DL,2023-07-10,N
C102695,Kunal Saxena,Ahmedabad,GJ,2022-11-20,Y
C102696,Steven Nair,Bhubaneswar,OR,2024-08-17,N
C102697,Manpreet Tiwari,Patna,BR,2022-10-29,N
C102698,Saanvi Arora,Vadodara,GJ,2022-09-04,N
C102699,Abhishek Mishra,Bengaluru,KA,2023-07-23,N
C102700,Mohammed Mathew,Delhi,DL,2024-12-13,N
C102701,Tarun Sharma,Guwahati,AS,2024-05-03,N
C102702,Swati Kapoor,Noida,UP,2024-12-29,N
C102703,Simran Varghese,Visakhapatnam,AP,2022-09-21,Y
C102704,Siddharth Deshpande,Nashik,MH,2022-08-17,N
C102705,Yash Pereira,Ahmedabad,GJ,2022-11-04,N
C102706,Ankit Ansari,Mysuru,KA,2022-09-29,N
C102707,Geeta Shah,Guwahati,AS,2023-11-13,N
C102708,Bhavna Patel,Bhubaneswar,OR,2024-12-21,N
C102709,Rajat Sharma,Thiruvananthapuram,KL,2023-02-11,Y
C102710,Steven Menon,Patna,BR,2024-04-13,N
C102711,Harpreet Dhillon,Kochi,KL,2024-12-28,Y
C102712,Geeta Kumar,Ranchi,JH,2023-07-12,N
C102713,Zaid Sen,Vadodara,GJ,2024-04-04,N
C102714,Sneha Banerjee,Jaipur,RJ,2023-04-09,N
C102715,Priya Joshi,Chennai,TN,2024-03-10,N
C102716,Divya Chauhan,Dehradun,UK,2024-12-01,N
C102717,Nikhil Reddy,Ahmedabad,GJ,2024-07-21,N
C102718,Simran Tiwari,Mumbai,MH,2022-07-27,N
C102719,Krishna Chopra,Hyderabad,TS,2023-05-12,N
C102720,Nisha Banerjee,Nagpur,MH,2023-12-09,N
C102721,Sneha Saxena,Visakhapatnam,AP,2023-04-08,N
C102722,Suresh Roy,Lucknow,UP,2023-11-20,N
C102723,Reyansh Mittal,Dehradun,UK,2023-03-15,N
C102724,Ananya Bhatt,Delhi,DL,2022-10-12,N
C102725,Sai Mittal,Indore,MP,2023-07-01,N
C102726,Bhavna Sharma,Bhopal,MP,2022-10-31,N
C102727,Faisal Banerjee,Chennai,TN,2024-03-28,N
C102728,Imran Gupta,Hyderabad,TS,2022-11-25,N
C102729,Lakshmi Agarwal,Mysuru,KA,2024-08-28,N
C102730,Ramesh Pereira,Mysuru,KA,2023-10-22,N
C102731,Imran Varghese,Visakhapatnam,AP,2023-01-07,N
C102732,Reyansh Gaikwad,Nagpur,MH,2023-04-21,N
C102733,Aarav Sheikh,Visakhapatnam,AP,2023-11-27,N
C102734,Meera Mishra,Vadodara,GJ,2024-05-12,N
C102735,Pranav Sen,Dehradun,UK,2024-02-11,Y
C102736,Kabir Desai,Indore,MP,2023-04-15,N
C102737,Farah Chopra,Hyderabad,TS,2024-10-14,N
C102738,Kunal Dhillon,Mumbai,MH,2023-05-24,N
C102739,Vihaan Bose,Gurugram,HR,2024-09-01,N
C102740,Farah Pandey,Ranchi,JH,2024-05-01,N
C102741,Aarav Kumar,Kolkata,WB,2024-02-26,Y
C102742,Rahul Das,Thiruvananthapuram,KL,2023-09-06,N
C102743,Ayaan Sen,Mumbai,MH,2024-08-17,N
C102744,Lobsang Pawar,Vadodara,GJ,2024-10-05,N
C102745,Suresh Sandhu,Chandigarh,CH,2023-03-27,Y
C102746,Swati Gill,Mysuru,KA,2023-07-18,Y
C102747,Aadhya Chopra,Ahmedabad,GJ,2023-04-01,Y
C102748,Mohammed Sethi,Hyderabad,TS,2024-05-12,N
C102749,Reyansh Bose,Nashik,MH,2023-08-18,Y
C102750,Krishna Naidu,Lucknow,UP,2024-09-01,Y
C102751,Joseph Deshpande,Kochi,KL,2024-10-26,N
C102752,Vivaan Sheikh,Chandigarh,CH,2023-09-29,N
C102753,Imran Gaikwad,Ranchi,JH,2022-11-13,N
C102754,Tenzin Roy,Thiruvananthapuram,KL,2024-04-03,N
C102755,Riya Naidu,Ranchi,JH,2024-07-08,N
C102756,Joseph Mathew,Pune,MH,2024-10-14,N
C102757,Manpreet Kulkarni,Gurugram,HR,2022-12-02,N
C102758,Bhavna Malhotra,Mysuru,KA,2023-06-30,N
C102759,Saanvi Shinde,Thiruvananthapuram,KL,2022-08-04,N
C102760,Yash Roy,Lucknow,UP,2023-07-02,N
C102761,Rohan Varghese,Kochi,KL,2023-11-15,N
C102762,Aditya Dhillon,Kochi,KL,2024-09-16,Y
C102763,Siddharth George,Chandigarh,CH,2023-11-29,N
C102764,Sai Ghosh,Chandigarh,CH,2022-12-29,N
C102765,Harpreet Tiwari,Kochi,KL,2022-11-02,N
C102766,Vivaan Sethi,Coimbatore,TN,2024-08-22,Y
C102767,Diya Das,Visakhapatnam,AP,2023-06-26,N
C102768,Sai D'Souza,Coimbatore,TN,2022-11-17,Y
C102769,Simran Gaikwad,Kolkata,WB,2024-10-09,N
C102770,Farah Bose,Thiruvananthapuram,KL,2023-12-04,N
C102771,Meera Dhillon,Lucknow,UP,2023-06-10,N
C102772,Yash Dhillon,Mysuru,KA,2024-06-28,N
C102773,Imran Das,Vadodara,GJ,2022-09-09,Y
C102774,Shreya Jadhav,Gurugram,HR,2022-09-26,N
C102775,Ishaan Jain,Mysuru,KA,2023-03-31,N
C102776,Zaid Sharma,Lucknow,UP,2022-12-11,N
C102777,Varun Naidu,Lucknow,UP,2024-11-27,N
C102778,Riya Shinde,Bhubaneswar,OR,2024-10-19,N
C102779,Siddharth Arora,Thiruvananthapuram,KL,2024-10-22,N
C102780,Sameer Bansal,Nagpur,MH,2022-12-01,Y
C102781,Riya Bose,Vadodara,GJ,2022-09-05,N
C102782,Varun Ghosh,Pune,MH,2024-03-08,Y
C102783,Pranav Bose,Nashik,MH,2022-10-17,N
C102784,Tarun Rathore,Dehradun,UK,2024-11-16,Y
C102785,Faisal Shinde,Nashik,MH,2023-01-19,N
C102786,Yash Reddy,Visakhapatnam,AP,2022-10-13,N
C102787,Rahul Bansal,Lucknow,UP,2024-12-23,N
C102788,Gurpreet Menon,Bhubaneswar,OR,2023-04-12,N
C102789,Tarun Goyal,Jaipur,RJ,2024-06-04,N
C102790,Zoya Varghese,Bengaluru,KA,2024-08-21,N
C102791,Lakshmi Sandhu,Kolkata,WB,2023-02-11,N
C102792,Om George,Raipur,CG,2024-07-28,N
C102793,Sai Desai,Bengaluru,KA,2022-09-16,N
C102794,Mohammed Bhatia,Thiruvananthapuram,KL,2023-07-26,Y
C102795,Isha Rathore,Chennai,TN,2024-06-04,N
C102796,Kunal Dutta,Patna,BR,2022-11-12,N
C102797,Rohan Gaikwad,Gurugram,HR,2024-05-17,N
C102798,Nikhil Kapoor,Coimbatore,TN,2022-10-25,Y
C102799,Siddharth Kapoor,Gurugram,HR,2023-05-24,N
C102800,Arjun Deshpande,Chandigarh,CH,2024-09-13,Y
C102801,Sameer Pawar,Indore,MP,2024-09-23,Y
C102802,Lakshmi Rathore,Raipur,CG,2022-12-23,N
C102803,Pooja Patel,Pune,MH,2023-11-07,N
C102804,Arjun Siddiqui,Patna,BR,2024-07-30,N
C102805,Mohammed Roy,Mumbai,MH,2024-05-12,N
C102806,Joseph Rao,Bhopal,MP,2024-12-05,N
C102807,Anjali Joshi,Gurugram,HR,2022-09-22,Y
C102808,Jaspreet Sharma,Bhopal,MP,2023-11-04,N
C102809,Imran Mathew,Kolkata,WB,2022-09-13,N
C102810,Zoya Khanna,Delhi,DL,2022-12-21,N
C102811,Kunal Malhotra,Thiruvananthapuram,KL,2022-10-08,Y
C102812,Riya George,Indore,MP,2023-04-05,N
C102813,Mohammed Rao,Chennai,TN,2024-07-02,N
C102814,Thomas Joshi,Visakhapatnam,AP,2022-07-16,N
C102815,Simran Kaur,Dehradun,UK,2024-09-09,N
C102816,Abhishek Gaikwad,Ahmedabad,GJ,2022-09-05,N
C102817,Pooja Gupta,Visakhapatnam,AP,2022-08-29,N
C102818,Neha Srivastava,Nashik,MH,2024-04-16,Y
C102819,Mohammed Kapoor,Guwahati,AS,2024-12-28,N
C102820,Suresh Kumar,Lucknow,UP,2023-03-08,N
C102821,Manish Mishra,Dehradun,UK,2024-12-14,N
C102822,Pranav Rao,Delhi,DL,2024-10-20,N
C102823,Reyansh Varghese,Indore,MP,2022-12-30,N
C102824,Harsh Arora,Mysuru,KA,2023-07-11,N
C102825,Pooja Sen,Gurugram,HR,2022-09-23,N
C102826,Abhishek Gill,Delhi,DL,2024-04-20,Y
C102827,Dev Gaikwad,Pune,MH,2023-06-08,N
C102828,Sukhwinder Mishra,Pune,MH,2023-01-23,Y
C102829,Ritika Patil,Delhi,DL,2022-08-18,N
C102830,Mohammed Agarwal,Chandigarh,CH,2022-08-01,N
C102831,Vikram Pawar,Guwahati,AS,2023-10-01,N
C102832,Zaid D'Souza,Surat,GJ,2023-03-18,Y
C102833,Lobsang Reddy,Indore,MP,2024-03-08,Y
C102834,Isha Sen,Guwahati,AS,2023-07-31,Y
C102835,Sai Das,Ranchi,JH,2024-03-03,N
C102836,Yash Pawar,Chennai,TN,2022-08-16,N
C102837,Arjun Gaikwad,Gurugram,HR,2024-10-04,N
C102838,Riya Mathew,Jaipur,RJ,2024-06-17,N
C102839,Neha Joshi,Mumbai,MH,2023-01-02,Y
C102840,Manish Mathew,Noida,UP,2024-03-04,N
C102841,Divya Ansari,Nashik,MH,2024-09-20,N
C102842,Dev Patel,Kochi,KL,2022-11-19,N
C102843,Neha Jain,Dehradun,UK,2024-04-27,Y
C102844,Rajat Tiwari,Guwahati,AS,2024-11-08,N
C102845,Shreya Bansal,Dehradun,UK,2023-01-20,N
C102846,Tanvi Chopra,Vadodara,GJ,2024-04-27,Y
C102847,Rohit Ansari,Mysuru,KA,2023-06-21,N
C102848,Lakshmi Siddiqui,Indore,MP,2022-08-09,N
C102849,Tanvi Pandey,Hyderabad,TS,2023-06-23,N
C102850,Aarav Mittal,Visakhapatnam,AP,2023-07-21,Y
C102851,Payal Varghese,Gurugram,HR,2022-11-13,Y
C102852,Geeta Khan,Dehradun,UK,2022-07-26,N
C102853,Ramesh Roy,Visakhapatnam,AP,2024-11-13,N
C102854,Aditya Dutta,Bengaluru,KA,2024-10-10,N
C102855,Ishaan Chauhan,Bhopal,MP,2023-06-08,N
C102856,Kunal Singh,Mysuru,KA,2024-07-19,N
C102857,Isha Yadav,Raipur,CG,2023-08-12,N
C102858,Amit Fernandes,Bhubaneswar,OR,2023-02-20,Y
C102859,Kavya Sharma,Noida,UP,2022-09-05,N
C102860,Aadhya Deshpande,Visakhapatnam,AP,2024-11-21,N
C102861,Joseph Banerjee,Bhubaneswar,OR,2024-01-12,N
C102862,Meera Bhatia,Nashik,MH,2023-05-20,N
C102863,Riya Patel,Kolkata,WB,2024-06-04,N
C102864,Zoya George,Patna,BR,2024-02-29,Y
C102865,Om Kulkarni,Noida,UP,2024-12-08,N
C102866,Priya Verma,Chennai,TN,2022-12-23,N
C102867,Karan Roy,Ahmedabad,GJ,2023-01-28,N
C102868,Amit Tiwari,Mysuru,KA,2024-07-23,N
C102869,Imran Naidu,Ahmedabad,GJ,2024-12-23,Y
C102870,Vihaan Kapoor,Kochi,KL,2024-01-23,N
C102871,Joseph Menon,Kolkata,WB,2022-12-10,Y
C102872,Kunal Tiwari,Vadodara,GJ,2024-11-22,N
C102873,Rahul Siddiqui,Vadodara,GJ,2023-12-15,N
C102874,Ishaan Tiwari,Ahmedabad,GJ,2024-11-12,Y
C102875,Sukhwinder Kulkarni,Visakhapatnam,AP,2024-01-27,Y
C102876,Ramesh Joshi,Nashik,MH,2023-02-06,Y
C102877,Simran Kumar,Raipur,CG,2024-03-25,Y
C102878,Payal Goyal,Bhubaneswar,OR,2024-05-19,N
C102879,Divya Singh,Raipur,CG,2023-10-14,N
C102880,Tenzin Sharma,Vadodara,GJ,2022-09-05,N
C102881,Gurpreet Shah,Delhi,DL,2024-04-10,Y
C102882,Krishna Bhatt,Dehradun,UK,2023-09-11,N
C102883,Siddharth Iyer,Chennai,TN,2024-06-06,N
C102884,Harsh Naidu,Bengaluru,KA,2024-10-25,N
C102885,Divya Sharma,Bengaluru,KA,2023-10-08,N
C102886,Arjun Agarwal,Delhi,DL,2024-04-26,N
C102887,Aishwarya Malhotra,Chandigarh,CH,2024-07-31,N
C102888,Saanvi Chauhan,Chandigarh,CH,2023-07-14,N
C102889,Swati Shah,Chennai,TN,2024-04-12,Y
C102890,Vihaan Shinde,Raipur,CG,2023-10-09,Y
C102891,Anjali Sheikh,Lucknow,UP,2024-10-09,Y
C102892,Abhishek Das,Surat,GJ,2024-06-28,N
C102893,Aadhya Pillai,Nashik,MH,2023-09-15,N
C102894,Nisha George,Kolkata,WB,2024-04-02,Y
C102895,Ritika Khan,Gurugram,HR,2023-03-13,Y
C102896,Lobsang Srivastava,Nashik,MH,2023-03-15,N
C102897,Abhishek Trivedi,Ahmedabad,GJ,2024-05-03,N
C102898,Priya Patil,Noida,UP,2022-09-28,N
C102899,Rohit Banerjee,Bengaluru,KA,2023-05-18,N
C102900,Aarav Kulkarni,Jaipur,RJ,2024-09-09,Y
C102901,Riya Desai,Mumbai,MH,2024-01-20,N
C102902,Ishaan Pawar,Hyderabad,TS,2023-03-28,N
C102903,Tanvi Banerjee,Kolkata,WB,2023-12-04,N
C102904,Ritika Kumar,Chennai,TN,2024-05-23,Y
C102905,Harsh Sharma,Nagpur,MH,2024-09-13,Y
C102906,Aditya Gaikwad,Dehradun,UK,2024-11-10,Y
C102907,Yash Shah,Thiruvananthapuram,KL,2024-09-25,Y
C102908,Payal Arora,Jaipur,RJ,2023-04-21,Y
C102909,Isha Fernandes,Dehradun,UK,2022-09-06,Y
C102910,Pranav Mathew,Chennai,TN,2022-08-06,N
C102911,Yash Khan,Bengaluru,KA,2024-01-07,Y
C102912,Meera Agarwal,Thiruvananthapuram,KL,2022-08-20,N
C102913,Suresh Roy,Kolkata,WB,2022-08-02,N
C102914,Tarun Fernandes,Nashik,MH,2024-07-11,N
C102915,Manish Trivedi,Indore,MP,2024-12-26,N
C102916,Arjun Pereira,Kolkata,WB,2022-09-04,N
C102917,Om Jain,Jaipur,RJ,2023-11-16,N
C102918,Lobsang Malhotra,Nagpur,MH,2024-04-29,N
C102919,Zoya Sandhu,Mysuru,KA,2022-10-12,Y
C102920,Bhavna Kulkarni,Bengaluru,KA,2022-07-19,N
C102921,Daniel Menon,Kochi,KL,2022-10-02,Y
C102922,Mohammed Pandey,Gurugram,HR,2023-05-25,Y
C102923,Simran Patel,Pune,MH,2023-07-23,Y
C102924,Pooja Pillai,Mysuru,KA,2023-05-25,N
C102925,Mohammed Sheikh,Hyderabad,TS,2023-07-27,N
C102926,Ramesh Sethi,Ranchi,JH,2024-03-21,N
C102927,Varun Mukherjee,Visakhapatnam,AP,2024-02-05,N
C102928,Tanvi Chauhan,Indore,MP,2024-05-30,N
C102929,Daniel Srivastava,Chandigarh,CH,2023-06-06,N
C102930,Rohan Roy,Kochi,KL,2023-04-26,Y
C102931,Yash D'Souza,Coimbatore,TN,2022-09-03,N
C102932,Faisal Tiwari,Surat,GJ,2023-09-21,N
C102933,Meera Goyal,Surat,GJ,2023-05-29,Y
C102934,Harpreet Srivastava,Jaipur,RJ,2023-03-23,N
C102935,Dev Rao,Kochi,KL,2023-03-21,N
C102936,Zaid Bansal,Bengaluru,KA,2022-08-18,Y
C102937,Abhishek Saxena,Visakhapatnam,AP,2024-08-14,N
C102938,Nisha Rao,Hyderabad,TS,2022-08-02,Y
C102939,Krishna Pawar,Kochi,KL,2024-01-16,Y
C102940,Neha Qureshi,Jaipur,RJ,2023-03-09,N
C102941,Daniel Srivastava,Nashik,MH,2023-04-16,N
C102942,Arjun Bhatt,Bengaluru,KA,2022-10-14,Y
C102943,Manish Malhotra,Guwahati,AS,2023-05-22,N
C102944,Bhavna George,Pune,MH,2023-09-23,N
C102945,Diya Reddy,Kolkata,WB,2022-11-04,Y
C102946,Vivaan Gaikwad,Lucknow,UP,2023-08-31,Y
C102947,Rahul Bhatia,Pune,MH,2023-11-09,N
C102948,Gurpreet Mittal,Coimbatore,TN,2024-05-30,N
C102949,Ritika Rathore,Chandigarh,CH,2024-08-01,N
C102950,Joseph Bansal,Noida,UP,2024-03-01,N
C102951,Shreya Srivastava,Bhopal,MP,2022-08-22,N
C102952,Yash Naidu,Ahmedabad,GJ,2022-08-06,N
C102953,Ritika Varghese,Delhi,DL,2023-10-27,Y
C102954,Farah Yadav,Dehradun,UK,2023-02-21,N
C102955,Megha Nair,Pune,MH,2023-01-04,N
C102956,Meera Pawar,Pune,MH,2022-10-11,N
C102957,Aishwarya Bose,Ranchi,JH,2022-10-04,N
C102958,Isha Bansal,Surat,GJ,2023-06-03,Y
C102959,Jaspreet Dutta,Thiruvananthapuram,KL,2024-04-26,N
C102960,Shreya Dhillon,Lucknow,UP,2023-06-19,N
C102961,Gurpreet Kapoor,Surat,GJ,2023-10-24,Y
C102962,Divya Kumar,Indore,MP,2023-06-09,N
C102963,Nikhil Kaur,Thiruvananthapuram,KL,2024-02-08,Y
C102964,Faisal Das,Gurugram,HR,2024-12-05,N
C102965,Dev Dutta,Raipur,CG,2023-06-13,N
C102966,Zoya Mittal,Coimbatore,TN,2024-07-23,N
C102967,Arjun Ghosh,Lucknow,UP,2024-11-04,Y
C102968,Saanvi Iyer,Vadodara,GJ,2023-02-17,N
C102969,Sameer Naidu,Raipur,CG,2024-10-19,N
C102970,Nisha Kumar,Indore,MP,2024-04-16,N
C102971,Ishaan Shah,Bhopal,MP,2023-05-08,N
C102972,Riya Naidu,Ahmedabad,GJ,2023-11-17,N
C102973,Rohit Joshi,Bhubaneswar,OR,2022-07-31,N
C102974,Sai Sandhu,Mumbai,MH,2023-08-06,N
C102975,Steven Desai,Bengaluru,KA,2024-05-24,N
C102976,Harpreet Siddiqui,Lucknow,UP,2024-09-19,N
C102977,Vikram George,Jaipur,RJ,2022-11-17,Y
C102978,Kunal Jain,Bhubaneswar,OR,2023-05-07,N
C102979,Siddharth Gupta,Chennai,TN,2024-01-13,Y
C102980,Anjali Agarwal,Thiruvananthapuram,KL,2023-11-25,N
C102981,Zaid Singh,Coimbatore,TN,2022-12-22,N
C102982,Kabir Saxena,Coimbatore,TN,2023-12-25,N
C102983,Mohammed Saxena,Jaipur,RJ,2022-12-14,N
C102984,Joseph Saxena,Hyderabad,TS,2023-01-25,N
C102985,Ritika Sethi,Chandigarh,CH,2022-08-16,Y
C102986,Priya Gill,Kolkata,WB,2023-07-01,N
C102987,Riya Kulkarni,Nashik,MH,2023-02-25,Y
C102988,Suresh Singh,Bengaluru,KA,2023-03-07,Y
C102989,Tarun Gupta,Nagpur,MH,2023-08-12,N
C102990,Nisha Srivastava,Bhopal,MP,2022-10-06,N
C102991,Faisal Goyal,Mumbai,MH,2024-08-02,N
C102992,Daniel Arora,Bengaluru,KA,2022-11-25,Y
C102993,Faisal Saxena,Mumbai,MH,2024-10-01,N
C102994,Suresh Shinde,Raipur,CG,2022-09-12,Y
C102995,Anjali Chopra,Kolkata,WB,2024-11-20,Y
C102996,Arjun Ansari,Guwahati,AS,2024-04-22,N
C102997,Ankit Sethi,Kochi,KL,2023-05-07,Y
C102998,Diya Naidu,Lucknow,UP,2022-11-09,Y
C102999,Neha Pillai,Thiruvananthapuram,KL,2024-07-25,N
C103000,Priya Mathew,Nagpur,MH,2023-09-03,N
C103001,Tanvi Iyer,Kolkata,WB,2022-11-28,N
C103002,Ankit Bansal,Patna,BR,2022-09-21,N
C103003,Ramesh Kapoor,Mumbai,MH,2023-10-14,N
C103004,Sunita Khanna,Bhubaneswar,OR,2024-02-08,N
C103005,Krishna Banerjee,Mysuru,KA,2024-02-27,N
C103006,Payal Roy,Guwahati,AS,2024-05-13,N
C103007,Arjun Bose,Delhi,DL,2022-12-22,N
C103008,Amit Pereira,Hyderabad,TS,2024-12-31,N
C103009,Arjun Pandey,Noida,UP,2023-04-13,Y
C103010,Priya Pereira,Chandigarh,CH,2023-07-12,N
C103011,Rohit Fernandes,Nashik,MH,2024-01-25,N
C103012,Amit Malhotra,Thiruvananthapuram,KL,2023-03-26,N
C103013,Rohan Reddy,Surat,GJ,2024-10-28,N
C103014,Siddharth Qureshi,Raipur,CG,2023-09-29,N
C103015,Zaid Verma,Pune,MH,2024-12-26,N
C103016,Rohit Qureshi,Lucknow,UP,2024-02-11,N
C103017,Karan Shah,Chandigarh,CH,2023-04-26,N
C103018,Rajat Jadhav,Chennai,TN,2023-12-09,Y
C103019,Amit Patel,Surat,GJ,2023-06-18,N
C103020,Amit Chatterjee,Coimbatore,TN,2022-08-11,N
C103021,Manpreet Srivastava,Noida,UP,2023-09-18,N
C103022,Steven George,Bengaluru,KA,2024-07-11,N
C103023,Kunal Kapoor,Ahmedabad,GJ,2023-08-29,N
C103024,Aadhya Mukherjee,Coimbatore,TN,2024-04-20,N
C103025,Harsh Srivastava,Bhopal,MP,2024-12-22,N
C103026,Tenzin Iyer,Delhi,DL,2024-11-24,Y
C103027,Isha Deshpande,Thiruvananthapuram,KL,2024-11-08,N
C103028,Manpreet Jadhav,Jaipur,RJ,2024-08-28,Y
C103029,Ayaan Fernandes,Chandigarh,CH,2024-08-06,N
C103030,Tarun Arora,Pune,MH,2023-12-19,N
C103031,Komal Kapoor,Ahmedabad,GJ,2024-08-17,Y
C103032,Manish Chopra,Chandigarh,CH,2022-11-14,N
C103033,Rohan Joshi,Bengaluru,KA,2024-11-21,Y
C103034,Manpreet Varghese,Mumbai,MH,2024-01-05,Y
C103035,Thomas Kumar,Bengaluru,KA,2022-12-16,Y
C103036,Ayaan Shah,Hyderabad,TS,2023-12-11,N
C103037,Thomas Agarwal,Surat,GJ,2023-10-17,N
C103038,Farah Tiwari,Mysuru,KA,2024-03-11,Y
C103039,Megha Pandey,Ranchi,JH,2024-09-24,Y
C103040,Thomas Roy,Nagpur,MH,2024-01-14,N
C103041,Jaspreet Reddy,Guwahati,AS,2022-07-19,N
C103042,Sunita Kumar,Jaipur,RJ,2023-02-27,N
C103043,Tarun Nair,Kochi,KL,2024-07-12,Y
C103044,Arjun Roy,Patna,BR,2024-09-22,N
C103045,Sneha D'Souza,Chandigarh,CH,2024-03-24,N
C103046,Gurpreet Verma,Delhi,DL,2024-03-21,N
C103047,Bhavna Bose,Guwahati,AS,2024-09-17,N
C103048,Neha Deshpande,Surat,GJ,2023-04-15,N
C103049,Aadhya Patel,Thiruvananthapuram,KL,2023-09-24,N
C103050,Rohit Dhillon,Mumbai,MH,2024-06-03,N
C103051,Anjali Ghosh,Pune,MH,2022-07-18,N
C103052,Swati Pereira,Kochi,KL,2023-12-09,Y
C103053,Harsh D'Souza,Kochi,KL,2023-10-31,N
C103054,Nisha Mehta,Kochi,KL,2024-06-02,N
C103055,Swati Desai,Surat,GJ,2024-08-09,Y
C103056,Zoya Mishra,Noida,UP,2022-09-15,N
C103057,Mohammed Menon,Ranchi,JH,2024-06-04,N
C103058,Varun Nair,Bhopal,MP,2024-09-06,Y
C103059,Sneha Siddiqui,Bhopal,MP,2024-02-02,N
C103060,Komal Mathew,Lucknow,UP,2023-10-23,N
C103061,Sneha Goyal,Mumbai,MH,2023-06-01,N
C103062,Diya Chatterjee,Visakhapatnam,AP,2023-03-10,N
C103063,Rohan Bose,Lucknow,UP,2024-08-29,N
C103064,Gurpreet Rathore,Bhopal,MP,2022-10-01,N
C103065,Mohammed Saxena,Thiruvananthapuram,KL,2024-08-17,Y
C103066,Harsh Mishra,Gurugram,HR,2024-02-05,Y
C103067,Krishna Varghese,Visakhapatnam,AP,2022-10-09,N
C103068,Farah Rao,Jaipur,RJ,2023-09-22,N
C103069,Suresh Gaikwad,Dehradun,UK,2023-04-06,Y
C103070,Tanvi Ansari,Guwahati,AS,2023-12-27,N
C103071,Rajat Khanna,Kolkata,WB,2024-08-10,N
C103072,Divya Varghese,Guwahati,AS,2024-08-01,N
C103073,Rohit Kaur,Bengaluru,KA,2022-10-27,N
C103074,Vihaan Pillai,Hyderabad,TS,2024-07-03,Y
C103075,Sai George,Guwahati,AS,2024-08-11,Y
C103076,Vikram Ghosh,Chandigarh,CH,2023-12-14,N
C103077,Joseph Gaikwad,Kochi,KL,2023-02-22,N
C103078,Vikram Ghosh,Ranchi,JH,2023-08-16,N
C103079,Kavya Pawar,Noida,UP,2023-11-11,Y
C103080,Abhishek Sen,Bengaluru,KA,2024-10-26,N
C103081,Aishwarya Bansal,Thiruvananthapuram,KL,2023-07-10,N
C103082,Thomas Kapoor,Raipur,CG,2024-11-07,N
C103083,Ananya Sheikh,Patna,BR,2023-04-15,N
C103084,Neha Shah,Gurugram,HR,2023-12-18,N
C103085,Vikram Joshi,Bhubaneswar,OR,2023-06-11,N
C103086,Aditya Gupta,Guwahati,AS,2024-11-02,N
C103087,Anjali Sethi,Jaipur,RJ,2022-11-27,Y
C103088,Faisal Nair,Chandigarh,CH,2023-05-24,N
C103089,Ritika Mishra,Kochi,KL,2025-01-01,N
C103090,Swati Khanna,Bengaluru,KA,2023-06-14,N
C103091,Sunita Bose,Kochi,KL,2023-10-25,N
C103092,Sukhwinder Arora,Dehradun,UK,2023-11-21,N
C103093,Rohan Mathew,Ranchi,JH,2022-09-08,N
C103094,Megha Naidu,Jaipur,RJ,2024-10-22,Y
C103095,Steven Pereira,Indore,MP,2023-12-31,N
C103096,Kavya Iyer,Jaipur,RJ,2024-05-04,Y
C103097,Megha Srivastava,Dehradun,UK,2023-09-18,N
C103098,Harpreet Dutta,Bengaluru,KA,2022-10-26,N
C103099,Komal Mehta,Vadodara,GJ,2023-02-28,N
C103100,Harsh Sen,Noida,UP,2024-08-24,N
C103101,Zaid Naidu,Chennai,TN,2024-01-22,N
C103102,Joseph Sen,Surat,GJ,2022-11-21,Y
C103103,Yash Reddy,Bhubaneswar,OR,2024-08-23,Y
C103104,Ramesh Verma,Nagpur,MH,2023-11-17,N
C103105,Krishna Chopra,Pune,MH,2023-06-01,Y
C103106,Diya Trivedi,Jaipur,RJ,2023-09-04,N
C103107,Varun Sethi,Gurugram,HR,2022-11-14,N
C103108,Ayaan Menon,Nagpur,MH,2023-06-06,Y
C103109,Tenzin Pillai,Visakhapatnam,AP,2023-09-20,Y
C103110,Bhavna Chopra,Lucknow,UP,2024-11-25,N
C103111,Farah Bansal,Surat,GJ,2023-04-30,N
C103112,Lakshmi Kulkarni,Kochi,KL,2022-10-30,N
C103113,Varun Singh,Dehradun,UK,2024-12-25,Y
C103114,Komal Chauhan,Bhubaneswar,OR,2024-07-28,N
C103115,Arjun Chopra,Surat,GJ,2024-10-06,N
C103116,Aarav Reddy,Indore,MP,2023-08-31,N
C103117,Aditya Sen,Kolkata,WB,2024-04-30,N
C103118,Lobsang Shinde,Bhopal,MP,2022-08-18,N
C103119,Om D'Souza,Mumbai,MH,2024-10-26,Y
C103120,Anjali Sharma,Raipur,CG,2022-09-19,Y
C103121,Ishaan Naidu,Gurugram,HR,2022-12-20,N
C103122,Faisal Malhotra,Kolkata,WB,2022-11-17,Y
C103123,Zaid Pawar,Ahmedabad,GJ,2024-12-10,Y
C103124,Manpreet Fernandes,Mumbai,MH,2024-06-06,N
C103125,Manish Shinde,Chandigarh,CH,2024-09-11,N
C103126,Sai Banerjee,Visakhapatnam,AP,2024-04-10,N
C103127,Ishaan Ansari,Kochi,KL,2024-07-18,N
C103128,Zoya Rao,Guwahati,AS,2024-12-28,Y
C103129,Bhavna Mathew,Indore,MP,2022-11-11,Y
C103130,Sai Rao,Delhi,DL,2023-12-10,N
C103131,Meera Sheikh,Bhubaneswar,OR,2022-12-09,Y
C103132,Meera Roy,Gurugram,HR,2024-10-03,N
C103133,Daniel Mukherjee,Nashik,MH,2023-04-13,N
C103134,Tarun Roy,Ranchi,JH,2022-10-24,N
C103135,Pranav Bhatia,Kochi,KL,2023-04-16,Y
C103136,Varun Kulkarni,Coimbatore,TN,2022-09-23,N
C103137,Ankit George,Vadodara,GJ,2023-07-13,N
C103138,Aditya Bhatia,Bhopal,MP,2024-02-23,N
C103139,Sneha Iyer,Jaipur,RJ,2022-07-26,N
C103140,Reyansh Arora,Jaipur,RJ,2022-07-30,N
C103141,Aishwarya Varghese,Bhubaneswar,OR,2023-08-10,N
C103142,Manish Siddiqui,Nashik,MH,2022-10-25,Y
C103143,Rahul Sharma,Ranchi,JH,2024-05-11,N
C103144,Sukhwinder Chopra,Kochi,KL,2024-08-16,N
C103145,Siddharth Mathew,Pune,MH,2024-07-23,N
C103146,Tanvi George,Ranchi,JH,2022-11-07,N
C103147,Bhavna Srivastava,Gurugram,HR,2022-11-13,N
C103148,Varun Pereira,Noida,UP,2023-03-13,N
C103149,Thomas Fernandes,Bhubaneswar,OR,2022-12-22,N
C103150,Sameer Siddiqui,Guwahati,AS,2023-12-23,N
C103151,Deepak Joshi,Mumbai,MH,2024-07-27,N
C103152,Meera Pillai,Hyderabad,TS,2023-12-04,N
C103153,Yash Pillai,Gurugram,HR,2024-05-31,N
C103154,Rahul Desai,Patna,BR,2022-10-22,Y
C103155,Karan Siddiqui,Coimbatore,TN,2024-02-25,N
C103156,Aditya Ansari,Coimbatore,TN,2023-04-12,N
C103157,Pooja Singh,Indore,MP,2024-08-16,Y
C103158,Suresh Siddiqui,Bhubaneswar,OR,2024-12-22,N
C103159,Sunita Shinde,Ranchi,JH,2024-09-26,Y
C103160,Sneha Arora,Bhopal,MP,2024-09-04,Y
C103161,Simran Verma,Jaipur,RJ,2024-07-24,Y
C103162,Thomas Sheikh,Indore,MP,2024-04-24,Y
C103163,Arjun Kulkarni,Patna,BR,2023-01-20,Y
C103164,Arjun Kapoor,Bhopal,MP,2024-04-04,Y
C103165,Daniel Dutta,Hyderabad,TS,2024-06-01,Y
C103166,Sneha Malhotra,Guwahati,AS,2024-07-06,N
C103167,Bhavna Gupta,Mysuru,KA,2024-07-10,Y
C103168,Kunal D'Souza,Kochi,KL,2024-01-07,N
C103169,Ananya Nair,Guwahati,AS,2024-09-03,N
C103170,Rajat Rathore,Chandigarh,CH,2024-07-28,N
C103171,Karan Bhatt,Nagpur,MH,2023-10-29,N
C103172,Lobsang Pandey,Bhubaneswar,OR,2023-10-29,Y
C103173,Saanvi Chauhan,Thiruvananthapuram,KL,2023-01-27,N
C103174,Megha Trivedi,Noida,UP,2022-12-29,N
C103175,Mohammed Sheikh,Surat,GJ,2022-08-07,N
C103176,Shreya Mishra,Gurugram,HR,2024-01-14,Y
C103177,Imran Chauhan,Hyderabad,TS,2023-09-25,N
C103178,Thomas Malhotra,Bengaluru,KA,2023-03-27,Y
C103179,Lakshmi George,Coimbatore,TN,2024-04-10,N
C103180,Sunita Reddy,Kochi,KL,2023-08-01,N
C103181,Kabir Jadhav,Delhi,DL,2024-09-21,N
C103182,Lobsang Trivedi,Ahmedabad,GJ,2023-03-29,N
C103183,Ankit Sethi,Kolkata,WB,2024-05-18,N
C103184,Megha Pandey,Jaipur,RJ,2023-11-15,N
C103185,Dev Shinde,Bhopal,MP,2024-11-30,Y
C103186,Ritika Sharma,Ranchi,JH,2024-08-31,Y
C103187,Mohammed Singh,Chennai,TN,2023-08-12,Y
C103188,Vivaan Pawar,Nashik,MH,2023-11-05,N
C103189,Farah Ansari,Kolkata,WB,2024-03-23,Y
C103190,Gurpreet Tiwari,Lucknow,UP,2023-08-02,N
C103191,Swati Chatterjee,Raipur,CG,2022-11-20,Y
C103192,Sukhwinder Mukherjee,Hyderabad,TS,2022-08-06,N
C103193,Rahul Dutta,Vadodara,GJ,2023-12-14,N
C103194,Rohit Bhatt,Delhi,DL,2024-03-13,N
C103195,Farah Tiwari,Delhi,DL,2024-02-14,N
C103196,Thomas Joshi,Kolkata,WB,2023-08-13,Y
C103197,Meera Dhillon,Delhi,DL,2022-12-07,N
C103198,Gurpreet Patel,Mysuru,KA,2023-05-01,N
C103199,Sameer Mathew,Pune,MH,2023-07-08,Y
C103200,Sai Fernandes,Pune,MH,2024-12-22,N
C103201,Rohan Pereira,Bengaluru,KA,2024-01-24,N
C103202,Joseph D'Souza,Guwahati,AS,2022-11-23,N
C103203,Sameer Kapoor,Bhopal,MP,2024-09-09,N
C103204,Rohan Trivedi,Bengaluru,KA,2023-05-08,N
C103205,Mohammed Mathew,Hyderabad,TS,2023-01-03,Y
C103206,Shreya Deshpande,Noida,UP,2023-09-04,Y
C103207,Dev Rathore,Chennai,TN,2024-10-04,N
C103208,Amit Desai,Pune,MH,2022-07-21,N
C103209,Nisha Menon,Chandigarh,CH,2023-03-24,N
C103210,Suresh Srivastava,Delhi,DL,2023-09-21,N
C103211,Priya Sen,Gurugram,HR,2024-05-02,N
C103212,Sai Roy,Vadodara,GJ,2024-11-09,N
C103213,Pooja Menon,Chandigarh,CH,2024-03-06,N
C103214,Manish Pandey,Mysuru,KA,2022-09-05,N
C103215,Ishaan Chopra,Jaipur,RJ,2023-06-02,N
C103216,Karan Chopra,Nashik,MH,2022-12-17,N
C103217,Geeta Shinde,Nagpur,MH,2024-04-11,N
C103218,Dev Bose,Lucknow,UP,2024-02-13,N
C103219,Jaspreet Roy,Nagpur,MH,2023-05-02,Y
C103220,Zoya Bhatt,Chennai,TN,2022-09-14,N
C103221,Pranav Das,Dehradun,UK,2023-09-07,N
C103222,Komal Saxena,Jaipur,RJ,2024-07-09,N
C103223,Aditya Kulkarni,Thiruvananthapuram,KL,2023-10-10,N
C103224,Nisha Tiwari,Hyderabad,TS,2023-08-26,N
C103225,Suresh Sheikh,Surat,GJ,2024-04-16,Y
C103226,Simran Patel,Vadodara,GJ,2023-02-12,N
C103227,Deepak Malhotra,Mumbai,MH,2023-04-05,N
C103228,Isha Jadhav,Ranchi,JH,2023-04-16,N
C103229,Shreya Chopra,Surat,GJ,2023-01-24,N
C103230,Kunal Pereira,Gurugram,HR,2022-09-21,N
C103231,Ananya Sheikh,Noida,UP,2024-05-05,N
C103232,Priya Sandhu,Visakhapatnam,AP,2023-03-19,Y
C103233,Arjun Singh,Mysuru,KA,2022-11-28,N
C103234,Meera Agarwal,Thiruvananthapuram,KL,2023-12-02,Y
C103235,Krishna Rathore,Delhi,DL,2024-04-26,N
C103236,Dev Bhatia,Ranchi,JH,2024-03-09,N
C103237,Aishwarya Menon,Ranchi,JH,2023-07-09,N
C103238,Steven Kulkarni,Raipur,CG,2023-07-15,N
C103239,Rahul Pandey,Nashik,MH,2023-04-09,Y
C103240,Tanvi Kulkarni,Coimbatore,TN,2023-02-01,N
C103241,Meera Malhotra,Surat,GJ,2024-03-26,Y
C103242,Priya Chatterjee,Raipur,CG,2024-08-08,N
C103243,Imran Khanna,Coimbatore,TN,2024-10-13,N
C103244,Suresh Gupta,Thiruvananthapuram,KL,2023-05-10,N
C103245,Ritika Ansari,Patna,BR,2022-12-21,N
C103246,Tenzin Naidu,Coimbatore,TN,2023-06-26,Y
C103247,Riya Sen,Ranchi,JH,2024-05-18,Y
C103248,Imran Gaikwad,Mysuru,KA,2024-08-11,N
C103249,Ramesh Tiwari,Nagpur,MH,2024-05-24,N
C103250,Ayaan Ghosh,Hyderabad,TS,2022-11-28,N
C103251,Zaid Desai,Patna,BR,2023-07-08,N
C103252,Riya Pawar,Ahmedabad,GJ,2023-07-10,N
C103253,Harpreet Sandhu,Nagpur,MH,2024-03-26,Y
C103254,Imran Jain,Jaipur,RJ,2022-07-28,N
C103255,Faisal Nair,Kochi,KL,2024-06-18,N
C103256,Megha Rao,Bhubaneswar,OR,2023-09-02,N
C103257,Tanvi Verma,Lucknow,UP,2023-04-09,N
C103258,Ramesh Naidu,Visakhapatnam,AP,2024-01-16,N
C103259,Riya Rathore,Pune,MH,2022-10-19,N
C103260,Sameer Shinde,Indore,MP,2024-09-05,N
C103261,Riya Bhatia,Bengaluru,KA,2023-12-31,N
C103262,Megha Trivedi,Bhubaneswar,OR,2022-09-06,Y
C103263,Arjun Sethi,Delhi,DL,2023-06-17,N
C103264,Vihaan Malhotra,Bhopal,MP,2023-07-13,N
C103265,Sukhwinder Siddiqui,Chennai,TN,2024-04-29,Y
C103266,Jaspreet Sen,Raipur,CG,2022-11-07,N
C103267,Ritika Khan,Chennai,TN,2023-07-15,N
C103268,Harsh Dutta,Indore,MP,2022-08-07,Y
C103269,Sameer Nair,Bhopal,MP,2022-11-23,N
C103270,Dev Mittal,Ahmedabad,GJ,2022-07-29,N
C103271,Kunal Saxena,Bhubaneswar,OR,2023-09-07,N
C103272,Reyansh Siddiqui,Hyderabad,TS,2023-05-03,N
C103273,Lobsang Mathew,Ahmedabad,GJ,2023-10-19,Y
C103274,Mohammed Kulkarni,Hyderabad,TS,2022-08-24,Y
C103275,Rahul Iyer,Gurugram,HR,2023-11-23,N
C103276,Priya Siddiqui,Lucknow,UP,2023-05-11,N
C103277,Tarun Verma,Hyderabad,TS,2022-09-05,N
C103278,Sai Jain,Noida,UP,2023-01-22,N
C103279,Payal Gill,Indore,MP,2023-01-22,Y
C103280,Sneha Chatterjee,Pune,MH,2024-06-01,N
C103281,Faisal Singh,Surat,GJ,2023-07-07,N
C103282,Manish Dhillon,Chandigarh,CH,2023-12-22,N
C103283,Amit Agarwal,Jaipur,RJ,2023-11-29,N
C103284,Shreya Kapoor,Indore,MP,2023-04-10,Y
C103285,Yash Chatterjee,Lucknow,UP,2023-11-04,N
C103286,Saanvi Chatterjee,Pune,MH,2023-09-05,N
C103287,Tanvi Fernandes,Jaipur,RJ,2024-05-01,Y
C103288,Varun Pawar,Patna,BR,2024-06-25,N
C103289,Kabir Bansal,Guwahati,AS,2022-10-31,N
C103290,Imran Saxena,Chandigarh,CH,2024-04-06,N
C103291,Harpreet Verma,Guwahati,AS,2023-09-10,N
C103292,Kavya Bhatia,Bhubaneswar,OR,2024-05-20,N
C103293,Nikhil Jadhav,Ahmedabad,GJ,2024-08-10,Y
C103294,Ayaan Ansari,Nagpur,MH,2023-02-05,N
C103295,Suresh Chopra,Delhi,DL,2024-09-18,N
C103296,Karan Jadhav,Surat,GJ,2024-04-29,N
C103297,Swati Varghese,Chandigarh,CH,2024-05-02,N
C103298,Tenzin Malhotra,Nagpur,MH,2022-10-28,N
C103299,Kunal Verma,Surat,GJ,2024-07-29,Y
C103300,Deepak Bansal,Ranchi,JH,2023-06-22,N
C103301,Dev Nair,Mysuru,KA,2023-10-22,N
C103302,Steven Khan,Raipur,CG,2024-09-02,N
C103303,Zoya Iyer,Nagpur,MH,2024-10-17,N
C103304,Kabir Chopra,Indore,MP,2023-03-07,N
C103305,Vivaan Jadhav,Kolkata,WB,2024-01-02,N
C103306,Megha Dutta,Dehradun,UK,2024-02-10,N
C103307,Imran Kaur,Pune,MH,2024-07-15,Y
C103308,Kunal Yadav,Hyderabad,TS,2023-10-24,N
C103309,Jaspreet Bose,Gurugram,HR,2024-08-08,Y
C103310,Aditya Yadav,Hyderabad,TS,2023-09-05,N
C103311,Thomas Iyer,Bengaluru,KA,2023-01-06,N
C103312,Arjun Pillai,Bhopal,MP,2022-08-06,N
C103313,Tenzin Qureshi,Thiruvananthapuram,KL,2023-09-28,N
C103314,Harsh Sheikh,Bhubaneswar,OR,2023-01-29,Y
C103315,Ayaan Desai,Bengaluru,KA,2023-02-03,N
C103316,Arjun Deshpande,Surat,GJ,2022-07-18,Y
C103317,Abhishek Iyer,Dehradun,UK,2023-06-12,Y
C103318,Vivaan Khan,Ahmedabad,GJ,2024-12-27,N
C103319,Divya Khanna,Chennai,TN,2023-01-17,N
C103320,Farah Arora,Gurugram,HR,2023-08-01,Y
C103321,Vihaan Bhatt,Noida,UP,2023-10-26,N
C103322,Payal Sheikh,Gurugram,HR,2024-05-21,Y
C103323,Sai Mishra,Gurugram,HR,2024-07-16,N
C103324,Krishna Qureshi,Pune,MH,2023-07-20,Y
C103325,Lakshmi Kapoor,Pune,MH,2024-01-06,Y
C103326,Rajat Khanna,Bengaluru,KA,2024-11-07,N
C103327,Aadhya Ghosh,Gurugram,HR,2023-05-17,N
C103328,Zoya Kaur,Dehradun,UK,2023-02-03,N
C103329,Payal Kumar,Bhubaneswar,OR,2022-08-24,N
C103330,Reyansh Verma,Visakhapatnam,AP,2023-03-26,Y
C103331,Riya Chauhan,Patna,BR,2024-09-13,N
C103332,Steven Menon,Lucknow,UP,2022-09-14,N
C103333,Reyansh Gupta,Kolkata,WB,2023-07-25,Y
C103334,Tarun Iyer,Ahmedabad,GJ,2024-07-06,N
C103335,Geeta Kaur,Guwahati,AS,2023-06-14,N
C103336,Aarav Sen,Kochi,KL,2024-03-20,N
C103337,Tarun Patel,Chennai,TN,2023-11-19,N
C103338,Megha Chauhan,Gurugram,HR,2022-10-22,Y
C103339,Rahul Fernandes,Ranchi,JH,2024-10-13,N
C103340,Ankit Ansari,Vadodara,GJ,2024-11-12,N
C103341,Thomas Jadhav,Surat,GJ,2023-04-18,Y
C103342,Yash Mathew,Hyderabad,TS,2024-06-19,Y
C103343,Lobsang Kumar,Lucknow,UP,2024-12-21,Y
C103344,Kabir Rathore,Hyderabad,TS,2022-09-12,N
C103345,Tenzin Mehta,Coimbatore,TN,2022-12-28,N
C103346,Isha Gill,Bengaluru,KA,2024-02-23,N
C103347,Vihaan George,Vadodara,GJ,2022-12-25,N
C103348,Jaspreet Verma,Bhopal,MP,2024-05-03,Y
C103349,Varun Agarwal,Jaipur,RJ,2024-02-16,N
C103350,Sameer Iyer,Hyderabad,TS,2024-11-04,Y
C103351,Divya Bansal,Indore,MP,2022-07-27,N
C103352,Rahul Siddiqui,Indore,MP,2024-05-05,Y
C103353,Komal Srivastava,Thiruvananthapuram,KL,2024-01-02,Y
C103354,Gurpreet Shinde,Gurugram,HR,2023-09-29,N
C103355,Gurpreet Pawar,Kolkata,WB,2023-05-15,N
C103356,Ramesh Dhillon,Surat,GJ,2023-11-09,N
C103357,Thomas Tiwari,Jaipur,RJ,2024-03-31,N
C103358,Dev Reddy,Raipur,CG,2024-12-24,Y
C103359,Harsh Roy,Bhubaneswar,OR,2023-01-29,N
C103360,Ramesh Kaur,Nashik,MH,2024-05-31,N
C103361,Priya Sharma,Chennai,TN,2024-01-28,N
C103362,Megha Arora,Nagpur,MH,2024-07-16,Y
C103363,Mohammed Shinde,Thiruvananthapuram,KL,2022-08-16,N
C103364,Swati Bhatia,Pune,MH,2023-12-15,N
C103365,Deepak Pawar,Dehradun,UK,2024-12-24,N
C103366,Aishwarya Kapoor,Kochi,KL,2024-03-16,N
C103367,Daniel Singh,Thiruvananthapuram,KL,2022-12-20,N
C103368,Varun Roy,Patna,BR,2022-08-17,Y
C103369,Farah Srivastava,Gurugram,HR,2022-08-11,N
C103370,Ritika Menon,Bengaluru,KA,2022-10-25,N
C103371,Abhishek Iyer,Hyderabad,TS,2024-04-30,N
C103372,Isha Kumar,Bengaluru,KA,2024-09-22,N
C103373,Sai Joshi,Coimbatore,TN,2023-11-04,N
C103374,Suresh Mittal,Nashik,MH,2024-05-10,N
C103375,Aadhya Shinde,Patna,BR,2022-08-31,N
C103376,Rajat George,Pune,MH,2022-12-26,N
C103377,Pooja Gaikwad,Surat,GJ,2023-02-17,N
C103378,Kunal Bhatia,Bhopal,MP,2024-03-24,N
C103379,Anjali Siddiqui,Visakhapatnam,AP,2022-10-16,N
C103380,Aishwarya Mehta,Mumbai,MH,2023-09-11,N
C103381,Reyansh Saxena,Bhopal,MP,2022-10-19,N
C103382,Rohan Iyer,Vadodara,GJ,2022-11-08,Y
C103383,Komal Ghosh,Vadodara,GJ,2023-12-10,N
C103384,Aishwarya Bansal,Patna,BR,2024-05-14,Y
C103385,Farah Mehta,Chandigarh,CH,2022-07-26,N
C103386,Meera Sheikh,Indore,MP,2023-05-13,N
C103387,Vivaan Pereira,Kochi,KL,2022-09-28,Y
C103388,Tarun Trivedi,Hyderabad,TS,2023-05-13,N
C103389,Varun Kulkarni,Patna,BR,2023-12-07,N
C103390,Steven Singh,Delhi,DL,2024-01-18,N
C103391,Anjali Gill,Patna,BR,2023-03-16,N
C103392,Isha Joshi,Dehradun,UK,2022-11-14,N
C103393,Thomas Deshpande,Kochi,KL,2023-07-23,N
C103394,Gurpreet Shah,Chennai,TN,2024-12-30,Y
C103395,Ankit Kulkarni,Gurugram,HR,2023-02-08,N
C103396,Ananya Sheikh,Kochi,KL,2024-05-25,N
C103397,Steven Deshpande,Hyderabad,TS,2023-12-04,Y
C103398,Lakshmi Pawar,Raipur,CG,2023-11-01,N
C103399,Nisha Nair,Noida,UP,2024-11-19,N
C103400,Ishaan Ghosh,Visakhapatnam,AP,2022-08-04,N
C103401,Ankit Naidu,Raipur,CG,2023-08-03,Y
C103402,Manish Varghese,Mysuru,KA,2023-10-14,N
C103403,Ankit Gaikwad,Gurugram,HR,2022-11-05,N
C103404,Varun Saxena,Mysuru,KA,2023-01-03,N
C103405,Saanvi Jain,Guwahati,AS,2023-11-07,N
C103406,Riya Siddiqui,Patna,BR,2023-12-01,N
C103407,Nisha George,Mysuru,KA,2023-03-10,N
C103408,Pranav Chatterjee,Bhubaneswar,OR,2023-01-21,Y
C103409,Bhavna Dhillon,Bengaluru,KA,2023-08-30,Y
C103410,Varun Das,Visakhapatnam,AP,2023-05-02,N
C103411,Aditya Reddy,Delhi,DL,2022-12-19,Y
C103412,Kunal Banerjee,Pune,MH,2023-03-22,N
C103413,Krishna Dhillon,Bengaluru,KA,2023-03-20,Y
C103414,Lakshmi Bhatt,Guwahati,AS,2022-08-20,Y
C103415,Lobsang Kapoor,Pune,MH,2023-08-09,N
C103416,Manish Chatterjee,Vadodara,GJ,2023-09-01,N
C103417,Daniel Dutta,Indore,MP,2024-03-01,N
C103418,Kabir Singh,Mysuru,KA,2023-05-17,Y
C103419,Ritika Jain,Bhopal,MP,2024-12-27,Y
C103420,Farah Reddy,Gurugram,HR,2023-12-10,Y
C103421,Simran Naidu,Dehradun,UK,2023-07-15,N
C103422,Payal Malhotra,Nashik,MH,2024-12-19,N
C103423,Vivaan Das,Nagpur,MH,2023-08-29,Y
C103424,Kabir Sharma,Raipur,CG,2022-08-15,N
C103425,Riya Sharma,Dehradun,UK,2023-04-02,N
C103426,Bhavna Desai,Nagpur,MH,2024-02-20,N
C103427,Komal Goyal,Chennai,TN,2024-12-17,N
C103428,Lakshmi Kumar,Mysuru,KA,2022-10-29,N
C103429,Varun Gaikwad,Delhi,DL,2024-07-29,N
C103430,Harsh Pereira,Gurugram,HR,2023-01-29,N
C103431,Rajat Banerjee,Thiruvananthapuram,KL,2024-05-17,N
C103432,Faisal Pillai,Ranchi,JH,2023-04-10,Y
C103433,Meera Khan,Chennai,TN,2022-08-08,N
C103434,Rohit Rathore,Noida,UP,2022-10-03,Y
C103435,Lakshmi Pandey,Vadodara,GJ,2023-06-25,N
C103436,Ankit Ansari,Nagpur,MH,2023-11-18,Y
C103437,Ankit Chauhan,Dehradun,UK,2022-10-19,N
C103438,Rohit Qureshi,Kolkata,WB,2024-07-16,N
C103439,Meera Das,Patna,BR,2024-10-14,N
C103440,Sukhwinder Shah,Raipur,CG,2024-11-18,N
C103441,Sunita Trivedi,Noida,UP,2023-03-03,N
C103442,Isha Srivastava,Dehradun,UK,2024-03-08,N
C103443,Karan Mehta,Surat,GJ,2024-12-01,N
C103444,Steven Bhatia,Guwahati,AS,2023-09-17,Y
C103445,Diya Mishra,Ahmedabad,GJ,2024-03-05,N
C103446,Aditya Trivedi,Kolkata,WB,2023-08-03,Y
C103447,Ananya Banerjee,Lucknow,UP,2023-03-02,N
C103448,Sneha Rao,Patna,BR,2024-04-15,Y
C103449,Ritika George,Mumbai,MH,2024-05-11,N
C103450,Kavya Roy,Dehradun,UK,2024-12-27,Y
C103451,Megha Desai,Kolkata,WB,2023-06-26,N
C103452,Zoya Jadhav,Noida,UP,2023-06-11,N
C103453,Pranav Sethi,Bengaluru,KA,2023-01-27,N
C103454,Pranav Khanna,Lucknow,UP,2024-05-17,Y
C103455,Aadhya Siddiqui,Bhopal,MP,2023-09-13,N
C103456,Kavya Sharma,Gurugram,HR,2024-04-20,N
C103457,Rohan Saxena,Mumbai,MH,2024-05-15,N
C103458,Simran Verma,Raipur,CG,2022-08-04,N
C103459,Geeta Nair,Vadodara,GJ,2024-12-07,N
C103460,Kunal Kumar,Bhubaneswar,OR,2023-12-30,N
C103461,Nisha Patel,Nagpur,MH,2025-01-01,N
C103462,Kavya Sharma,Kochi,KL,2024-02-23,N
C103463,Zoya Bhatia,Jaipur,RJ,2023-08-10,Y
C103464,Megha Kapoor,Dehradun,UK,2024-12-02,N
C103465,Ramesh Verma,Bhubaneswar,OR,2023-07-29,N
C103466,Bhavna Yadav,Pune,MH,2023-12-23,N
C103467,Suresh Kumar,Guwahati,AS,2024-12-06,N
C103468,Megha D'Souza,Bengaluru,KA,2023-02-17,N
C103469,Steven Desai,Indore,MP,2023-04-20,N
C103470,Tarun Pandey,Thiruvananthapuram,KL,2024-05-25,N
C103471,Abhishek Chauhan,Noida,UP,2024-01-23,Y
C103472,Aishwarya Srivastava,Pune,MH,2024-12-02,Y
C103473,Siddharth Singh,Guwahati,AS,2024-12-15,Y
C103474,Imran Varghese,Nashik,MH,2023-05-12,N
C103475,Dev Ghosh,Chennai,TN,2023-02-02,N
C103476,Tenzin Fernandes,Kolkata,WB,2022-08-27,N
C103477,Tenzin Naidu,Vadodara,GJ,2024-08-23,N
C103478,Kabir Bansal,Ranchi,JH,2023-04-14,N
C103479,Jaspreet Yadav,Mysuru,KA,2023-08-25,Y
C103480,Meera Sen,Patna,BR,2022-07-20,Y
C103481,Sameer Kulkarni,Thiruvananthapuram,KL,2024-08-05,N
C103482,Ayaan Kapoor,Kochi,KL,2023-11-23,Y
C103483,Shreya Desai,Gurugram,HR,2024-05-01,Y
C103484,Yash Patil,Chandigarh,CH,2024-06-02,N
C103485,Komal Chopra,Kolkata,WB,2022-12-23,Y
C103486,Siddharth Yadav,Bhopal,MP,2023-04-14,Y
C103487,Vihaan Srivastava,Nagpur,MH,2024-08-04,N
C103488,Abhishek Reddy,Nagpur,MH,2024-09-22,Y
C103489,Ankit Siddiqui,Jaipur,RJ,2023-08-16,Y
C103490,Geeta Rao,Jaipur,RJ,2023-06-14,N
C103491,Aarav Mishra,Patna,BR,2023-08-25,N
C103492,Saanvi Reddy,Indore,MP,2024-12-01,N
C103493,Kabir Patil,Guwahati,AS,2023-03-24,Y
C103494,Nikhil Shinde,Vadodara,GJ,2022-12-15,N
C103495,Daniel Ghosh,Ahmedabad,GJ,2024-08-16,Y
C103496,Ankit Kapoor,Gurugram,HR,2022-09-16,Y
C103497,Meera Varghese,Bhubaneswar,OR,2024-01-19,Y
C103498,Rahul Kulkarni,Bhubaneswar,OR,2023-09-23,Y
C103499,Simran Trivedi,Kochi,KL,2023-05-11,Y
C103500,Ramesh Gill,Mumbai,MH,2022-09-22,N
C103501,Harsh Nair,Nagpur,MH,2023-12-29,Y
C103502,Manpreet Yadav,Hyderabad,TS,2023-01-25,N
C103503,Tarun Roy,Chandigarh,CH,2023-08-12,N
C103504,Ritika Iyer,Mumbai,MH,2023-04-21,N
C103505,Harpreet Singh,Kolkata,WB,2023-02-01,N
C103506,Bhavna Mehta,Bhubaneswar,OR,2024-07-24,N
C103507,Rohit Ansari,Ahmedabad,GJ,2024-11-15,N
C103508,Neha Mehta,Gurugram,HR,2024-09-04,N
C103509,Steven Sharma,Chennai,TN,2023-07-21,Y
C103510,Rohit Pillai,Visakhapatnam,AP,2022-09-30,N
C103511,Payal Kumar,Kolkata,WB,2023-01-10,N
C103512,Reyansh Jain,Nagpur,MH,2022-10-14,N
C103513,Sameer Banerjee,Indore,MP,2022-07-23,N
C103514,Vihaan Srivastava,Mysuru,KA,2024-01-21,N
C103515,Deepak Mehta,Nashik,MH,2023-09-19,N
C103516,Aditya Mukherjee,Mumbai,MH,2024-10-30,N
C103517,Aishwarya Rathore,Raipur,CG,2022-10-03,Y
C103518,Manish Mittal,Chennai,TN,2024-02-10,Y
C103519,Kunal D'Souza,Kochi,KL,2022-08-29,N
C103520,Sai Qureshi,Ahmedabad,GJ,2022-08-20,N
C103521,Rohit Chopra,Mumbai,MH,2023-12-28,N
C103522,Komal D'Souza,Patna,BR,2023-07-31,Y
C103523,Zoya D'Souza,Noida,UP,2023-09-07,N
C103524,Vihaan Sharma,Kolkata,WB,2024-03-11,N
C103525,Kabir Jain,Coimbatore,TN,2023-04-30,Y
C103526,Abhishek Saxena,Visakhapatnam,AP,2022-08-21,N
C103527,Zoya Saxena,Bhubaneswar,OR,2024-03-02,Y
C103528,Ritika Kulkarni,Patna,BR,2024-10-12,N
C103529,Thomas Jain,Pune,MH,2022-10-08,Y
C103530,Diya Roy,Delhi,DL,2024-07-28,N
C103531,Anjali Sandhu,Visakhapatnam,AP,2022-08-21,Y
C103532,Vihaan D'Souza,Mumbai,MH,2023-07-04,Y
C103533,Ayaan Mehta,Patna,BR,2024-11-12,N
C103534,Sai Ansari,Kochi,KL,2024-08-06,Y
C103535,Vikram Joshi,Noida,UP,2024-02-01,Y
C103536,Thomas Banerjee,Ahmedabad,GJ,2022-07-30,Y
C103537,Saanvi Mishra,Ranchi,JH,2023-03-25,N
C103538,Riya Pereira,Chennai,TN,2024-07-20,N
C103539,Farah Bose,Coimbatore,TN,2022-12-27,Y
C103540,Isha Fernandes,Coimbatore,TN,2023-08-28,Y
C103541,Farah Iyer,Vadodara,GJ,2022-09-27,Y
C103542,Pranav Bhatia,Ranchi,JH,2022-12-08,Y
C103543,Nikhil Desai,Nashik,MH,2022-08-31,N
C103544,Kavya Iyer,Nashik,MH,2023-08-22,Y
C103545,Rahul D'Souza,Vadodara,GJ,2024-05-03,N
C103546,Harpreet Arora,Bhopal,MP,2024-11-09,N
C103547,Shreya Menon,Visakhapatnam,AP,2024-03-06,N
C103548,Deepak Chopra,Ahmedabad,GJ,2023-09-10,Y
C103549,Tenzin Mukherjee,Chennai,TN,2023-08-14,N
C103550,Yash Saxena,Gurugram,HR,2024-05-12,N
C103551,Sneha Qureshi,Visakhapatnam,AP,2023-01-31,N
C103552,Rajat Menon,Indore,MP,2024-03-31,N
C103553,Suresh Rathore,Pune,MH,2024-12-15,N
C103554,Megha Sheikh,Delhi,DL,2024-02-14,N
C103555,Tarun Rathore,Ranchi,JH,2023-05-14,N
C103556,Bhavna Sandhu,Vadodara,GJ,2023-03-25,N
C103557,Isha Bansal,Guwahati,AS,2023-04-14,N
C103558,Rahul Patel,Noida,UP,2023-02-25,Y
C103559,Nisha Sen,Patna,BR,2024-05-31,Y
C103560,Diya Bhatt,Kolkata,WB,2023-06-03,N
C103561,Vihaan Gaikwad,Lucknow,UP,2023-12-12,N
C103562,Divya Pillai,Coimbatore,TN,2023-08-25,Y
C103563,Sunita Kapoor,Visakhapatnam,AP,2024-08-27,Y
C103564,Anjali Kumar,Jaipur,RJ,2024-10-26,N
C103565,Jaspreet Patel,Raipur,CG,2023-01-20,Y
C103566,Aadhya Chopra,Kochi,KL,2024-03-14,Y
C103567,Vihaan Khanna,Hyderabad,TS,2024-08-31,Y
C103568,Lobsang Trivedi,Coimbatore,TN,2024-05-26,N
C103569,Krishna George,Surat,GJ,2024-06-15,N
C103570,Jaspreet Nair,Lucknow,UP,2024-02-02,Y
C103571,Rohit Fernandes,Bhopal,MP,2022-10-12,Y
C103572,Thomas Agarwal,Ahmedabad,GJ,2023-03-15,Y
C103573,Rohit Sandhu,Kochi,KL,2023-05-11,N
C103574,Dev Jain,Surat,GJ,2023-11-26,N
C103575,Kunal Bansal,Gurugram,HR,2023-05-16,N
C103576,Suresh Singh,Thiruvananthapuram,KL,2022-10-10,N
C103577,Karan Mehta,Delhi,DL,2024-11-13,N
C103578,Steven Iyer,Thiruvananthapuram,KL,2023-09-13,N
C103579,Aditya Malhotra,Bengaluru,KA,2022-08-31,Y
C103580,Joseph Pillai,Pune,MH,2023-10-11,Y
C103581,Anjali Gupta,Patna,BR,2023-12-21,N
C103582,Lakshmi Patel,Chennai,TN,2023-06-14,N
C103583,Vikram Agarwal,Nashik,MH,2022-11-07,N
C103584,Simran Iyer,Nashik,MH,2024-05-22,N
C103585,Kabir Chauhan,Noida,UP,2023-03-02,N
C103586,Joseph Chatterjee,Gurugram,HR,2024-07-10,N
C103587,Rohit Gill,Kolkata,WB,2024-07-17,Y
C103588,Harpreet Banerjee,Dehradun,UK,2024-12-31,N
C103589,Lakshmi Pereira,Nagpur,MH,2023-02-04,Y
C103590,Ankit Kaur,Ahmedabad,GJ,2024-02-17,Y
C103591,Faisal Bhatt,Ranchi,JH,2022-09-29,Y
C103592,Pooja Qureshi,Hyderabad,TS,2024-04-21,N
C103593,Manpreet Desai,Chennai,TN,2024-05-24,N
C103594,Aishwarya Chopra,Pune,MH,2024-03-18,N
C103595,Joseph Ghosh,Chandigarh,CH,2024-02-15,Y
C103596,Steven Yadav,Bhopal,MP,2024-02-20,N
C103597,Kabir Desai,Mysuru,KA,2024-08-31,N
C103598,Deepak Bhatt,Guwahati,AS,2023-09-27,N
C103599,Geeta Agarwal,Mysuru,KA,2023-12-23,N
C103600,Zoya Ghosh,Visakhapatnam,AP,2023-01-15,Y
C103601,Amit Bose,Nashik,MH,2023-12-22,N
C103602,Pooja Tiwari,Noida,UP,2024-07-17,N
C103603,Vikram Rathore,Thiruvananthapuram,KL,2024-03-31,N
C103604,Meera Srivastava,Bhubaneswar,OR,2024-01-26,N
C103605,Suresh Patil,Visakhapatnam,AP,2024-04-18,N
C103606,Isha Agarwal,Vadodara,GJ,2024-04-30,N
C103607,Rohan Reddy,Kolkata,WB,2022-11-17,N
C103608,Siddharth Patel,Bengaluru,KA,2023-06-01,N
C103609,Meera Fernandes,Chennai,TN,2024-07-12,Y
C103610,Anjali Siddiqui,Visakhapatnam,AP,2022-08-21,N
C103611,Rohan Malhotra,Ahmedabad,GJ,2023-08-17,N
C103612,Rohan Sharma,Ranchi,JH,2024-03-14,N
C103613,Zaid Kulkarni,Bhubaneswar,OR,2023-02-27,N
C103614,Kavya Kulkarni,Indore,MP,2022-09-23,N
C103615,Geeta Pillai,Visakhapatnam,AP,2022-12-23,N
C103616,Rahul Jadhav,Indore,MP,2023-02-14,N
C103617,Riya Verma,Gurugram,HR,2022-10-31,N
C103618,Faisal Fernandes,Nashik,MH,2023-01-08,N
C103619,Ramesh Bhatia,Coimbatore,TN,2022-09-07,N
C103620,Pranav Chauhan,Ahmedabad,GJ,2023-12-09,N
C103621,Deepak Varghese,Mumbai,MH,2023-05-15,N
C103622,Ramesh Khanna,Surat,GJ,2023-10-08,N
C103623,Mohammed Mishra,Kochi,KL,2024-09-20,N
C103624,Deepak Malhotra,Thiruvananthapuram,KL,2023-01-11,N
C103625,Siddharth Dutta,Surat,GJ,2024-05-15,N
C103626,Meera Patil,Dehradun,UK,2022-10-25,N
C103627,Lobsang Naidu,Bhubaneswar,OR,2023-05-27,N
C103628,Jaspreet Mathew,Bhopal,MP,2024-03-22,N
C103629,Simran Sethi,Bhopal,MP,2022-12-19,N
C103630,Anjali Trivedi,Indore,MP,2023-01-17,N
C103631,Joseph Chopra,Gurugram,HR,2023-05-30,N
C103632,Sai Tiwari,Ranchi,JH,2023-07-20,N
C103633,Megha Reddy,Pune,MH,2025-01-01,Y
C103634,Harpreet Roy,Visakhapatnam,AP,2022-07-26,N
C103635,Amit Menon,Vadodara,GJ,2022-12-02,N
C103636,Sukhwinder D'Souza,Nashik,MH,2022-09-16,N
C103637,Priya Deshpande,Ranchi,JH,2022-11-24,Y
C103638,Reyansh Das,Dehradun,UK,2023-03-16,Y
C103639,Ishaan Nair,Vadodara,GJ,2022-09-21,N
C103640,Pooja Nair,Raipur,CG,2023-05-05,N
C103641,Rohit Gupta,Thiruvananthapuram,KL,2023-01-18,Y
C103642,Megha Kapoor,Coimbatore,TN,2023-08-20,Y
C103643,Simran Tiwari,Vadodara,GJ,2023-05-02,N
C103644,Suresh Ansari,Vadodara,GJ,2022-12-09,Y
C103645,Divya Reddy,Chennai,TN,2022-12-17,N
C103646,Sneha Pandey,Visakhapatnam,AP,2023-07-28,Y
C103647,Siddharth Kulkarni,Surat,GJ,2024-02-07,Y
C103648,Om Iyer,Chandigarh,CH,2022-10-05,Y
C103649,Imran Malhotra,Kolkata,WB,2023-07-02,N
C103650,Komal Bhatt,Bhubaneswar,OR,2023-02-26,Y
C103651,Deepak Sethi,Coimbatore,TN,2022-07-30,Y
C103652,Rahul Arora,Guwahati,AS,2023-09-12,N
C103653,Pooja Chauhan,Gurugram,HR,2023-03-02,N
C103654,Saanvi Mathew,Lucknow,UP,2022-09-03,Y
C103655,Vivaan Siddiqui,Chandigarh,CH,2024-11-30,N
C103656,Neha Gupta,Hyderabad,TS,2024-09-18,N
C103657,Karan Kulkarni,Gurugram,HR,2023-03-08,N
C103658,Divya Chatterjee,Nagpur,MH,2024-06-21,Y
C103659,Sameer Mehta,Chennai,TN,2022-11-18,Y
C103660,Joseph Kumar,Ranchi,JH,2023-08-25,N
C103661,Aarav Bose,Gurugram,HR,2024-06-25,N
C103662,Ritika Fernandes,Delhi,DL,2023-10-15,N
C103663,Karan Menon,Bhubaneswar,OR,2024-09-12,N
C103664,Riya Nair,Pune,MH,2023-06-08,N
C103665,Aadhya Singh,Mysuru,KA,2024-08-08,N
C103666,Manish Verma,Bhopal,MP,2022-09-23,N
C103667,Ananya Kaur,Gurugram,HR,2023-02-04,N
C103668,Ritika Naidu,Pune,MH,2022-09-18,N
C103669,Zoya Shinde,Bhubaneswar,OR,2024-05-16,Y
C103670,Deepak Dutta,Lucknow,UP,2024-12-03,N
C103671,Lakshmi Srivastava,Bengaluru,KA,2024-08-04,N
C103672,Aarav Rao,Thiruvananthapuram,KL,2023-08-15,Y
C103673,Lakshmi Sandhu,Guwahati,AS,2022-12-18,N
C103674,Meera Mittal,Gurugram,HR,2023-07-04,N
C103675,Kavya Arora,Ahmedabad,GJ,2023-04-11,N
C103676,Harpreet Kapoor,Coimbatore,TN,2024-11-07,N
C103677,Amit Bose,Dehradun,UK,2024-03-28,N
C103678,Vikram Mehta,Surat,GJ,2024-04-18,N
C103679,Krishna Chatterjee,Noida,UP,2022-10-27,N
C103680,Abhishek Gupta,Kochi,KL,2024-07-26,N
C103681,Sai Khan,Hyderabad,TS,2023-02-23,Y
C103682,Sunita Fernandes,Surat,GJ,2024-08-03,Y
C103683,Simran Ghosh,Delhi,DL,2023-09-09,Y
C103684,Karan Patil,Nashik,MH,2024-07-22,Y
C103685,Simran Agarwal,Bengaluru,KA,2024-12-11,N
C103686,Sameer Khanna,Ahmedabad,GJ,2023-02-17,N
C103687,Aarav Naidu,Bhopal,MP,2022-08-23,Y
C103688,Zoya Mishra,Kochi,KL,2024-09-08,N
C103689,Anjali Kaur,Noida,UP,2023-03-13,Y
C103690,Varun Shah,Mysuru,KA,2024-06-22,N
C103691,Rajat Rao,Bengaluru,KA,2023-10-07,N
C103692,Ishaan Malhotra,Nagpur,MH,2023-11-23,Y
C103693,Sneha Agarwal,Patna,BR,2023-02-17,N
C103694,Krishna Menon,Pune,MH,2023-02-25,N
C103695,Sameer Nair,Bhubaneswar,OR,2024-11-22,Y
C103696,Bhavna Pandey,Coimbatore,TN,2022-08-28,N
C103697,Vihaan Mathew,Vadodara,GJ,2023-12-14,Y
C103698,Daniel Roy,Patna,BR,2023-10-30,Y
C103699,Tanvi Dhillon,Chennai,TN,2024-06-01,Y
C103700,Reyansh Dutta,Raipur,CG,2024-01-25,Y
C103701,Ramesh Das,Raipur,CG,2022-09-15,N
C103702,Harsh Bose,Kolkata,WB,2023-10-21,N
C103703,Ananya George,Mumbai,MH,2023-02-15,N
C103704,Jaspreet Tiwari,Bhopal,MP,2022-09-08,Y
C103705,Neha Sandhu,Bhopal,MP,2023-12-27,N
C103706,Deepak Desai,Lucknow,UP,2024-10-18,N
C103707,Kabir Varghese,Mumbai,MH,2024-10-09,N
C103708,Abhishek Jain,Kolkata,WB,2022-08-04,Y
C103709,Harsh Menon,Surat,GJ,2024-08-03,N
C103710,Tarun Pereira,Dehradun,UK,2023-12-17,N
C103711,Meera Mittal,Mysuru,KA,2024-10-27,Y
C103712,Faisal D'Souza,Delhi,DL,2022-08-02,N
C103713,Tarun Menon,Hyderabad,TS,2022-10-19,Y
C103714,Sai Patil,Delhi,DL,2024-09-26,N
C103715,Geeta Rao,Ahmedabad,GJ,2024-02-10,N
C103716,Rohit Roy,Jaipur,RJ,2023-05-24,N
C103717,Geeta Varghese,Hyderabad,TS,2022-10-27,N
C103718,Farah Jain,Gurugram,HR,2023-10-12,N
C103719,Pooja Goyal,Noida,UP,2024-09-25,Y
C103720,Daniel Sandhu,Dehradun,UK,2023-03-05,Y
C103721,Diya Naidu,Ranchi,JH,2022-08-06,N
C103722,Ishaan Jain,Visakhapatnam,AP,2022-10-17,N
C103723,Kunal Dutta,Patna,BR,2024-01-08,N
C103724,Tarun Chatterjee,Chandigarh,CH,2022-12-13,N
C103725,Anjali Patel,Dehradun,UK,2023-07-01,Y
C103726,Vihaan Arora,Vadodara,GJ,2024-12-21,Y
C103727,Megha Tiwari,Mumbai,MH,2022-09-01,N
C103728,Tarun Ansari,Mumbai,MH,2024-03-06,Y
C103729,Gurpreet Kaur,Visakhapatnam,AP,2024-01-13,Y
C103730,Abhishek Fernandes,Dehradun,UK,2023-01-21,Y
C103731,Imran Pereira,Nagpur,MH,2024-06-17,Y
C103732,Varun Banerjee,Ranchi,JH,2025-01-01,N
C103733,Harsh Bhatt,Bhubaneswar,OR,2023-05-16,Y
C103734,Divya D'Souza,Lucknow,UP,2024-02-21,N
C103735,Meera Mukherjee,Ahmedabad,GJ,2022-09-15,N
C103736,Kunal Gupta,Thiruvananthapuram,KL,2023-02-03,N
C103737,Dev Dutta,Mumbai,MH,2024-10-26,N
C103738,Sunita Pillai,Kochi,KL,2023-12-08,N
C103739,Vihaan Arora,Coimbatore,TN,2024-01-05,N
C103740,Sneha Mishra,Lucknow,UP,2024-10-10,Y
C103741,Priya Chauhan,Nagpur,MH,2024-09-21,N
C103742,Yash Jain,Vadodara,GJ,2023-11-30,N
C103743,Sneha Banerjee,Surat,GJ,2024-12-02,N
C103744,Nikhil Iyer,Noida,UP,2024-03-03,Y
C103745,Dev Kapoor,Vadodara,GJ,2022-09-30,Y
C103746,Megha Dutta,Pune,MH,2022-09-15,Y
C103747,Ramesh Kapoor,Bhopal,MP,2023-07-15,N
C103748,Manpreet Sheikh,Chandigarh,CH,2023-01-11,N
C103749,Ayaan Sandhu,Chandigarh,CH,2023-08-07,N
C103750,Tanvi D'Souza,Bhopal,MP,2022-09-08,N
C103751,Kabir Dutta,Delhi,DL,2023-01-16,Y
C103752,Anjali Sethi,Jaipur,RJ,2023-10-13,N
C103753,Diya Chauhan,Surat,GJ,2023-05-09,N
C103754,Abhishek Agarwal,Lucknow,UP,2023-09-09,Y
C103755,Ritika Khan,Visakhapatnam,AP,2022-10-05,N
C103756,Nikhil Mittal,Mysuru,KA,2023-01-30,N
C103757,Steven Chopra,Vadodara,GJ,2022-07-21,N
C103758,Geeta Sethi,Visakhapatnam,AP,2024-10-02,N
C103759,Anjali Bansal,Mysuru,KA,2023-12-06,N
C103760,Rohit Gaikwad,Dehradun,UK,2022-11-14,N
C103761,Ayaan Malhotra,Ahmedabad,GJ,2024-05-17,N
C103762,Swati Bansal,Chandigarh,CH,2022-12-21,Y
C103763,Rohan Joshi,Bhubaneswar,OR,2024-03-22,Y
C103764,Vikram Kapoor,Bhopal,MP,2023-03-31,N
C103765,Zoya Pillai,Noida,UP,2023-06-17,Y
C103766,Pooja Menon,Chandigarh,CH,2023-02-05,N
C103767,Megha Mathew,Mysuru,KA,2023-08-26,N
C103768,Sai Mishra,Pune,MH,2022-12-27,Y
C103769,Yash Desai,Bengaluru,KA,2024-09-06,N
C103770,Dev Menon,Kochi,KL,2023-08-28,Y
C103771,Komal Rao,Guwahati,AS,2022-12-24,N
C103772,Reyansh Nair,Coimbatore,TN,2024-02-28,N
C103773,Gurpreet Reddy,Pune,MH,2023-04-01,Y
C103774,Joseph Shah,Pune,MH,2024-03-16,N
C103775,Ishaan Das,Ahmedabad,GJ,2023-10-30,N
C103776,Arjun Sharma,Bengaluru,KA,2023-11-10,N
C103777,Tarun Srivastava,Ahmedabad,GJ,2023-06-04,N
C103778,Sunita D'Souza,Bhopal,MP,2024-05-06,N
C103779,Reyansh Bhatt,Ahmedabad,GJ,2023-11-30,Y
C103780,Dev Trivedi,Mumbai,MH,2024-05-27,N
C103781,Reyansh Mishra,Delhi,DL,2024-01-26,N
C103782,Tenzin Gaikwad,Delhi,DL,2023-04-30,Y
C103783,Harsh Pandey,Mumbai,MH,2024-06-02,N
C103784,Ishaan Das,Bhubaneswar,OR,2024-06-07,N
C103785,Ayaan Gupta,Chennai,TN,2024-04-29,Y
C103786,Sneha Saxena,Delhi,DL,2023-02-01,N
C103787,Ananya Nair,Jaipur,RJ,2022-08-06,N
C103788,Simran Kulkarni,Dehradun,UK,2022-09-11,N
C103789,Anjali Trivedi,Visakhapatnam,AP,2023-02-01,N
C103790,Riya Bhatt,Vadodara,GJ,2024-04-24,N
C103791,Om Tiwari,Ahmedabad,GJ,2022-09-08,Y
C103792,Sai Khan,Hyderabad,TS,2023-10-13,Y
C103793,Sukhwinder Arora,Hyderabad,TS,2024-11-27,N
C103794,Joseph Pawar,Mysuru,KA,2024-10-12,N
C103795,Varun Pandey,Coimbatore,TN,2023-06-15,N
C103796,Zoya Kaur,Kochi,KL,2023-05-31,N
C103797,Ramesh Bose,Vadodara,GJ,2023-06-16,Y
C103798,Kunal Banerjee,Delhi,DL,2023-01-18,N
C103799,Aadhya Kulkarni,Raipur,CG,2023-02-02,N
C103800,Divya Menon,Ranchi,JH,2022-12-23,N
C103801,Payal Das,Lucknow,UP,2022-09-14,N
C103802,Krishna Banerjee,Bengaluru,KA,2023-03-14,N
C103803,Ankit Iyer,Indore,MP,2024-07-08,Y
C103804,Bhavna Jain,Mumbai,MH,2023-10-07,Y
C103805,Amit D'Souza,Surat,GJ,2024-11-24,Y
C103806,Imran Pereira,Hyderabad,TS,2024-10-24,N
C103807,Dev Mishra,Patna,BR,2024-10-05,N
C103808,Saanvi Khan,Chandigarh,CH,2024-05-11,N
C103809,Sunita Trivedi,Surat,GJ,2024-05-27,Y
C103810,Lobsang Kumar,Bengaluru,KA,2024-03-09,N
C103811,Lobsang Shinde,Hyderabad,TS,2024-12-05,N
C103812,Deepak Agarwal,Mumbai,MH,2023-11-10,N
C103813,Ishaan Arora,Ranchi,JH,2022-09-08,N
C103814,Pooja Mukherjee,Mumbai,MH,2024-12-10,N
C103815,Kunal Mukherjee,Vadodara,GJ,2024-03-01,N
C103816,Manish Jain,Indore,MP,2023-03-18,N
C103817,Ananya Reddy,Kolkata,WB,2022-09-19,Y
C103818,Krishna Goyal,Vadodara,GJ,2024-02-03,N
C103819,Vihaan D'Souza,Guwahati,AS,2022-08-10,N
C103820,Geeta Reddy,Raipur,CG,2023-02-19,N
C103821,Krishna Trivedi,Thiruvananthapuram,KL,2024-10-26,N
C103822,Om Dutta,Ahmedabad,GJ,2024-12-07,N
C103823,Yash Joshi,Hyderabad,TS,2022-09-06,N
C103824,Vivaan Gupta,Bhopal,MP,2023-01-21,Y
C103825,Zaid Bhatt,Raipur,CG,2023-06-03,Y
C103826,Abhishek Desai,Ahmedabad,GJ,2024-02-11,Y
C103827,Abhishek Mehta,Kolkata,WB,2023-02-20,Y
C103828,Ankit Fernandes,Thiruvananthapuram,KL,2024-10-22,Y
C103829,Steven Patil,Indore,MP,2024-10-26,Y
C103830,Ramesh Fernandes,Kochi,KL,2023-04-19,N
C103831,Nisha Gupta,Nashik,MH,2024-03-01,Y
C103832,Priya Shinde,Gurugram,HR,2023-05-20,N
C103833,Daniel Khanna,Visakhapatnam,AP,2024-08-07,N
C103834,Ankit Verma,Visakhapatnam,AP,2023-09-12,Y
C103835,Dev Patel,Delhi,DL,2024-02-24,Y
C103836,Tarun Jadhav,Delhi,DL,2023-07-22,N
C103837,Ramesh Kumar,Vadodara,GJ,2022-12-04,N
C103838,Zaid Bhatia,Gurugram,HR,2022-07-23,N
C103839,Gurpreet Singh,Chandigarh,CH,2022-12-10,N
C103840,Thomas Siddiqui,Dehradun,UK,2023-03-27,N
C103841,Diya Naidu,Indore,MP,2024-08-05,Y
C103842,Manpreet Das,Surat,GJ,2022-12-03,N
C103843,Aditya Kulkarni,Mumbai,MH,2023-06-25,Y
C103844,Rajat Gaikwad,Visakhapatnam,AP,2023-06-24,N
C103845,Simran Pillai,Bhopal,MP,2023-12-10,N
C103846,Ananya Gupta,Delhi,DL,2024-12-08,N
C103847,Om Dutta,Lucknow,UP,2022-11-21,N
C103848,Rajat Gupta,Noida,UP,2024-10-01,Y
C103849,Isha Dutta,Raipur,CG,2023-05-16,N
C103850,Farah Naidu,Nashik,MH,2024-08-12,Y
C103851,Aishwarya Jain,Bengaluru,KA,2023-08-25,N
C103852,Tenzin George,Jaipur,RJ,2023-06-28,N
C103853,Karan Das,Noida,UP,2024-05-04,Y
C103854,Payal Naidu,Mysuru,KA,2024-07-15,N
C103855,Sai Joshi,Kolkata,WB,2024-11-28,N
C103856,Rohan Gill,Pune,MH,2024-01-26,N
C103857,Reyansh Pillai,Noida,UP,2023-03-07,N
C103858,Tenzin Banerjee,Kochi,KL,2022-12-09,N
C103859,Amit Das,Ranchi,JH,2024-01-28,N
C103860,Ananya Saxena,Visakhapatnam,AP,2023-11-14,Y
C103861,Ritika Dutta,Delhi,DL,2023-12-30,N
C103862,Aarav Pillai,Raipur,CG,2023-10-17,N
C103863,Rajat Saxena,Surat,GJ,2023-03-18,N
C103864,Sneha Gaikwad,Bhopal,MP,2024-05-02,N
C103865,Aadhya Chauhan,Bengaluru,KA,2024-07-11,Y
C103866,Aadhya Siddiqui,Surat,GJ,2022-12-16,N
C103867,Zaid Mukherjee,Jaipur,RJ,2024-09-06,N
C103868,Harsh Bansal,Pune,MH,2024-10-20,Y
C103869,Vivaan Dhillon,Patna,BR,2023-03-20,Y
C103870,Varun Bhatt,Ranchi,JH,2024-10-01,Y
C103871,Swati Bansal,Thiruvananthapuram,KL,2023-06-26,N
C103872,Nisha Sen,Chandigarh,CH,2022-12-15,N
C103873,Isha Mehta,Mysuru,KA,2022-09-06,N
C103874,Shreya Khanna,Ahmedabad,GJ,2023-04-10,N
C103875,Ayaan Singh,Patna,BR,2022-09-24,N
C103876,Sai Mittal,Bhopal,MP,2024-09-07,Y
C103877,Mohammed Chauhan,Jaipur,RJ,2023-11-04,N
C103878,Rajat Chauhan,Raipur,CG,2023-05-19,N
C103879,Kabir Bansal,Bhopal,MP,2022-11-07,N
C103880,Vikram Sen,Visakhapatnam,AP,2024-04-30,Y
C103881,Manpreet Gaikwad,Vadodara,GJ,2024-10-09,N
C103882,Anjali Gaikwad,Surat,GJ,2022-08-27,N
C103883,Isha Bhatia,Bhopal,MP,2024-08-26,Y
C103884,Bhavna Singh,Bengaluru,KA,2024-08-25,N
C103885,Zoya Shinde,Noida,UP,2024-03-30,Y
C103886,Geeta Jain,Coimbatore,TN,2023-04-17,N
C103887,Pranav Varghese,Lucknow,UP,2024-02-23,Y
C103888,Ayaan Arora,Nashik,MH,2023-06-10,Y
C103889,Payal Patil,Noida,UP,2024-05-10,Y
C103890,Steven Iyer,Dehradun,UK,2023-02-07,N
C103891,Rajat Pillai,Ranchi,JH,2024-05-09,N
C103892,Reyansh George,Ranchi,JH,2023-11-17,N
C103893,Nisha Patel,Patna,BR,2023-07-13,N
C103894,Ananya Mathew,Chandigarh,CH,2023-08-22,N
C103895,Om Siddiqui,Dehradun,UK,2024-02-02,N
C103896,Abhishek Dhillon,Kolkata,WB,2022-08-14,N
C103897,Ishaan Agarwal,Lucknow,UP,2023-04-02,N
C103898,Meera D'Souza,Surat,GJ,2023-02-14,N
C103899,Divya Fernandes,Vadodara,GJ,2023-04-11,N
C103900,Anjali Sheikh,Nashik,MH,2024-03-20,N
C103901,Jaspreet Ansari,Kolkata,WB,2023-06-04,N
C103902,Abhishek Dutta,Raipur,CG,2023-10-10,Y
C103903,Aadhya Chatterjee,Chennai,TN,2023-08-18,Y
C103904,Pranav Iyer,Guwahati,AS,2023-06-12,N
C103905,Kunal Deshpande,Bhopal,MP,2023-06-19,N
C103906,Nikhil Mathew,Kochi,KL,2024-04-28,N
C103907,Zaid Reddy,Noida,UP,2023-10-05,N
C103908,Lobsang Fernandes,Bengaluru,KA,2024-05-13,Y
C103909,Bhavna Rathore,Nashik,MH,2024-08-05,Y
C103910,Tarun Goyal,Kochi,KL,2023-01-29,N
C103911,Lakshmi Jain,Pune,MH,2024-11-30,N
C103912,Vivaan Patil,Jaipur,RJ,2024-11-07,N
C103913,Riya Dutta,Patna,BR,2024-04-28,N
C103914,Zoya Dutta,Pune,MH,2023-01-07,Y
C103915,Komal Desai,Jaipur,RJ,2022-07-27,N
C103916,Suresh Shinde,Bhubaneswar,OR,2023-04-10,N
C103917,Faisal Arora,Gurugram,HR,2024-06-14,N
C103918,Yash Saxena,Chennai,TN,2022-11-25,N
C103919,Manpreet Yadav,Bhopal,MP,2024-03-14,N
C103920,Siddharth Iyer,Dehradun,UK,2024-10-23,N
C103921,Jaspreet Menon,Indore,MP,2023-11-20,N
C103922,Arjun Malhotra,Vadodara,GJ,2022-12-09,N
C103923,Yash Mishra,Visakhapatnam,AP,2024-12-10,N
C103924,Nikhil Pawar,Bhopal,MP,2023-01-14,N
C103925,Aishwarya Pandey,Chandigarh,CH,2024-04-27,Y
C103926,Komal Mathew,Ahmedabad,GJ,2022-12-25,Y
C103927,Rajat Trivedi,Thiruvananthapuram,KL,2023-11-06,N
C103928,Payal Pereira,Chennai,TN,2022-08-02,N
C103929,Lakshmi Desai,Bengaluru,KA,2024-12-28,N
C103930,Abhishek Yadav,Hyderabad,TS,2022-08-24,Y
C103931,Farah Varghese,Thiruvananthapuram,KL,2024-07-24,Y
C103932,Imran Mathew,Delhi,DL,2023-10-12,N
C103933,Kunal Pillai,Bhubaneswar,OR,2022-10-06,Y
C103934,Sameer Mehta,Bhubaneswar,OR,2024-12-03,N
C103935,Reyansh Bhatt,Hyderabad,TS,2024-01-04,Y
C103936,Gurpreet Rathore,Kolkata,WB,2024-02-23,Y
C103937,Sneha Desai,Chandigarh,CH,2024-10-19,Y
C103938,Pooja Malhotra,Nagpur,MH,2024-11-09,N
C103939,Rajat Bhatt,Pune,MH,2023-08-13,Y
C103940,Deepak Roy,Mysuru,KA,2023-10-11,N
C103941,Ankit Khanna,Kochi,KL,2024-12-13,N
C103942,Farah Mittal,Indore,MP,2024-08-20,Y
C103943,Megha Bose,Mysuru,KA,2023-06-16,Y
C103944,Nisha Roy,Nashik,MH,2024-01-02,N
C103945,Harpreet Yadav,Ranchi,JH,2022-09-28,N
C103946,Reyansh D'Souza,Chennai,TN,2024-03-07,Y
C103947,Abhishek Mittal,Visakhapatnam,AP,2024-07-18,N
C103948,Lobsang Verma,Dehradun,UK,2023-08-21,N
C103949,Megha Roy,Coimbatore,TN,2022-08-29,N
C103950,Harsh Mishra,Guwahati,AS,2022-07-24,N
C103951,Imran Mehta,Guwahati,AS,2022-11-29,N
C103952,Komal Gupta,Surat,GJ,2023-06-16,Y
C103953,Sukhwinder Kumar,Delhi,DL,2024-11-06,Y
C103954,Simran Kapoor,Visakhapatnam,AP,2023-11-24,Y
C103955,Aishwarya Bhatia,Nagpur,MH,2024-05-31,N
C103956,Joseph Naidu,Mysuru,KA,2023-03-26,Y
C103957,Pooja Agarwal,Patna,BR,2023-10-10,Y
C103958,Joseph D'Souza,Gurugram,HR,2024-09-27,Y
C103959,Vivaan Chopra,Indore,MP,2024-02-04,Y
C103960,Rajat Fernandes,Coimbatore,TN,2024-06-29,N
C103961,Steven Dutta,Ahmedabad,GJ,2023-06-18,N
C103962,Vivaan Agarwal,Ranchi,JH,2023-05-05,Y
C103963,Imran Jadhav,Noida,UP,2022-12-04,N
C103964,Joseph Saxena,Ahmedabad,GJ,2024-09-24,N
C103965,Ritika Sethi,Patna,BR,2023-06-14,N
C103966,Isha Bhatt,Gurugram,HR,2023-11-12,N
C103967,Sukhwinder Tiwari,Thiruvananthapuram,KL,2024-06-13,N
C103968,Arjun Bhatt,Nashik,MH,2024-10-14,N
C103969,Varun Agarwal,Mysuru,KA,2022-09-08,N
C103970,Priya Chauhan,Delhi,DL,2024-01-06,N
C103971,Sai Mukherjee,Dehradun,UK,2023-07-14,N
C103972,Imran Gupta,Chandigarh,CH,2023-07-11,Y
C103973,Sneha Kumar,Delhi,DL,2023-05-25,N
C103974,Arjun Sen,Thiruvananthapuram,KL,2023-12-31,Y
C103975,Payal Jadhav,Bhopal,MP,2023-09-15,N
C103976,Karan George,Jaipur,RJ,2023-02-24,N
C103977,Kabir Sheikh,Mysuru,KA,2023-10-28,N
C103978,Anjali George,Nagpur,MH,2024-06-17,N
C103979,Neha Trivedi,Jaipur,RJ,2024-03-05,N
C103980,Gurpreet Bhatia,Thiruvananthapuram,KL,2022-12-05,N
C103981,Amit Kulkarni,Chennai,TN,2023-05-17,N
C103982,Kabir Rao,Ahmedabad,GJ,2023-03-16,N
C103983,Divya Bhatia,Mumbai,MH,2024-10-03,N
C103984,Zaid Roy,Mysuru,KA,2024-10-02,N
C103985,Joseph Menon,Delhi,DL,2023-05-19,N
C103986,Karan Bansal,Pune,MH,2024-08-05,Y
C103987,Yash Menon,Nashik,MH,2022-11-17,Y
C103988,Saanvi Verma,Pune,MH,2023-04-13,Y
C103989,Divya Pawar,Nagpur,MH,2023-01-12,N
C103990,Pooja Chatterjee,Delhi,DL,2024-08-13,N
C103991,Farah D'Souza,Chandigarh,CH,2023-05-21,N
C103992,Manpreet Sandhu,Kochi,KL,2024-09-26,N
C103993,Siddharth D'Souza,Mumbai,MH,2024-10-06,Y
C103994,Suresh Sheikh,Noida,UP,2024-05-05,N
C103995,Ankit Gupta,Bengaluru,KA,2023-06-04,N
C103996,Aditya Pawar,Lucknow,UP,2022-09-17,N
C103997,Tanvi Nair,Nashik,MH,2024-04-14,N
C103998,Riya Bhatt,Mumbai,MH,2024-03-30,N
C103999,Shreya Gupta,Guwahati,AS,2024-11-15,Y
C104000,Daniel Dutta,Gurugram,HR,2023-10-07,N
C104001,Ankit Yadav,Mysuru,KA,2022-09-09,N
C104002,Harsh Rao,Guwahati,AS,2023-08-16,N
C104003,Aishwarya George,Delhi,DL,2024-07-12,N
C104004,Farah Jadhav,Indore,MP,2024-02-19,N
C104005,Daniel Menon,Delhi,DL,2023-08-22,N
C104006,Aishwarya Nair,Chandigarh,CH,2023-12-13,N
C104007,Ramesh Pandey,Chennai,TN,2022-07-19,N
C104008,Ritika Shah,Ranchi,JH,2023-01-27,N
C104009,Suresh Trivedi,Ahmedabad,GJ,2024-11-23,Y
C104010,Aishwarya Joshi,Kochi,KL,2024-11-09,N
C104011,Ankit Arora,Nagpur,MH,2024-01-11,N
C104012,Sukhwinder Roy,Bhopal,MP,2022-10-22,Y
C104013,Imran Jain,Patna,BR,2022-09-22,N
C104014,Siddharth Qureshi,Kochi,KL,2022-10-07,Y
C104015,Aarav Mathew,Dehradun,UK,2024-11-25,Y
C104016,Yash Fernandes,Mumbai,MH,2023-12-01,Y
C104017,Rohan Bhatt,Bengaluru,KA,2022-11-30,N
C104018,Megha Mukherjee,Jaipur,RJ,2023-06-23,Y
C104019,Amit Pillai,Raipur,CG,2022-09-25,Y
C104020,Gurpreet D'Souza,Surat,GJ,2024-10-13,Y
C104021,Farah Bhatt,Lucknow,UP,2023-01-08,N
C104022,Farah Pereira,Thiruvananthapuram,KL,2022-09-20,Y
C104023,Aditya Roy,Coimbatore,TN,2024-02-20,Y
C104024,Aditya Rao,Thiruvananthapuram,KL,2023-04-28,Y
C104025,Manpreet Jadhav,Nashik,MH,2022-11-29,N
C104026,Riya Ansari,Surat,GJ,2024-12-06,N
C104027,Aadhya Iyer,Indore,MP,2023-08-05,N
C104028,Pooja Bansal,Guwahati,AS,2024-11-20,N
C104029,Rahul Kaur,Nagpur,MH,2022-12-04,Y
C104030,Geeta Mittal,Guwahati,AS,2024-01-22,N
C104031,Zaid Gill,Bengaluru,KA,2023-10-08,N
C104032,Ayaan Khan,Patna,BR,2024-04-08,N
C104033,Arjun Arora,Lucknow,UP,2023-03-11,N
C104034,Mohammed Singh,Lucknow,UP,2024-08-11,N
C104035,Vivaan Deshpande,Gurugram,HR,2023-03-23,N
C104036,Sukhwinder Yadav,Lucknow,UP,2023-09-03,N
C104037,Dev Naidu,Kolkata,WB,2024-02-10,N
C104038,Ishaan Bose,Chandigarh,CH,2024-04-19,N
C104039,Sai Kapoor,Pune,MH,2023-04-21,Y
C104040,Shreya Goyal,Surat,GJ,2024-12-22,N
C104041,Pooja Patel,Gurugram,HR,2024-09-17,Y
C104042,Tarun Bose,Noida,UP,2023-05-25,N
C104043,Gurpreet Agarwal,Vadodara,GJ,2023-03-25,N
C104044,Riya Trivedi,Hyderabad,TS,2022-07-19,Y
C104045,Isha Mukherjee,Ahmedabad,GJ,2023-07-06,N
C104046,Komal Singh,Mumbai,MH,2022-08-30,N
C104047,Om Ansari,Delhi,DL,2024-09-11,N
C104048,Ishaan Rathore,Delhi,DL,2023-09-16,Y
C104049,Kavya Jain,Kochi,KL,2022-07-22,N
C104050,Payal Srivastava,Chandigarh,CH,2023-02-20,N
C104051,Isha George,Thiruvananthapuram,KL,2023-03-21,N
C104052,Shreya Bansal,Chennai,TN,2023-08-29,Y
C104053,Siddharth Chauhan,Delhi,DL,2022-09-28,N
C104054,Rohan Sheikh,Nagpur,MH,2023-03-27,Y
C104055,Jaspreet Sharma,Mumbai,MH,2022-09-29,N
C104056,Ritika Kulkarni,Bengaluru,KA,2024-04-21,Y
C104057,Vikram Varghese,Ranchi,JH,2023-06-24,Y
C104058,Saanvi Goyal,Raipur,CG,2024-05-25,N
C104059,Zaid Dhillon,Indore,MP,2024-11-03,N
C104060,Yash Jain,Chandigarh,CH,2024-03-11,Y
C104061,Tanvi Bhatt,Gurugram,HR,2023-03-29,N
C104062,Vikram Desai,Ahmedabad,GJ,2023-01-13,Y
C104063,Sneha Naidu,Dehradun,UK,2023-06-02,Y
C104064,Sukhwinder Pawar,Coimbatore,TN,2022-11-29,N
C104065,Varun Mishra,Indore,MP,2024-01-27,Y
C104066,Aishwarya Khan,Chandigarh,CH,2024-02-18,Y
C104067,Vihaan Varghese,Jaipur,RJ,2024-02-21,N
C104068,Rohit Bansal,Bhopal,MP,2023-06-14,N
C104069,Om Mittal,Chennai,TN,2023-07-09,Y
C104070,Siddharth Mittal,Vadodara,GJ,2024-01-26,N
C104071,Sunita Reddy,Nashik,MH,2024-04-22,N
C104072,Daniel Trivedi,Jaipur,RJ,2024-10-20,N
C104073,Meera Tiwari,Patna,BR,2024-02-23,N
C104074,Megha Mishra,Indore,MP,2023-11-22,N
C104075,Rajat Gill,Kochi,KL,2024-03-13,N
C104076,Kunal Chatterjee,Nashik,MH,2023-09-05,N
C104077,Tarun Kaur,Bhopal,MP,2023-09-06,N
C104078,Pranav Chopra,Coimbatore,TN,2024-02-27,N
C104079,Payal Chauhan,Nashik,MH,2024-10-18,N
C104080,Manish Dhillon,Kolkata,WB,2024-09-27,N
C104081,Amit Sharma,Ranchi,JH,2023-07-02,N
C104082,Vivaan Pawar,Visakhapatnam,AP,2024-07-12,N
C104083,Tarun Nair,Gurugram,HR,2024-02-26,N
C104084,Thomas Roy,Bengaluru,KA,2024-10-16,N
C104085,Anjali Jadhav,Pune,MH,2024-04-16,N
C104086,Aadhya Rathore,Vadodara,GJ,2024-01-17,N
C104087,Mohammed Shah,Delhi,DL,2024-05-14,N
C104088,Kunal Gaikwad,Pune,MH,2022-08-24,N
C104089,Aishwarya Patel,Pune,MH,2023-09-09,Y
C104090,Karan Bhatia,Pune,MH,2024-04-29,N
C104091,Aarav Desai,Visakhapatnam,AP,2023-12-22,Y
C104092,Aishwarya Bhatt,Bhubaneswar,OR,2024-05-21,Y
C104093,Lobsang Khan,Lucknow,UP,2024-05-26,N
C104094,Nisha Pandey,Patna,BR,2024-05-05,N
C104095,Lakshmi Qureshi,Kochi,KL,2024-11-04,Y
C104096,Saanvi Dutta,Bhopal,MP,2022-10-16,Y
C104097,Kabir Bhatia,Hyderabad,TS,2022-08-12,N
C104098,Varun Jain,Raipur,CG,2023-02-04,N
C104099,Arjun Iyer,Visakhapatnam,AP,2023-06-12,Y
C104100,Meera Shah,Bhubaneswar,OR,2023-01-15,N
C104101,Faisal Ansari,Hyderabad,TS,2023-09-22,N
C104102,Bhavna Sheikh,Delhi,DL,2024-02-18,N
C104103,Vikram Kumar,Raipur,CG,2023-12-04,N
C104104,Geeta Chatterjee,Indore,MP,2022-11-14,N
C104105,Ananya Bhatt,Ahmedabad,GJ,2023-10-10,Y
C104106,Amit Reddy,Ranchi,JH,2024-12-07,Y
C104107,Sameer Khan,Chandigarh,CH,2023-11-12,N
C104108,Varun Goyal,Nagpur,MH,2023-02-05,Y
C104109,Ramesh Shinde,Chennai,TN,2022-08-22,N
C104110,Amit Dhillon,Vadodara,GJ,2024-01-20,N
C104111,Rajat Singh,Gurugram,HR,2023-06-15,Y
C104112,Mohammed Mukherjee,Mumbai,MH,2022-11-21,N
C104113,Tanvi Ansari,Kochi,KL,2023-03-10,N
C104114,Payal Ansari,Raipur,CG,2024-12-21,N
C104115,Sukhwinder Varghese,Jaipur,RJ,2023-12-26,Y
C104116,Saanvi Gill,Coimbatore,TN,2022-12-03,Y
C104117,Pranav Rao,Mumbai,MH,2023-08-11,N
C104118,Vivaan Joshi,Bhopal,MP,2023-05-01,N
C104119,Manish Shinde,Jaipur,RJ,2023-07-20,N
C104120,Yash Srivastava,Dehradun,UK,2023-08-17,Y
C104121,Tenzin Trivedi,Chennai,TN,2024-08-21,N
C104122,Saanvi Agarwal,Mumbai,MH,2023-08-30,Y
C104123,Daniel Sharma,Thiruvananthapuram,KL,2022-08-13,N
C104124,Ankit Yadav,Gurugram,HR,2023-08-17,N
C104125,Ishaan D'Souza,Chandigarh,CH,2024-06-01,N
C104126,Jaspreet Nair,Chandigarh,CH,2023-06-01,N
C104127,Karan Banerjee,Visakhapatnam,AP,2024-05-28,N
C104128,Ayaan Rao,Dehradun,UK,2023-08-16,N
C104129,Diya Gaikwad,Indore,MP,2023-09-13,Y
C104130,Payal Malhotra,Patna,BR,2023-10-26,N
C104131,Nisha Das,Jaipur,RJ,2022-08-19,N
C104132,Rajat Shah,Nashik,MH,2023-11-13,N
C104133,Isha Naidu,Pune,MH,2024-04-19,N
C104134,Lobsang Joshi,Bhubaneswar,OR,2024-02-12,N
C104135,Vihaan Reddy,Noida,UP,2023-10-21,Y
C104136,Farah Trivedi,Chandigarh,CH,2022-07-21,N
C104137,Swati Deshpande,Ahmedabad,GJ,2024-11-14,N
C104138,Bhavna Joshi,Pune,MH,2024-08-07,N
C104139,Harsh Naidu,Mysuru,KA,2023-04-19,N
C104140,Jaspreet Trivedi,Bhubaneswar,OR,2023-06-03,N
C104141,Amit Agarwal,Chandigarh,CH,2023-04-01,N
C104142,Komal Mathew,Lucknow,UP,2024-03-06,N
C104143,Manish Roy,Chandigarh,CH,2023-05-09,N
C104144,Kunal Reddy,Ahmedabad,GJ,2023-07-09,N
C104145,Abhishek Pandey,Indore,MP,2024-06-24,N
C104146,Ankit Nair,Patna,BR,2024-09-24,N
C104147,Rahul Bhatia,Chandigarh,CH,2023-10-17,Y
C104148,Krishna Gupta,Bengaluru,KA,2023-07-18,N
C104149,Varun Pillai,Mysuru,KA,2023-08-23,N
C104150,Om Saxena,Kochi,KL,2023-08-12,Y
C104151,Imran Rathore,Surat,GJ,2023-11-30,N
C104152,Ritika Sheikh,Jaipur,RJ,2023-05-05,Y
C104153,Abhishek Chopra,Bengaluru,KA,2024-11-22,N
C104154,Aditya Srivastava,Pune,MH,2024-09-21,N
C104155,Manish Gupta,Chennai,TN,2022-09-12,N
C104156,Ramesh Qureshi,Gurugram,HR,2024-06-25,N
C104157,Pranav Sethi,Hyderabad,TS,2023-03-13,Y
C104158,Lobsang Nair,Surat,GJ,2023-03-17,N
C104159,Rajat Sen,Jaipur,RJ,2023-08-11,N
C104160,Ishaan Goyal,Thiruvananthapuram,KL,2022-09-22,N
C104161,Faisal Pillai,Mumbai,MH,2024-11-03,N
C104162,Rahul Sandhu,Delhi,DL,2023-11-24,N
C104163,Saanvi Ansari,Hyderabad,TS,2023-09-11,N
C104164,Harpreet Naidu,Kolkata,WB,2022-08-20,N
C104165,Manish Bansal,Noida,UP,2024-12-14,Y
C104166,Geeta Kapoor,Jaipur,RJ,2022-12-20,Y
C104167,Aadhya Jain,Lucknow,UP,2023-08-02,N
C104168,Daniel Patel,Mysuru,KA,2024-05-17,N
C104169,Sameer Rao,Nagpur,MH,2023-01-18,N
C104170,Jaspreet Sheikh,Mysuru,KA,2024-07-14,Y
C104171,Meera Pereira,Mysuru,KA,2023-10-01,N
C104172,Kabir Bose,Nagpur,MH,2023-12-24,N
C104173,Joseph Arora,Ahmedabad,GJ,2022-10-12,Y
C104174,Dev D'Souza,Bhopal,MP,2024-09-14,Y
C104175,Kavya Kapoor,Gurugram,HR,2023-03-28,N
C104176,Geeta Saxena,Ahmedabad,GJ,2023-11-04,Y
C104177,Varun Jain,Patna,BR,2024-03-31,N
C104178,Manpreet Bansal,Vadodara,GJ,2024-02-27,N
C104179,Shreya Bansal,Patna,BR,2022-10-25,N
C104180,Rohit Sen,Guwahati,AS,2024-09-14,Y
C104181,Vihaan Pawar,Surat,GJ,2024-09-09,Y
C104182,Mohammed Singh,Thiruvananthapuram,KL,2024-09-11,Y
C104183,Abhishek Patel,Chandigarh,CH,2023-10-08,N
C104184,Sukhwinder Ghosh,Nashik,MH,2023-09-13,N
C104185,Sneha Desai,Pune,MH,2023-07-05,Y
C104186,Krishna Chauhan,Bhubaneswar,OR,2024-10-13,N
C104187,Rahul Banerjee,Ranchi,JH,2024-03-01,Y
C104188,Deepak Sheikh,Kolkata,WB,2023-10-21,Y
C104189,Rohit Saxena,Kochi,KL,2022-07-27,N
C104190,Zoya Reddy,Mumbai,MH,2024-07-27,Y
C104191,Suresh Desai,Ahmedabad,GJ,2023-04-06,Y
C104192,Ramesh Chatterjee,Indore,MP,2024-06-15,Y
C104193,Priya Naidu,Hyderabad,TS,2023-03-13,Y
C104194,Gurpreet Qureshi,Jaipur,RJ,2023-01-06,Y
C104195,Faisal D'Souza,Kochi,KL,2024-03-29,N
C104196,Komal Banerjee,Surat,GJ,2024-07-20,N
C104197,Om Pereira,Patna,BR,2023-09-16,N
C104198,Harpreet Mishra,Mysuru,KA,2022-11-29,N
C104199,Komal Nair,Guwahati,AS,2023-05-10,Y
C104200,Mohammed Yadav,Thiruvananthapuram,KL,2023-04-07,Y
C104201,Farah Shah,Patna,BR,2022-11-02,Y
C104202,Priya Mishra,Hyderabad,TS,2023-09-11,Y
C104203,Om Mukherjee,Noida,UP,2023-08-29,N
C104204,Geeta Pawar,Bhubaneswar,OR,2024-09-28,N
C104205,Isha Gupta,Thiruvananthapuram,KL,2024-02-16,N
C104206,Geeta Arora,Visakhapatnam,AP,2024-04-14,Y
C104207,Abhishek Siddiqui,Hyderabad,TS,2023-12-23,N
C104208,Tanvi Sharma,Chandigarh,CH,2024-03-20,Y
C104209,Aditya Das,Guwahati,AS,2024-02-14,N
C104210,Sai Verma,Patna,BR,2022-10-21,N
C104211,Suresh Joshi,Guwahati,AS,2023-11-14,N
C104212,Krishna Kulkarni,Thiruvananthapuram,KL,2023-07-31,N
C104213,Aishwarya Kapoor,Coimbatore,TN,2023-04-20,N
C104214,Abhishek D'Souza,Kochi,KL,2024-05-05,N
C104215,Vihaan Chatterjee,Kochi,KL,2023-08-24,Y
C104216,Simran Mehta,Guwahati,AS,2023-01-19,Y
C104217,Swati Bhatt,Chandigarh,CH,2023-09-25,N
C104218,Farah Kumar,Bhopal,MP,2024-11-03,N
C104219,Ishaan Kapoor,Thiruvananthapuram,KL,2024-07-30,Y
C104220,Zaid Saxena,Hyderabad,TS,2022-12-03,N
C104221,Rahul Reddy,Noida,UP,2024-02-08,N
C104222,Imran Chauhan,Surat,GJ,2024-09-08,Y
C104223,Sai Siddiqui,Chennai,TN,2023-02-26,N
C104224,Ayaan Nair,Vadodara,GJ,2022-08-06,N
C104225,Deepak Arora,Pune,MH,2022-08-09,N
C104226,Shreya Menon,Bhubaneswar,OR,2024-01-25,N
C104227,Isha Mehta,Patna,BR,2024-12-09,Y
C104228,Krishna Iyer,Nashik,MH,2022-12-13,Y
C104229,Sunita Das,Chandigarh,CH,2023-08-01,N
C104230,Sneha Bose,Bengaluru,KA,2024-07-22,N
C104231,Amit Iyer,Nashik,MH,2023-04-13,N
C104232,Priya Malhotra,Indore,MP,2022-11-07,N
C104233,Geeta Bansal,Kochi,KL,2023-01-30,Y
C104234,Ritika Varghese,Mysuru,KA,2023-01-17,N
C104235,Megha Trivedi,Raipur,CG,2022-09-08,N
C104236,Steven Rathore,Kolkata,WB,2024-07-21,Y
C104237,Tarun Patel,Ahmedabad,GJ,2024-04-07,Y
C104238,Pooja Qureshi,Pune,MH,2024-06-22,N
C104239,Rohit Trivedi,Coimbatore,TN,2022-10-19,Y
C104240,Tenzin Gaikwad,Patna,BR,2024-06-27,N
C104241,Suresh Siddiqui,Guwahati,AS,2024-01-03,N
C104242,Imran Kapoor,Visakhapatnam,AP,2024-04-06,N
C104243,Neha Bhatia,Mumbai,MH,2024-06-30,Y
C104244,Manpreet Roy,Hyderabad,TS,2022-11-02,Y
C104245,Ayaan Srivastava,Chandigarh,CH,2024-09-28,Y
C104246,Manish Singh,Vadodara,GJ,2023-06-23,N
C104247,Rohit Pandey,Kolkata,WB,2022-08-31,Y
C104248,Tanvi Das,Bhubaneswar,OR,2025-01-01,N
C104249,Pooja Kumar,Kochi,KL,2023-07-26,Y
C104250,Lakshmi Shinde,Visakhapatnam,AP,2024-03-01,N
C104251,Tenzin Jadhav,Dehradun,UK,2023-03-01,N
C104252,Tanvi Chatterjee,Bengaluru,KA,2022-11-07,N
C104253,Aishwarya Sandhu,Raipur,CG,2024-09-02,N
C104254,Arjun Shinde,Pune,MH,2024-12-04,N
C104255,Pooja Dhillon,Jaipur,RJ,2024-04-09,N
C104256,Amit Gaikwad,Ranchi,JH,2023-06-20,N
C104257,Rohit Gill,Hyderabad,TS,2023-10-06,Y
C104258,Vihaan Kaur,Ranchi,JH,2024-08-22,Y
C104259,Gurpreet Rathore,Indore,MP,2022-08-02,N
C104260,Imran Varghese,Mumbai,MH,2024-05-12,N
C104261,Dev Chatterjee,Bhubaneswar,OR,2023-06-11,Y
C104262,Zoya Mishra,Bhubaneswar,OR,2022-12-26,N
C104263,Saanvi Singh,Lucknow,UP,2024-07-27,N
C104264,Sunita Srivastava,Mysuru,KA,2023-09-04,Y
C104265,Vikram Pillai,Chennai,TN,2023-09-03,N
C104266,Amit Fernandes,Gurugram,HR,2023-11-05,N
C104267,Lobsang Rathore,Kochi,KL,2024-09-16,Y
C104268,Sameer Saxena,Lucknow,UP,2023-10-03,N
C104269,Saanvi Sandhu,Nagpur,MH,2024-04-04,N
C104270,Faisal Khan,Noida,UP,2022-10-31,Y
C104271,Pranav Kulkarni,Bhubaneswar,OR,2024-04-27,N
C104272,Ankit Banerjee,Ranchi,JH,2024-12-28,N
C104273,Tarun Mehta,Noida,UP,2023-07-13,N
C104274,Varun Pandey,Guwahati,AS,2022-11-05,N
C104275,Rohit Mehta,Ahmedabad,GJ,2023-05-30,Y
C104276,Daniel Sandhu,Mysuru,KA,2024-06-14,N
C104277,Zaid Bhatt,Chandigarh,CH,2023-05-22,N
C104278,Ananya Mehta,Delhi,DL,2022-07-29,Y
C104279,Sukhwinder Ansari,Raipur,CG,2022-12-02,N
C104280,Nikhil Reddy,Bhopal,MP,2023-06-18,Y
C104281,Pooja Goyal,Hyderabad,TS,2024-01-04,N
C104282,Thomas Bhatt,Vadodara,GJ,2024-03-11,N
C104283,Aarav Sethi,Chandigarh,CH,2024-11-05,Y
C104284,Amit Khanna,Chennai,TN,2023-06-27,N
C104285,Simran Pereira,Hyderabad,TS,2024-01-10,N
C104286,Aadhya Varghese,Jaipur,RJ,2023-08-19,Y
C104287,Zaid Bhatt,Ranchi,JH,2023-04-10,N
C104288,Aditya Gaikwad,Surat,GJ,2023-04-13,N
C104289,Deepak Sandhu,Raipur,CG,2024-09-23,Y
C104290,Riya Rao,Jaipur,RJ,2024-06-12,N
C104291,Swati Sandhu,Bengaluru,KA,2022-09-14,N
C104292,Manpreet Sandhu,Nashik,MH,2024-04-29,N
C104293,Faisal Tiwari,Ahmedabad,GJ,2024-08-23,N
C104294,Bhavna Pandey,Raipur,CG,2023-09-08,N
C104295,Ayaan Varghese,Gurugram,HR,2024-07-22,N
C104296,Sneha Desai,Nagpur,MH,2024-03-18,Y
C104297,Amit Pandey,Visakhapatnam,AP,2022-12-13,Y
C104298,Deepak Gupta,Raipur,CG,2022-10-01,N
C104299,Sameer Mehta,Ahmedabad,GJ,2023-12-14,N
C104300,Ayaan D'Souza,Patna,BR,2024-06-20,N
C104301,Ramesh Kumar,Bhopal,MP,2022-08-13,N
C104302,Faisal Mittal,Chandigarh,CH,2023-08-15,N
C104303,Steven D'Souza,Jaipur,RJ,2022-09-02,N
C104304,Aishwarya Sen,Raipur,CG,2023-10-28,N
C104305,Faisal Gaikwad,Hyderabad,TS,2022-10-03,Y
C104306,Tanvi Agarwal,Indore,MP,2024-10-25,Y
C104307,Amit Kapoor,Bhopal,MP,2023-08-29,Y
C104308,Harsh Bose,Chandigarh,CH,2023-10-10,N
C104309,Mohammed Saxena,Indore,MP,2024-04-22,N
C104310,Bhavna Trivedi,Noida,UP,2023-01-19,N
C104311,Divya Sheikh,Thiruvananthapuram,KL,2024-10-13,N
C104312,Varun Agarwal,Pune,MH,2023-12-25,N
C104313,Pooja Shinde,Bhopal,MP,2023-10-15,N
C104314,Payal Varghese,Indore,MP,2024-02-11,N
C104315,Ananya Sethi,Bhopal,MP,2022-07-25,N
C104316,Ayaan Arora,Thiruvananthapuram,KL,2023-11-17,N
C104317,Lakshmi Roy,Ahmedabad,GJ,2023-10-10,N
C104318,Meera D'Souza,Patna,BR,2022-08-15,N
C104319,Kunal Bose,Jaipur,RJ,2024-09-14,N
C104320,Swati Verma,Kolkata,WB,2023-10-11,Y
C104321,Kavya Das,Nashik,MH,2022-12-06,Y
C104322,Aishwarya Kaur,Vadodara,GJ,2024-04-13,Y
C104323,Abhishek Qureshi,Nashik,MH,2024-01-21,N
C104324,Harsh Bhatia,Lucknow,UP,2023-10-27,Y
C104325,Sukhwinder Khanna,Delhi,DL,2023-08-05,N
C104326,Pranav Jain,Surat,GJ,2023-12-29,N
C104327,Ananya Kumar,Nashik,MH,2022-11-26,N
C104328,Karan Sethi,Bengaluru,KA,2024-04-26,N
C104329,Dev Sethi,Surat,GJ,2023-05-20,Y
C104330,Gurpreet Trivedi,Gurugram,HR,2023-12-14,N
C104331,Rajat Gill,Hyderabad,TS,2024-09-27,N
C104332,Aarav Yadav,Kochi,KL,2022-12-16,N
C104333,Vikram Rathore,Mumbai,MH,2022-08-17,N
C104334,Aarav Khan,Raipur,CG,2024-11-14,N
C104335,Tarun Saxena,Gurugram,HR,2024-07-01,Y
C104336,Ankit Varghese,Ahmedabad,GJ,2023-02-19,N
C104337,Om Mukherjee,Gurugram,HR,2023-12-30,Y
C104338,Sneha Gupta,Bengaluru,KA,2023-04-25,Y
C104339,Mohammed Verma,Visakhapatnam,AP,2024-08-29,N
C104340,Suresh Dutta,Kochi,KL,2024-10-11,N
C104341,Karan Verma,Kochi,KL,2023-07-08,N
C104342,Om Das,Patna,BR,2024-01-21,N
C104343,Vivaan Naidu,Kolkata,WB,2024-10-24,N
C104344,Ishaan Reddy,Visakhapatnam,AP,2023-02-07,Y
C104345,Lakshmi Sheikh,Ahmedabad,GJ,2023-10-13,N
C104346,Sukhwinder Varghese,Thiruvananthapuram,KL,2022-11-03,N
C104347,Zoya George,Raipur,CG,2024-10-13,N
C104348,Vikram Mukherjee,Hyderabad,TS,2022-09-28,N
C104349,Vihaan Verma,Raipur,CG,2023-05-08,N
C104350,Kavya Malhotra,Kochi,KL,2024-12-19,N
C104351,Rohan Khanna,Guwahati,AS,2024-09-16,N
C104352,Aarav Bhatia,Ranchi,JH,2022-12-07,N
C104353,Vihaan Arora,Bengaluru,KA,2024-02-03,Y
C104354,Rohan Sen,Indore,MP,2024-01-10,N
C104355,Zaid Qureshi,Nagpur,MH,2022-10-09,Y
C104356,Imran Reddy,Bhopal,MP,2022-09-01,N
C104357,Arjun Sheikh,Nagpur,MH,2024-10-30,N
C104358,Megha Shah,Chandigarh,CH,2022-11-07,N
C104359,Harsh Pandey,Raipur,CG,2024-02-18,Y
C104360,Manpreet Kulkarni,Coimbatore,TN,2022-11-14,Y
C104361,Manish Deshpande,Lucknow,UP,2022-12-06,N
C104362,Reyansh Gupta,Indore,MP,2024-01-10,Y
C104363,Jaspreet Bansal,Noida,UP,2022-09-06,Y
C104364,Manpreet Chauhan,Vadodara,GJ,2023-11-19,N
C104365,Thomas Pawar,Mysuru,KA,2024-08-20,N
C104366,Thomas Jain,Indore,MP,2022-07-26,N
C104367,Diya Shinde,Kolkata,WB,2023-06-10,N
C104368,Om Verma,Ahmedabad,GJ,2023-06-17,Y
C104369,Deepak George,Nagpur,MH,2022-09-05,N
C104370,Rohit Singh,Ahmedabad,GJ,2023-06-29,N
C104371,Thomas Rathore,Nagpur,MH,2023-09-11,Y
C104372,Aditya Pillai,Jaipur,RJ,2023-03-20,Y
C104373,Nisha Patel,Kolkata,WB,2023-05-23,N
C104374,Geeta Sharma,Coimbatore,TN,2024-05-24,N
C104375,Ritika George,Vadodara,GJ,2023-01-29,N
C104376,Tarun Dutta,Guwahati,AS,2024-02-25,N
C104377,Deepak Khanna,Noida,UP,2022-08-02,Y
C104378,Ankit Roy,Chandigarh,CH,2024-06-20,N
C104379,Ananya Chopra,Dehradun,UK,2024-09-20,N
C104380,Om Mehta,Hyderabad,TS,2022-11-08,N
C104381,Zaid Trivedi,Nashik,MH,2024-05-14,N
C104382,Sneha Gaikwad,Hyderabad,TS,2024-02-15,N
C104383,Rahul Singh,Mysuru,KA,2022-09-16,N
C104384,Ritika Kumar,Patna,BR,2022-12-16,N
C104385,Neha Rao,Raipur,CG,2022-12-15,N
C104386,Kavya Deshpande,Pune,MH,2024-09-17,Y
C104387,Steven Nair,Bhopal,MP,2023-02-09,N
C104388,Nikhil Mehta,Noida,UP,2024-10-24,Y
C104389,Siddharth Pandey,Hyderabad,TS,2022-07-31,Y
C104390,Siddharth Khanna,Chandigarh,CH,2023-03-10,N
C104391,Aadhya Singh,Visakhapatnam,AP,2023-04-11,N
C104392,Jaspreet Mathew,Hyderabad,TS,2024-04-20,N
C104393,Aishwarya Gaikwad,Vadodara,GJ,2023-06-11,N
C104394,Sameer Chopra,Patna,BR,2024-04-11,N
C104395,Krishna Yadav,Hyderabad,TS,2022-09-02,N
C104396,Abhishek Yadav,Indore,MP,2023-07-12,N
C104397,Vivaan Chopra,Raipur,CG,2023-06-29,Y
C104398,Ritika Fernandes,Raipur,CG,2022-07-27,N
C104399,Payal Jain,Guwahati,AS,2023-05-07,N
C104400,Imran Yadav,Lucknow,UP,2023-01-09,N
C104401,Neha Roy,Vadodara,GJ,2023-07-04,N
C104402,Pooja Khanna,Mumbai,MH,2023-02-20,N
C104403,Megha Iyer,Vadodara,GJ,2024-03-07,Y
C104404,Amit Yadav,Thiruvananthapuram,KL,2024-03-12,N
C104405,Komal Gaikwad,Patna,BR,2024-11-06,N
C104406,Riya Pawar,Hyderabad,TS,2024-12-06,N
C104407,Daniel Saxena,Gurugram,HR,2023-02-05,N
C104408,Harpreet Kapoor,Bengaluru,KA,2024-06-19,N
C104409,Ayaan Saxena,Kolkata,WB,2024-12-07,Y
C104410,Zoya Menon,Bhopal,MP,2023-08-16,N
C104411,Ananya Kulkarni,Thiruvananthapuram,KL,2024-08-10,N
C104412,Harsh Chatterjee,Kolkata,WB,2024-11-29,Y
C104413,Om Dhillon,Kolkata,WB,2023-05-29,N
C104414,Tanvi Iyer,Lucknow,UP,2023-09-05,N
C104415,Isha Bhatt,Nashik,MH,2023-06-02,N
C104416,Zoya Bhatia,Patna,BR,2023-06-07,N
C104417,Divya Ansari,Hyderabad,TS,2022-09-04,Y
C104418,Gurpreet Chatterjee,Kolkata,WB,2022-08-25,N
C104419,Sunita Goyal,Hyderabad,TS,2024-09-14,Y
C104420,Rajat Pawar,Gurugram,HR,2024-07-14,N
C104421,Joseph Singh,Jaipur,RJ,2024-07-02,Y
C104422,Tenzin Reddy,Mumbai,MH,2023-12-28,N
C104423,Aishwarya Dutta,Kochi,KL,2024-03-24,N
C104424,Ankit Srivastava,Visakhapatnam,AP,2023-08-09,N
C104425,Nisha Mittal,Noida,UP,2023-12-09,N
C104426,Om Gill,Surat,GJ,2024-05-18,N
C104427,Ananya Pandey,Chennai,TN,2024-07-03,N
C104428,Ishaan Fernandes,Lucknow,UP,2023-05-25,Y
C104429,Sameer Das,Vadodara,GJ,2024-11-27,Y
C104430,Aditya Sandhu,Ranchi,JH,2024-08-30,N
C104431,Pranav Trivedi,Indore,MP,2024-06-17,N
C104432,Joseph Srivastava,Bhubaneswar,OR,2023-11-04,Y
C104433,Vihaan Reddy,Vadodara,GJ,2023-06-12,N
C104434,Zoya Mukherjee,Lucknow,UP,2024-08-28,N
C104435,Sameer Gill,Hyderabad,TS,2024-09-25,N
C104436,Vihaan Kapoor,Gurugram,HR,2024-02-23,N
C104437,Meera Chauhan,Pune,MH,2023-08-25,Y
C104438,Imran Ansari,Ranchi,JH,2023-03-10,Y
C104439,Aditya Agarwal,Mumbai,MH,2024-12-30,N
C104440,Siddharth Menon,Mysuru,KA,2024-09-21,Y
C104441,Vihaan Chauhan,Noida,UP,2022-08-07,N
C104442,Bhavna D'Souza,Kochi,KL,2024-11-05,N
C104443,Vihaan Dhillon,Indore,MP,2023-03-04,N
C104444,Aadhya D'Souza,Raipur,CG,2024-04-18,N
C104445,Krishna Gupta,Lucknow,UP,2023-07-10,N
C104446,Ritika Desai,Thiruvananthapuram,KL,2024-12-24,Y
C104447,Rajat Menon,Guwahati,AS,2023-09-04,Y
C104448,Sukhwinder Shinde,Indore,MP,2023-11-16,N
C104449,Deepak Dhillon,Bengaluru,KA,2023-05-11,N
C104450,Kabir Arora,Surat,GJ,2023-10-01,N
C104451,Dev Pillai,Kolkata,WB,2023-06-03,N
C104452,Joseph Goyal,Surat,GJ,2024-12-20,N
C104453,Faisal Reddy,Noida,UP,2024-10-10,N
C104454,Faisal Roy,Bengaluru,KA,2024-03-14,N
C104455,Aishwarya Singh,Kolkata,WB,2022-11-13,Y
C104456,Kavya Sen,Indore,MP,2023-06-05,N
C104457,Ramesh Shinde,Gurugram,HR,2024-02-16,N
C104458,Faisal Gaikwad,Visakhapatnam,AP,2022-09-17,N
C104459,Sunita Pillai,Kochi,KL,2024-09-13,Y
C104460,Harpreet Bhatia,Delhi,DL,2024-09-24,Y
C104461,Lakshmi Gupta,Chandigarh,CH,2023-07-22,N
C104462,Arjun Khan,Bhubaneswar,OR,2022-09-21,N
C104463,Priya Mishra,Hyderabad,TS,2024-01-06,N
C104464,Rohit Naidu,Coimbatore,TN,2024-03-14,Y
C104465,Deepak Goyal,Gurugram,HR,2024-12-23,Y
C104466,Harpreet Rathore,Ahmedabad,GJ,2024-08-09,Y
C104467,Sneha Banerjee,Guwahati,AS,2023-05-25,Y
C104468,Tarun Goyal,Vadodara,GJ,2023-10-18,N
C104469,Aarav Qureshi,Thiruvananthapuram,KL,2024-01-09,N
C104470,Harpreet Verma,Surat,GJ,2024-02-26,Y
C104471,Faisal Yadav,Dehradun,UK,2022-11-04,Y
C104472,Ayaan Siddiqui,Hyderabad,TS,2024-04-24,Y
C104473,Meera Mishra,Pune,MH,2024-10-18,Y
C104474,Payal Mishra,Surat,GJ,2022-11-09,N
C104475,Shreya Sheikh,Gurugram,HR,2023-01-12,N
C104476,Rahul Roy,Bengaluru,KA,2024-08-02,N
C104477,Kunal Gupta,Chandigarh,CH,2024-12-28,Y
C104478,Lakshmi George,Gurugram,HR,2023-08-06,N
C104479,Swati Singh,Pune,MH,2023-11-01,N
C104480,Mohammed Sen,Mumbai,MH,2024-09-19,N
C104481,Payal Bhatt,Raipur,CG,2024-03-21,Y
C104482,Thomas Tiwari,Ranchi,JH,2024-12-05,N
C104483,Geeta Sheikh,Hyderabad,TS,2024-12-03,Y
C104484,Kunal Joshi,Visakhapatnam,AP,2024-08-04,Y
C104485,Nikhil Sen,Pune,MH,2024-01-03,Y
C104486,Aadhya Rathore,Dehradun,UK,2024-03-18,Y
C104487,Sukhwinder Kapoor,Thiruvananthapuram,KL,2022-09-02,N
C104488,Riya Malhotra,Indore,MP,2023-12-08,N
C104489,Vihaan Varghese,Dehradun,UK,2024-05-30,Y
C104490,Gurpreet Dutta,Ranchi,JH,2023-09-19,Y
C104491,Arjun Khan,Patna,BR,2023-01-10,Y
C104492,Shreya Chauhan,Lucknow,UP,2024-08-29,Y
C104493,Swati Khanna,Noida,UP,2024-12-12,N
C104494,Vivaan Dutta,Hyderabad,TS,2024-11-22,N
C104495,Zaid Gupta,Thiruvananthapuram,KL,2024-09-23,N
C104496,Isha Srivastava,Noida,UP,2022-11-14,N
C104497,Lakshmi Pawar,Bhubaneswar,OR,2024-12-02,N
C104498,Ananya Pandey,Lucknow,UP,2024-01-15,Y
C104499,Thomas Mehta,Kolkata,WB,2023-11-23,Y
C104500,Aditya Sheikh,Dehradun,UK,2022-08-08,N
C104501,Steven Pereira,Kochi,KL,2022-09-15,Y
C104502,Dev Ansari,Mumbai,MH,2023-08-01,N
C104503,Sai Sharma,Kochi,KL,2022-10-12,Y
C104504,Arjun D'Souza,Raipur,CG,2024-10-28,Y
C104505,Ritika Chauhan,Mysuru,KA,2023-08-14,N
C104506,Simran Kumar,Mumbai,MH,2023-05-04,N
C104507,Aishwarya Yadav,Mumbai,MH,2023-02-27,N
C104508,Anjali Menon,Bhopal,MP,2024-03-07,N
C104509,Tarun Shinde,Guwahati,AS,2023-08-11,Y
C104510,Ishaan Bose,Gurugram,HR,2023-02-24,Y
C104511,Anjali Sen,Gurugram,HR,2023-12-17,N
C104512,Farah Das,Gurugram,HR,2023-01-03,N
C104513,Pranav Qureshi,Hyderabad,TS,2024-09-20,N
C104514,Aishwarya Roy,Chandigarh,CH,2023-05-15,N
C104515,Lobsang Mehta,Bengaluru,KA,2023-06-10,N
C104516,Lobsang Menon,Vadodara,GJ,2023-11-29,N
C104517,Priya Trivedi,Coimbatore,TN,2023-01-04,Y
C104518,Reyansh Shinde,Indore,MP,2023-09-13,Y
C104519,Aishwarya Goyal,Ahmedabad,GJ,2024-09-02,N
C104520,Komal Siddiqui,Jaipur,RJ,2024-07-27,N
C104521,Yash Mukherjee,Patna,BR,2024-05-20,N
C104522,Deepak Rathore,Thiruvananthapuram,KL,2024-02-06,Y
C104523,Aditya Shinde,Dehradun,UK,2023-09-16,N
C104524,Riya Banerjee,Jaipur,RJ,2023-12-28,N
C104525,Lakshmi Desai,Bhubaneswar,OR,2023-07-29,N
C104526,Reyansh Malhotra,Coimbatore,TN,2023-08-19,N
C104527,Sukhwinder Banerjee,Bhopal,MP,2022-11-14,N
C104528,Pranav Sandhu,Noida,UP,2022-09-21,N
C104529,Amit Bhatia,Bhubaneswar,OR,2023-05-11,N
C104530,Kavya Das,Bengaluru,KA,2022-11-26,N
C104531,Riya Das,Kochi,KL,2023-02-19,Y
C104532,Sukhwinder Fernandes,Nagpur,MH,2022-12-11,N
C104533,Kabir Chopra,Coimbatore,TN,2022-12-27,Y
C104534,Dev Shinde,Surat,GJ,2023-05-18,N
C104535,Rohan Siddiqui,Hyderabad,TS,2024-02-28,N
C104536,Thomas Gill,Vadodara,GJ,2024-10-26,N
C104537,Payal Pawar,Bengaluru,KA,2023-11-30,Y
C104538,Swati Chopra,Surat,GJ,2023-06-05,N
C104539,Pooja Gaikwad,Ahmedabad,GJ,2024-10-07,N
C104540,Nikhil Kumar,Kolkata,WB,2022-12-25,N
C104541,Ritika Kumar,Bhubaneswar,OR,2024-11-15,Y
C104542,Vikram Mathew,Bengaluru,KA,2024-04-01,N
C104543,Krishna Sandhu,Bhopal,MP,2024-05-25,Y
C104544,Vikram Ghosh,Indore,MP,2023-04-20,N
C104545,Vihaan Mittal,Patna,BR,2022-12-03,N
C104546,Daniel Bhatia,Vadodara,GJ,2024-03-16,N
C104547,Lobsang Yadav,Nagpur,MH,2024-03-22,N
C104548,Vivaan Jadhav,Raipur,CG,2024-04-07,N
C104549,Aadhya D'Souza,Raipur,CG,2024-01-23,N
C104550,Neha Sheikh,Surat,GJ,2022-12-07,Y
C104551,Shreya Tiwari,Pune,MH,2023-03-12,N
C104552,Komal Verma,Bhopal,MP,2024-06-28,Y
C104553,Sneha Bhatt,Bengaluru,KA,2023-10-14,N
C104554,Daniel Chatterjee,Gurugram,HR,2024-07-10,N
C104555,Rohan Saxena,Coimbatore,TN,2024-01-10,Y
C104556,Rohit Verma,Chandigarh,CH,2023-04-30,N
C104557,Deepak Chopra,Bengaluru,KA,2023-01-31,Y
C104558,Aditya Mishra,Raipur,CG,2023-07-06,Y
C104559,Divya Fernandes,Nagpur,MH,2023-03-19,N
C104560,Kabir Dhillon,Nagpur,MH,2024-10-15,N
C104561,Om Verma,Gurugram,HR,2022-12-19,N
C104562,Megha Jain,Bhubaneswar,OR,2023-11-27,Y
C104563,Vivaan Deshpande,Ranchi,JH,2022-09-09,Y
C104564,Steven Malhotra,Ranchi,JH,2022-10-31,N
C104565,Komal Joshi,Chandigarh,CH,2022-11-11,N
C104566,Ramesh Menon,Visakhapatnam,AP,2022-11-16,N
C104567,Ritika Verma,Kochi,KL,2024-07-07,N
C104568,Aadhya Arora,Delhi,DL,2022-10-13,Y
C104569,Priya Arora,Nagpur,MH,2023-08-25,N
C104570,Om Kumar,Chennai,TN,2024-03-27,Y
C104571,Thomas Reddy,Vadodara,GJ,2023-10-25,N
C104572,Karan Bansal,Bengaluru,KA,2022-07-30,N
C104573,Arjun Mehta,Kolkata,WB,2023-05-22,N
C104574,Thomas Nair,Ranchi,JH,2024-01-06,N
C104575,Manpreet Khanna,Pune,MH,2023-12-31,Y
C104576,Ishaan Qureshi,Mumbai,MH,2024-04-22,N
C104577,Steven Banerjee,Mysuru,KA,2023-11-05,N
C104578,Kabir Jain,Bengaluru,KA,2022-11-23,N
C104579,Geeta Chopra,Chandigarh,CH,2023-06-07,N
C104580,Gurpreet Verma,Bhopal,MP,2024-02-18,N
C104581,Faisal Naidu,Thiruvananthapuram,KL,2023-11-09,N
C104582,Rohan Tiwari,Kochi,KL,2024-03-20,N
C104583,Reyansh Agarwal,Gurugram,HR,2024-01-26,Y
C104584,Joseph Pillai,Coimbatore,TN,2024-11-18,N
C104585,Joseph Pandey,Kochi,KL,2022-12-23,N
C104586,Manpreet Naidu,Chandigarh,CH,2024-12-15,N
C104587,Shreya Naidu,Mumbai,MH,2022-07-19,N
C104588,Ritika Dhillon,Chennai,TN,2024-06-27,N
C104589,Zaid Menon,Gurugram,HR,2022-09-26,N
C104590,Sai Verma,Raipur,CG,2024-06-05,Y
C104591,Kabir Chopra,Dehradun,UK,2023-12-02,N
C104592,Komal Chauhan,Hyderabad,TS,2023-02-22,N
C104593,Payal Chauhan,Dehradun,UK,2023-10-30,N
C104594,Anjali Trivedi,Chandigarh,CH,2023-06-23,Y
C104595,Yash Yadav,Delhi,DL,2023-01-10,Y
C104596,Harpreet Pandey,Noida,UP,2024-02-09,N
C104597,Pranav Nair,Visakhapatnam,AP,2023-06-10,N
C104598,Ankit Sen,Ahmedabad,GJ,2022-12-08,N
C104599,Om Mehta,Visakhapatnam,AP,2023-10-30,N
C104600,Faisal Mishra,Patna,BR,2022-09-03,Y
C104601,Abhishek Siddiqui,Jaipur,RJ,2024-06-15,N
C104602,Aditya Siddiqui,Bengaluru,KA,2023-04-01,Y
C104603,Ayaan Mehta,Ahmedabad,GJ,2023-08-05,Y
C104604,Geeta Mathew,Raipur,CG,2023-11-27,Y
C104605,Riya Dhillon,Kolkata,WB,2024-01-01,Y
C104606,Aarav Bhatt,Raipur,CG,2023-08-21,N
C104607,Komal Ansari,Kochi,KL,2023-06-24,N
C104608,Diya Sen,Indore,MP,2022-07-18,N
C104609,Deepak Pillai,Delhi,DL,2022-11-16,N
C104610,Harpreet Arora,Kochi,KL,2024-08-15,Y
C104611,Rahul Shah,Chennai,TN,2023-11-24,N
C104612,Tenzin Mukherjee,Nagpur,MH,2022-11-07,N
C104613,Shreya Gaikwad,Nashik,MH,2023-05-15,N
C104614,Dev Chauhan,Noida,UP,2024-06-19,Y
C104615,Sukhwinder Das,Nashik,MH,2023-08-23,Y
C104616,Zaid Mishra,Indore,MP,2022-12-10,N
C104617,Shreya Nair,Ranchi,JH,2023-07-08,N
C104618,Aditya Naidu,Coimbatore,TN,2024-11-03,N
C104619,Mohammed Mehta,Patna,BR,2024-01-02,N
C104620,Ankit Mathew,Delhi,DL,2024-10-10,N
C104621,Shreya Mishra,Thiruvananthapuram,KL,2023-06-16,N
C104622,Megha Joshi,Kolkata,WB,2023-09-18,Y
C104623,Manpreet Dutta,Bengaluru,KA,2023-02-25,N
C104624,Tenzin Sheikh,Surat,GJ,2023-07-30,N
C104625,Gurpreet Mathew,Bhopal,MP,2023-09-17,Y
C104626,Kunal Gill,Nagpur,MH,2024-05-09,N
C104627,Meera Desai,Coimbatore,TN,2024-06-24,N
C104628,Ananya Saxena,Mysuru,KA,2024-08-17,Y
C104629,Yash Verma,Bhubaneswar,OR,2022-10-03,N
C104630,Kabir Naidu,Pune,MH,2024-12-01,N
C104631,Tarun Sheikh,Ahmedabad,GJ,2024-02-21,Y
C104632,Sai Bose,Chandigarh,CH,2022-09-01,N
C104633,Harsh Siddiqui,Lucknow,UP,2022-11-28,N
C104634,Krishna Kapoor,Hyderabad,TS,2024-05-03,N
C104635,Sai Pereira,Pune,MH,2022-08-14,N
C104636,Zaid Banerjee,Kochi,KL,2024-12-11,N
C104637,Ananya Tiwari,Delhi,DL,2023-11-30,N
C104638,Pooja Sen,Hyderabad,TS,2022-10-02,Y
C104639,Amit Bhatt,Hyderabad,TS,2024-09-17,N
C104640,Jaspreet Chatterjee,Hyderabad,TS,2024-07-11,Y
C104641,Rohit Verma,Nagpur,MH,2023-01-15,Y
C104642,Kabir Agarwal,Delhi,DL,2023-06-13,Y
C104643,Aishwarya Kulkarni,Chandigarh,CH,2024-01-18,N
C104644,Lobsang Khanna,Ranchi,JH,2022-10-28,N
C104645,Amit Chauhan,Patna,BR,2024-06-12,N
C104646,Isha Sandhu,Indore,MP,2023-06-19,N
C104647,Harpreet Reddy,Guwahati,AS,2022-08-30,N
C104648,Aditya Desai,Dehradun,UK,2023-02-22,Y
C104649,Kavya Iyer,Mysuru,KA,2023-05-09,N
C104650,Manpreet Saxena,Mysuru,KA,2024-02-16,Y
C104651,Ishaan Siddiqui,Bengaluru,KA,2024-08-21,N
C104652,Steven Gupta,Dehradun,UK,2022-07-18,N
C104653,Siddharth Sethi,Nagpur,MH,2024-10-03,Y
C104654,Farah Deshpande,Lucknow,UP,2023-11-12,N
C104655,Sneha Kumar,Bengaluru,KA,2024-04-27,Y
C104656,Reyansh Patil,Hyderabad,TS,2024-09-12,N
C104657,Gurpreet Gill,Ranchi,JH,2024-07-08,N
C104658,Amit Yadav,Ranchi,JH,2022-09-14,N
C104659,Pranav Yadav,Guwahati,AS,2024-05-14,N
C104660,Diya Nair,Jaipur,RJ,2023-02-04,Y
C104661,Sneha Khan,Jaipur,RJ,2024-09-25,Y
C104662,Varun Bhatt,Patna,BR,2024-03-19,N
C104663,Sameer Deshpande,Patna,BR,2024-04-27,N
C104664,Harsh Mittal,Raipur,CG,2022-07-20,N
C104665,Varun Iyer,Guwahati,AS,2024-08-06,Y
C104666,Imran Kapoor,Guwahati,AS,2024-06-26,N
C104667,Yash Pereira,Mysuru,KA,2023-03-12,N
C104668,Simran Dhillon,Lucknow,UP,2023-03-05,Y
C104669,Nikhil Yadav,Coimbatore,TN,2024-07-31,N
C104670,Isha Sharma,Bhubaneswar,OR,2024-07-03,N
C104671,Ramesh Siddiqui,Chennai,TN,2023-12-09,N
C104672,Daniel Singh,Hyderabad,TS,2023-02-20,N
C104673,Tarun Patel,Ranchi,JH,2022-11-02,N
C104674,Mohammed Kulkarni,Raipur,CG,2022-08-13,Y
C104675,Rajat Roy,Surat,GJ,2024-02-14,N
C104676,Geeta Mittal,Guwahati,AS,2024-06-18,N
C104677,Megha George,Dehradun,UK,2024-07-20,Y
C104678,Ritika Reddy,Mumbai,MH,2022-10-20,Y
C104679,Rohit Ghosh,Mumbai,MH,2024-04-24,N
C104680,Karan Jain,Jaipur,RJ,2023-12-25,Y
C104681,Tenzin Dutta,Surat,GJ,2024-11-27,N
C104682,Suresh Chauhan,Hyderabad,TS,2024-09-16,Y
C104683,Ankit Bhatt,Ranchi,JH,2023-08-07,Y
C104684,Aarav Pawar,Hyderabad,TS,2023-03-22,N
C104685,Arjun Reddy,Indore,MP,2025-01-01,N
C104686,Isha Desai,Ahmedabad,GJ,2024-09-08,N
C104687,Imran Menon,Gurugram,HR,2023-01-19,N
C104688,Siddharth Gill,Bhubaneswar,OR,2024-05-13,N
C104689,Tanvi Sandhu,Dehradun,UK,2023-01-27,N
C104690,Joseph Sen,Nagpur,MH,2024-01-01,Y
C104691,Joseph Dutta,Bhubaneswar,OR,2023-12-20,N
C104692,Manpreet Khan,Hyderabad,TS,2024-11-26,N
C104693,Dev Rathore,Nashik,MH,2024-03-24,N
C104694,Payal Banerjee,Dehradun,UK,2023-01-10,N
C104695,Karan Mehta,Mumbai,MH,2023-11-19,Y
C104696,Ananya Chatterjee,Kolkata,WB,2023-08-25,N
C104697,Siddharth Shinde,Lucknow,UP,2023-02-07,N
C104698,Ishaan Siddiqui,Kolkata,WB,2023-04-08,Y
C104699,Riya Bose,Hyderabad,TS,2023-03-30,N
C104700,Shreya Roy,Bhopal,MP,2024-05-24,Y
C104701,Vikram Kaur,Chennai,TN,2023-09-29,N
C104702,Arjun Saxena,Lucknow,UP,2024-07-28,Y
C104703,Swati Gaikwad,Ahmedabad,GJ,2023-06-23,Y
C104704,Ankit Patil,Raipur,CG,2024-06-08,N
C104705,Lobsang Khan,Pune,MH,2024-03-27,Y
C104706,Harpreet Kumar,Vadodara,GJ,2024-07-28,Y
C104707,Faisal Joshi,Nashik,MH,2024-12-13,N
C104708,Payal Mittal,Lucknow,UP,2024-11-21,N
C104709,Karan Ansari,Bhopal,MP,2024-01-25,Y
C104710,Diya Bhatia,Mumbai,MH,2024-10-21,N
C104711,Ritika Dhillon,Raipur,CG,2023-07-14,Y
C104712,Anjali Kumar,Bengaluru,KA,2024-04-12,N
C104713,Farah Mittal,Indore,MP,2024-12-11,N
C104714,Kunal Sharma,Kolkata,WB,2024-10-03,N
C104715,Jaspreet D'Souza,Ahmedabad,GJ,2022-12-18,Y
C104716,Nisha Jadhav,Ahmedabad,GJ,2022-10-12,N
C104717,Vihaan Gupta,Guwahati,AS,2023-02-25,Y
C104718,Gurpreet Pillai,Raipur,CG,2023-03-26,Y
C104719,Harpreet Deshpande,Ahmedabad,GJ,2023-10-11,N
C104720,Vivaan Varghese,Bhubaneswar,OR,2024-08-21,Y
C104721,Divya Srivastava,Mysuru,KA,2023-06-08,N
C104722,Zaid Shinde,Coimbatore,TN,2023-04-20,N
C104723,Payal Khanna,Kolkata,WB,2023-09-05,Y
C104724,Rajat Bhatia,Patna,BR,2022-10-15,Y
C104725,Ayaan Banerjee,Nagpur,MH,2023-11-07,Y
C104726,Tanvi Kumar,Thiruvananthapuram,KL,2023-03-28,Y
C104727,Aishwarya Mishra,Coimbatore,TN,2022-08-08,Y
C104728,Bhavna Gupta,Bhopal,MP,2023-03-20,Y
C104729,Aishwarya Ansari,Chandigarh,CH,2024-03-17,N
C104730,Kabir Mittal,Coimbatore,TN,2023-11-17,N
C104731,Ishaan Patel,Patna,BR,2023-08-26,N
C104732,Pooja Singh,Patna,BR,2024-10-13,Y
C104733,Neha Mathew,Chandigarh,CH,2023-11-18,N
C104734,Saanvi Arora,Indore,MP,2024-10-28,Y
C104735,Ritika Bhatt,Surat,GJ,2022-12-17,N
C104736,Siddharth Kapoor,Vadodara,GJ,2023-12-31,N
C104737,Krishna Sheikh,Noida,UP,2023-12-04,Y
C104738,Ishaan Siddiqui,Lucknow,UP,2024-12-18,N
C104739,Ramesh Mathew,Delhi,DL,2023-09-25,N
C104740,Tenzin Sharma,Chandigarh,CH,2023-09-16,N
C104741,Suresh Ansari,Dehradun,UK,2022-10-28,N
C104742,Aadhya Varghese,Nashik,MH,2023-11-08,N
C104743,Imran Patel,Kochi,KL,2022-07-27,N
C104744,Suresh Jain,Bengaluru,KA,2024-12-19,N
C104745,Aadhya Khanna,Noida,UP,2023-04-26,N
C104746,Pranav Nair,Ahmedabad,GJ,2023-11-26,Y
C104747,Harsh Nair,Ahmedabad,GJ,2022-11-17,N
C104748,Megha Saxena,Dehradun,UK,2023-06-22,N
C104749,Nikhil Sen,Vadodara,GJ,2023-03-10,N
C104750,Sunita Jadhav,Delhi,DL,2024-10-19,N
C104751,Suresh Chatterjee,Raipur,CG,2023-01-20,N
C104752,Imran Sethi,Mumbai,MH,2023-12-27,N
C104753,Aishwarya Reddy,Kochi,KL,2024-01-31,N
C104754,Krishna Deshpande,Noida,UP,2023-10-14,Y
C104755,Daniel Chauhan,Patna,BR,2024-08-04,N
C104756,Manish Arora,Indore,MP,2024-06-21,N
C104757,Manpreet Bhatt,Chandigarh,CH,2024-11-05,N
C104758,Dev Bhatt,Kolkata,WB,2024-07-11,N
C104759,Bhavna Naidu,Hyderabad,TS,2023-03-20,Y
C104760,Tarun Mishra,Mumbai,MH,2023-03-29,N
C104761,Sai Mathew,Dehradun,UK,2023-03-07,N
C104762,Ritika Sheikh,Kolkata,WB,2022-10-22,Y
C104763,Ayaan Bhatia,Bhopal,MP,2024-01-23,Y
C104764,Rohit Gaikwad,Pune,MH,2023-12-11,N
C104765,Meera Sen,Mumbai,MH,2023-11-23,N
C104766,Daniel Malhotra,Chennai,TN,2022-10-31,Y
C104767,Aditya Patel,Ahmedabad,GJ,2024-04-01,N
C104768,Simran Pillai,Kochi,KL,2022-09-08,N
C104769,Vihaan Trivedi,Ranchi,JH,2024-08-17,N
C104770,Sneha Kumar,Patna,BR,2023-12-21,N
C104771,Vivaan Khanna,Pune,MH,2023-11-28,Y
C104772,Swati Desai,Nashik,MH,2024-02-16,N
C104773,Ankit Mehta,Nashik,MH,2022-11-23,N
C104774,Bhavna Malhotra,Vadodara,GJ,2024-11-24,N
C104775,Aarav Khan,Ranchi,JH,2022-08-12,N
C104776,Manpreet Bansal,Patna,BR,2024-05-21,N
C104777,Saanvi Mishra,Dehradun,UK,2024-03-07,Y
C104778,Diya Khan,Noida,UP,2024-12-19,N
C104779,Joseph Mathew,Pune,MH,2024-04-18,N
C104780,Lakshmi Srivastava,Jaipur,RJ,2024-09-28,Y
C104781,Ayaan Patil,Chandigarh,CH,2024-11-03,N
C104782,Siddharth Kulkarni,Mysuru,KA,2023-09-24,N
C104783,Ankit Kaur,Indore,MP,2023-11-04,Y
C104784,Faisal Verma,Noida,UP,2024-12-10,Y
C104785,Yash Kapoor,Bhopal,MP,2024-08-03,Y
C104786,Joseph Sen,Thiruvananthapuram,KL,2024-06-20,Y
C104787,Nikhil Chopra,Mumbai,MH,2023-03-29,Y
C104788,Priya Bose,Lucknow,UP,2022-10-20,Y
C104789,Zaid Trivedi,Mysuru,KA,2023-06-27,Y
C104790,Varun Joshi,Guwahati,AS,2023-03-22,N
C104791,Aarav Tiwari,Surat,GJ,2023-06-18,N
C104792,Diya Kapoor,Coimbatore,TN,2023-01-16,N
C104793,Arjun Sharma,Ahmedabad,GJ,2024-10-24,N
C104794,Manish Kaur,Nashik,MH,2023-07-10,Y
C104795,Vihaan Rathore,Patna,BR,2024-12-16,Y
C104796,Steven Pereira,Indore,MP,2023-12-07,N
C104797,Thomas Deshpande,Hyderabad,TS,2023-10-05,N
C104798,Anjali Jadhav,Chandigarh,CH,2024-05-07,Y
C104799,Karan Joshi,Surat,GJ,2024-10-12,Y
C104800,Varun Bhatt,Ahmedabad,GJ,2024-05-16,Y
C104801,Lakshmi Naidu,Kolkata,WB,2023-07-31,Y
C104802,Neha Khanna,Coimbatore,TN,2023-10-09,N
C104803,Sai Joshi,Bengaluru,KA,2024-10-18,Y
C104804,Aditya Kumar,Chennai,TN,2023-10-19,N
C104805,Isha Naidu,Vadodara,GJ,2022-10-18,N
C104806,Priya Sandhu,Visakhapatnam,AP,2024-05-09,N
C104807,Bhavna Patel,Jaipur,RJ,2023-12-24,Y
C104808,Steven Fernandes,Indore,MP,2023-08-28,Y
C104809,Amit Dutta,Nagpur,MH,2023-03-14,Y
C104810,Ayaan Sethi,Noida,UP,2023-07-20,N
C104811,Vikram Khan,Dehradun,UK,2023-09-14,N
C104812,Saanvi Roy,Patna,BR,2023-01-22,N
C104813,Sunita Tiwari,Guwahati,AS,2022-08-09,N
C104814,Rohit Dutta,Raipur,CG,2024-10-17,Y
C104815,Manish Ghosh,Jaipur,RJ,2024-10-23,N
C104816,Bhavna Das,Jaipur,RJ,2022-12-18,N
C104817,Ankit Gupta,Lucknow,UP,2022-08-06,N
C104818,Varun Chopra,Hyderabad,TS,2023-07-31,N
C104819,Ishaan Chauhan,Surat,GJ,2024-06-04,Y
C104820,Sukhwinder Chatterjee,Mysuru,KA,2023-01-14,N
C104821,Farah Naidu,Noida,UP,2022-10-04,N
C104822,Tarun Fernandes,Mysuru,KA,2023-12-22,N
C104823,Zoya Trivedi,Bhubaneswar,OR,2024-11-13,Y
C104824,Aishwarya Pawar,Chandigarh,CH,2022-09-12,Y
C104825,Faisal Yadav,Lucknow,UP,2024-12-09,N
C104826,Bhavna Kapoor,Patna,BR,2022-12-04,N
C104827,Om Jain,Nagpur,MH,2023-01-24,N
C104828,Rohan Chopra,Chennai,TN,2024-10-17,Y
C104829,Priya Khanna,Ahmedabad,GJ,2023-06-14,N
C104830,Vihaan Gaikwad,Mumbai,MH,2024-10-12,N
C104831,Geeta Trivedi,Pune,MH,2024-02-04,Y
C104832,Kabir Kumar,Noida,UP,2025-01-01,N
C104833,Aadhya Roy,Mysuru,KA,2023-07-21,N
C104834,Zaid Mittal,Patna,BR,2024-02-16,N
C104835,Krishna Menon,Coimbatore,TN,2022-12-25,N
C104836,Nisha Qureshi,Chennai,TN,2023-10-07,N
C104837,Kabir Sheikh,Kolkata,WB,2024-11-16,Y
C104838,Steven Verma,Patna,BR,2023-09-23,N
C104839,Isha Saxena,Ranchi,JH,2023-06-07,Y
C104840,Jaspreet Jain,Raipur,CG,2022-11-04,N
C104841,Tarun Ghosh,Mumbai,MH,2023-09-03,N
C104842,Neha Rathore,Chandigarh,CH,2022-08-31,N
C104843,Ananya Jain,Jaipur,RJ,2023-06-05,Y
C104844,Joseph Sharma,Dehradun,UK,2024-09-03,Y
C104845,Manish Sheikh,Patna,BR,2024-05-06,N
C104846,Daniel Bhatia,Kochi,KL,2024-05-17,N
C104847,Kabir Saxena,Jaipur,RJ,2023-05-17,N
C104848,Tanvi Ghosh,Patna,BR,2023-12-31,N
C104849,Anjali Reddy,Pune,MH,2022-09-19,N
C104850,Vivaan Jain,Coimbatore,TN,2022-09-18,N
C104851,Ayaan Iyer,Bhopal,MP,2023-11-16,Y
C104852,Steven D'Souza,Vadodara,GJ,2023-08-02,N
C104853,Aditya Dhillon,Coimbatore,TN,2022-08-17,N
C104854,Rohan Sethi,Ahmedabad,GJ,2023-10-13,N
C104855,Tanvi Pawar,Bengaluru,KA,2023-11-10,N
C104856,Om Goyal,Surat,GJ,2022-12-03,N
C104857,Nikhil Jain,Mumbai,MH,2023-01-05,N
C104858,Dev Bansal,Mysuru,KA,2023-09-20,N
C104859,Steven Gupta,Guwahati,AS,2023-12-14,Y
C104860,Mohammed Agarwal,Lucknow,UP,2022-10-03,Y
C104861,Tanvi Ghosh,Vadodara,GJ,2024-11-25,Y
C104862,Steven Roy,Kolkata,WB,2022-09-02,Y
C104863,Pranav Pawar,Ranchi,JH,2022-11-17,N
C104864,Sunita Bansal,Nagpur,MH,2024-11-02,N
C104865,Priya Trivedi,Noida,UP,2024-06-02,N
C104866,Anjali Chopra,Bengaluru,KA,2022-12-21,N
C104867,Ritika Shinde,Raipur,CG,2023-06-10,Y
C104868,Shreya Gupta,Chennai,TN,2023-05-04,N
C104869,Steven Mathew,Chandigarh,CH,2024-12-21,N
C104870,Vikram Joshi,Bhopal,MP,2023-03-19,Y
C104871,Komal Fernandes,Indore,MP,2024-07-23,Y
C104872,Anjali Goyal,Gurugram,HR,2023-03-04,N
C104873,Anjali Bansal,Kolkata,WB,2022-10-25,N
C104874,Ankit Kulkarni,Nagpur,MH,2024-11-21,Y
C104875,Joseph D'Souza,Noida,UP,2023-11-10,N
C104876,Kunal Ghosh,Pune,MH,2022-10-16,N
C104877,Amit Gaikwad,Chandigarh,CH,2022-10-14,N
C104878,Varun Das,Hyderabad,TS,2022-08-04,N
C104879,Daniel Pawar,Ranchi,JH,2023-04-12,N
C104880,Meera Khanna,Coimbatore,TN,2023-07-07,N
C104881,Aishwarya Gaikwad,Lucknow,UP,2024-07-15,N
C104882,Kavya Jadhav,Raipur,CG,2024-06-15,N
C104883,Joseph Malhotra,Lucknow,UP,2024-07-27,Y
C104884,Varun Kapoor,Mysuru,KA,2023-08-17,Y
C104885,Divya Dhillon,Nagpur,MH,2023-12-22,N
C104886,Geeta Dhillon,Indore,MP,2024-12-29,N
C104887,Pranav Menon,Thiruvananthapuram,KL,2024-11-21,N
C104888,Geeta Kumar,Vadodara,GJ,2022-12-27,Y
C104889,Kavya Jain,Nashik,MH,2022-11-09,Y
C104890,Om Gill,Bhopal,MP,2022-12-23,Y
C104891,Lobsang Deshpande,Pune,MH,2024-07-19,N
C104892,Rohan Mehta,Indore,MP,2023-10-18,N
C104893,Rajat Joshi,Ranchi,JH,2024-09-04,Y
C104894,Farah Banerjee,Visakhapatnam,AP,2024-11-25,Y
C104895,Ramesh Pillai,Pune,MH,2024-05-06,N
C104896,Kavya Bhatt,Kochi,KL,2023-12-03,N
C104897,Steven Srivastava,Noida,UP,2022-08-20,Y
C104898,Saanvi Rao,Visakhapatnam,AP,2023-08-30,Y
C104899,Divya Roy,Hyderabad,TS,2023-02-03,N
C104900,Saanvi Goyal,Bhopal,MP,2023-11-14,N
C104901,Gurpreet Pandey,Bhubaneswar,OR,2023-07-02,Y
C104902,Sai Varghese,Kochi,KL,2023-11-22,N
C104903,Yash Ghosh,Vadodara,GJ,2022-08-23,N
C104904,Tarun Kumar,Dehradun,UK,2022-10-13,N
C104905,Harpreet Bose,Vadodara,GJ,2023-06-02,N
C104906,Gurpreet Naidu,Vadodara,GJ,2023-01-04,Y
C104907,Kabir Kulkarni,Kochi,KL,2023-01-09,Y
C104908,Neha Arora,Kolkata,WB,2022-11-12,N
C104909,Amit Patel,Coimbatore,TN,2024-07-04,N
C104910,Rohit Kulkarni,Guwahati,AS,2024-01-18,Y
C104911,Arjun Shah,Bhubaneswar,OR,2023-05-07,N
C104912,Aadhya Singh,Lucknow,UP,2024-07-07,N
C104913,Imran Roy,Jaipur,RJ,2024-07-24,N
C104914,Ankit D'Souza,Nashik,MH,2024-02-03,N
C104915,Komal George,Chandigarh,CH,2023-04-14,Y
C104916,Gurpreet Chatterjee,Delhi,DL,2023-11-25,N
C104917,Vivaan Agarwal,Kochi,KL,2024-12-29,N
C104918,Farah Bhatia,Mysuru,KA,2023-01-25,N
C104919,Zaid Pawar,Kolkata,WB,2023-07-19,Y
C104920,Kavya Shinde,Ranchi,JH,2023-02-19,Y
C104921,Deepak Das,Guwahati,AS,2022-12-18,N
C104922,Swati Chauhan,Kochi,KL,2024-04-04,Y
C104923,Sai Qureshi,Thiruvananthapuram,KL,2023-10-21,N
C104924,Gurpreet Verma,Mysuru,KA,2024-10-15,N
C104925,Megha Sen,Mysuru,KA,2024-06-12,N
C104926,Bhavna Pereira,Chennai,TN,2023-06-19,N
C104927,Rohit Bose,Patna,BR,2024-09-05,N
C104928,Harpreet Arora,Hyderabad,TS,2024-06-25,N
C104929,Anjali Ghosh,Bengaluru,KA,2024-08-08,Y
C104930,Joseph Tiwari,Lucknow,UP,2022-10-22,N
C104931,Divya Tiwari,Kolkata,WB,2022-08-26,N
C104932,Reyansh Rathore,Bengaluru,KA,2023-10-10,N
C104933,Neha Srivastava,Raipur,CG,2024-06-25,N
C104934,Steven Bhatia,Raipur,CG,2024-12-03,N
C104935,Vihaan Srivastava,Noida,UP,2023-04-18,N
C104936,Vivaan Mittal,Chennai,TN,2023-01-07,N
C104937,Shreya Rao,Kochi,KL,2024-03-16,Y
C104938,Saanvi Jain,Nashik,MH,2024-08-06,Y
C104939,Vikram George,Raipur,CG,2024-02-19,Y
C104940,Ritika Chopra,Hyderabad,TS,2024-07-19,Y
C104941,Deepak Kaur,Pune,MH,2024-09-05,N
C104942,Tenzin Rao,Visakhapatnam,AP,2024-08-13,N
C104943,Ramesh Arora,Chennai,TN,2024-08-29,N
C104944,Meera Jadhav,Ranchi,JH,2022-12-15,N
C104945,Karan Siddiqui,Nagpur,MH,2024-10-21,N
C104946,Joseph Joshi,Coimbatore,TN,2024-10-08,N
C104947,Karan Reddy,Ahmedabad,GJ,2024-04-26,N
C104948,Riya George,Indore,MP,2023-09-30,Y
C104949,Payal Banerjee,Bhubaneswar,OR,2024-08-20,N
C104950,Vivaan Pandey,Bhubaneswar,OR,2023-01-01,N
C104951,Dev Malhotra,Indore,MP,2024-05-28,N
C104952,Deepak Arora,Delhi,DL,2023-09-10,N
C104953,Megha Ansari,Patna,BR,2023-10-03,N
C104954,Thomas Khanna,Nagpur,MH,2024-07-15,N
C104955,Steven Das,Mysuru,KA,2024-04-05,N
C104956,Steven Shinde,Bengaluru,KA,2023-05-17,Y
C104957,Sai Khan,Surat,GJ,2024-07-05,N
C104958,Anjali Gaikwad,Patna,BR,2024-12-16,N
C104959,Deepak Srivastava,Indore,MP,2023-08-14,N
C104960,Vikram Sharma,Lucknow,UP,2023-01-14,N
C104961,Manish Jadhav,Raipur,CG,2024-09-10,N
C104962,Sameer Rathore,Bengaluru,KA,2023-07-15,N
C104963,Thomas Agarwal,Nagpur,MH,2023-12-28,Y
C104964,Mohammed Deshpande,Chennai,TN,2023-11-25,Y
C104965,Harpreet Sen,Kochi,KL,2024-01-05,N
C104966,Vihaan Gaikwad,Noida,UP,2024-08-15,N
C104967,Vikram Joshi,Bengaluru,KA,2023-06-04,Y
C104968,Megha Kaur,Patna,BR,2023-01-05,N
C104969,Ritika Naidu,Surat,GJ,2024-04-09,Y
C104970,Karan Varghese,Delhi,DL,2024-06-18,N
C104971,Ananya Gaikwad,Mumbai,MH,2023-06-23,N
C104972,Neha Srivastava,Lucknow,UP,2022-09-10,N
C104973,Sukhwinder Deshpande,Nashik,MH,2023-09-23,Y
C104974,Karan Khan,Delhi,DL,2023-11-29,N
C104975,Harsh Verma,Surat,GJ,2024-12-29,N
C104976,Sai Bhatt,Ranchi,JH,2024-09-08,N
C104977,Kunal Pawar,Kolkata,WB,2024-01-23,N
C104978,Shreya Mishra,Surat,GJ,2023-02-05,N
C104979,Nikhil Saxena,Chennai,TN,2022-10-22,Y
C104980,Aarav Reddy,Chennai,TN,2024-07-24,N
C104981,Priya Das,Lucknow,UP,2023-06-04,N
C104982,Riya Siddiqui,Kolkata,WB,2023-02-27,Y
C104983,Kavya Shah,Mumbai,MH,2024-05-02,Y
C104984,Saanvi Arora,Hyderabad,TS,2024-11-24,Y
C104985,Mohammed Sheikh,Bengaluru,KA,2024-04-23,N
C104986,Rajat Mittal,Nashik,MH,2022-09-16,N
C104987,Ananya Sheikh,Raipur,CG,2023-05-11,Y
C104988,Arjun Menon,Nashik,MH,2023-06-28,N
C104989,Ritika Kaur,Surat,GJ,2024-10-04,N
C104990,Simran Trivedi,Jaipur,RJ,2024-04-25,N
C104991,Aishwarya Rathore,Mysuru,KA,2022-11-22,N
C104992,Aadhya Ghosh,Mysuru,KA,2023-05-20,N
C104993,Saanvi Patil,Ahmedabad,GJ,2024-09-12,N
C104994,Imran Pereira,Ahmedabad,GJ,2024-05-06,N
C104995,Nisha Kaur,Kochi,KL,2023-07-15,N
C104996,Faisal Mehta,Lucknow,UP,2022-08-17,Y
C104997,Kavya Patil,Gurugram,HR,2023-09-26,N
C104998,Ankit Srivastava,Pune,MH,2024-11-15,N
C104999,Sunita Patil,Kolkata,WB,2023-09-14,N
C105000,Rajat Sen,Surat,GJ,2023-05-22,N
C105001,Kunal Roy,Nashik,MH,2022-09-11,Y
C105002,Krishna Mittal,Delhi,DL,2024-12-23,N
C105003,Mohammed Mittal,Thiruvananthapuram,KL,2022-08-23,N
C105004,Dev Ansari,Indore,MP,2024-02-15,Y
C105005,Bhavna Gaikwad,Patna,BR,2022-09-13,Y
C105006,Imran Agarwal,Mumbai,MH,2023-12-30,N
C105007,Rohan Varghese,Jaipur,RJ,2024-12-16,N
C105008,Sai Bhatia,Mumbai,MH,2023-12-20,Y
C105009,Zaid Dhillon,Raipur,CG,2022-12-17,Y
C105010,Arjun Qureshi,Mumbai,MH,2023-05-22,N
C105011,Priya Trivedi,Chandigarh,CH,2022-10-31,N
C105012,Ramesh Bansal,Guwahati,AS,2024-10-09,Y
C105013,Yash Menon,Lucknow,UP,2023-02-13,N
C105014,Varun Naidu,Bhopal,MP,2023-03-24,Y
C105015,Dev Das,Nagpur,MH,2024-08-22,N
C105016,Harpreet Gupta,Mumbai,MH,2022-08-19,Y
C105017,Komal Fernandes,Bhopal,MP,2024-07-06,N
C105018,Aarav Rao,Raipur,CG,2023-03-03,N
C105019,Vihaan Joshi,Pune,MH,2022-08-04,N
C105020,Rohit Ansari,Indore,MP,2022-10-11,N
C105021,Rajat Sharma,Patna,BR,2024-09-01,Y
C105022,Harpreet Desai,Ahmedabad,GJ,2024-07-07,Y
C105023,Lakshmi Desai,Lucknow,UP,2023-10-13,N
C105024,Ankit Gupta,Thiruvananthapuram,KL,2024-08-10,N
C105025,Divya Ansari,Thiruvananthapuram,KL,2024-06-09,N
C105026,Nikhil George,Mumbai,MH,2024-03-24,Y
C105027,Abhishek Das,Chandigarh,CH,2024-04-19,Y
C105028,Vihaan Goyal,Dehradun,UK,2024-04-05,N
C105029,Manish Arora,Bhopal,MP,2022-11-15,N
C105030,Reyansh Verma,Patna,BR,2023-10-04,N
C105031,Zaid Das,Ranchi,JH,2024-10-25,Y
C105032,Rohit Jadhav,Raipur,CG,2022-12-09,N
C105033,Rohan Goyal,Bhopal,MP,2023-08-29,N
C105034,Thomas Dhillon,Hyderabad,TS,2024-04-01,Y
C105035,Suresh Reddy,Coimbatore,TN,2024-04-19,Y
C105036,Sunita Shah,Ahmedabad,GJ,2022-12-17,Y
C105037,Manish Khan,Chandigarh,CH,2024-02-29,N
C105038,Sneha Gaikwad,Surat,GJ,2023-07-22,N
C105039,Kavya Shinde,Pune,MH,2022-08-22,N
C105040,Mohammed Qureshi,Ahmedabad,GJ,2022-10-05,N
C105041,Neha Patel,Mumbai,MH,2023-04-14,N
C105042,Joseph Mishra,Bhubaneswar,OR,2022-12-10,Y
C105043,Sai Deshpande,Guwahati,AS,2023-06-19,N
C105044,Aarav Jain,Nagpur,MH,2023-07-18,N
C105045,Simran Patel,Bengaluru,KA,2024-02-08,N
C105046,Krishna Bhatia,Mumbai,MH,2024-08-01,N
C105047,Krishna Roy,Kolkata,WB,2023-10-14,N
C105048,Riya Gaikwad,Raipur,CG,2023-10-01,N
C105049,Om Varghese,Indore,MP,2022-11-14,N
C105050,Saanvi Kulkarni,Ahmedabad,GJ,2023-05-05,Y
C105051,Diya Dutta,Delhi,DL,2022-09-09,Y
C105052,Abhishek Jadhav,Chennai,TN,2024-05-05,N
C105053,Isha Mukherjee,Kolkata,WB,2023-01-29,N
C105054,Joseph Das,Ahmedabad,GJ,2024-09-19,N
C105055,Arjun Deshpande,Ranchi,JH,2023-12-15,Y
C105056,Ishaan Malhotra,Kolkata,WB,2022-10-24,Y
C105057,Karan Fernandes,Bhubaneswar,OR,2024-09-15,N
C105058,Rahul Patel,Vadodara,GJ,2022-12-13,N
C105059,Komal Agarwal,Lucknow,UP,2024-01-23,N
C105060,Pranav Singh,Ranchi,JH,2022-10-29,Y
C105061,Pranav Menon,Kolkata,WB,2023-11-19,Y
C105062,Sai Agarwal,Delhi,DL,2024-12-10,N
C105063,Kavya Mathew,Coimbatore,TN,2023-01-30,N
C105064,Swati Kumar,Nagpur,MH,2023-11-29,Y
C105065,Thomas Jain,Gurugram,HR,2024-04-16,N
C105066,Payal Rathore,Gurugram,HR,2024-09-26,N
C105067,Sunita Dhillon,Delhi,DL,2024-09-16,N
C105068,Pranav Shinde,Pune,MH,2024-01-31,Y
C105069,Bhavna Varghese,Kolkata,WB,2022-09-01,N
C105070,Sneha Mittal,Noida,UP,2023-05-03,N
C105071,Tenzin Sethi,Coimbatore,TN,2024-03-08,Y
C105072,Imran Rao,Delhi,DL,2024-10-01,N
C105073,Manish Pillai,Delhi,DL,2023-03-15,Y
C105074,Zoya Joshi,Bengaluru,KA,2024-06-13,N
C105075,Ramesh Pillai,Nashik,MH,2023-04-14,N
C105076,Bhavna Varghese,Mysuru,KA,2022-12-03,Y
C105077,Divya Sharma,Guwahati,AS,2022-11-08,Y
C105078,Siddharth Sharma,Patna,BR,2022-09-13,Y
C105079,Dev Sharma,Vadodara,GJ,2024-01-12,N
C105080,Ritika Sandhu,Delhi,DL,2024-06-15,N
C105081,Anjali Sethi,Mysuru,KA,2024-06-01,Y
C105082,Geeta Sen,Lucknow,UP,2023-07-15,N
C105083,Krishna Kaur,Jaipur,RJ,2023-12-05,N
C105084,Zoya Pawar,Chennai,TN,2024-03-17,Y
C105085,Lobsang Srivastava,Patna,BR,2022-12-22,N
C105086,Suresh Nair,Indore,MP,2022-10-15,N
C105087,Siddharth Dhillon,Bhopal,MP,2023-07-09,Y
C105088,Divya Sethi,Visakhapatnam,AP,2024-11-24,N
C105089,Sunita Qureshi,Gurugram,HR,2022-11-25,N
C105090,Sneha Nair,Dehradun,UK,2023-08-23,N
C105091,Kavya Shinde,Chandigarh,CH,2024-08-24,Y
C105092,Shreya Bhatt,Guwahati,AS,2022-08-29,N
C105093,Diya Fernandes,Vadodara,GJ,2024-11-18,N
C105094,Tanvi Menon,Bhubaneswar,OR,2023-09-10,N
C105095,Geeta Trivedi,Ranchi,JH,2023-02-09,N
C105096,Ritika Pillai,Visakhapatnam,AP,2024-01-24,N
C105097,Sai Dhillon,Chennai,TN,2024-05-29,N
C105098,Anjali Siddiqui,Surat,GJ,2024-12-12,N
C105099,Amit Dutta,Dehradun,UK,2023-04-15,N
C105100,Daniel Malhotra,Pune,MH,2024-10-26,N
C105101,Kavya Sandhu,Guwahati,AS,2024-03-08,N
C105102,Nisha Mehta,Kochi,KL,2023-08-22,N
C105103,Harsh Patel,Ranchi,JH,2023-12-15,Y
C105104,Vihaan Banerjee,Ranchi,JH,2024-03-29,N
C105105,Megha Kumar,Nagpur,MH,2023-05-29,N
C105106,Nisha Gupta,Ahmedabad,GJ,2024-09-27,N
C105107,Jaspreet Kapoor,Noida,UP,2022-12-31,N
C105108,Vivaan George,Delhi,DL,2023-04-11,N
C105109,Deepak D'Souza,Surat,GJ,2024-04-28,N
C105110,Reyansh Banerjee,Kochi,KL,2023-01-09,Y
C105111,Sunita Saxena,Bhubaneswar,OR,2023-05-15,N
C105112,Bhavna Mukherjee,Bengaluru,KA,2023-10-29,Y
C105113,Daniel Shah,Thiruvananthapuram,KL,2023-01-05,N
C105114,Gurpreet Mukherjee,Kochi,KL,2024-06-13,Y
C105115,Sunita Gill,Kolkata,WB,2023-02-11,N
C105116,Neha Reddy,Chandigarh,CH,2022-12-06,N
C105117,Pranav Malhotra,Dehradun,UK,2024-06-24,N
C105118,Pranav Agarwal,Nagpur,MH,2022-12-26,Y
C105119,Om Fernandes,Dehradun,UK,2023-07-31,N
C105120,Diya Iyer,Bhopal,MP,2024-04-29,N
C105121,Om Mittal,Hyderabad,TS,2024-11-30,Y
C105122,Simran Mathew,Ahmedabad,GJ,2024-02-10,Y
C105123,Deepak Kulkarni,Raipur,CG,2023-06-26,N
C105124,Daniel Fernandes,Mumbai,MH,2024-08-02,N
C105125,Divya Arora,Indore,MP,2024-08-01,Y
C105126,Gurpreet Mathew,Patna,BR,2024-01-18,N
C105127,Shreya Dhillon,Guwahati,AS,2024-02-07,N
C105128,Rohit Sandhu,Bhubaneswar,OR,2023-03-13,Y
C105129,Steven George,Pune,MH,2024-05-04,Y
C105130,Swati Nair,Bengaluru,KA,2023-10-02,Y
C105131,Diya Kumar,Chennai,TN,2024-02-28,N
C105132,Ramesh Pereira,Pune,MH,2022-12-03,Y
C105133,Payal Verma,Indore,MP,2023-04-19,N
C105134,Imran Iyer,Ahmedabad,GJ,2024-10-31,N
C105135,Yash Mittal,Bhopal,MP,2024-03-27,N
C105136,Ramesh Goyal,Coimbatore,TN,2024-03-06,Y
C105137,Megha Jadhav,Dehradun,UK,2022-08-14,N
C105138,Meera Roy,Noida,UP,2022-09-30,N
C105139,Sneha Pandey,Bengaluru,KA,2023-05-26,N
C105140,Swati Kulkarni,Coimbatore,TN,2022-11-23,Y
C105141,Vivaan Rao,Chennai,TN,2024-10-17,Y
C105142,Varun Shah,Dehradun,UK,2023-12-14,Y
C105143,Pooja Agarwal,Nagpur,MH,2024-02-09,N
C105144,Sameer Sen,Lucknow,UP,2023-01-06,N
C105145,Kunal Srivastava,Patna,BR,2024-09-15,N
C105146,Kavya Jain,Coimbatore,TN,2023-03-10,Y
C105147,Harpreet Pandey,Chennai,TN,2024-10-11,N
C105148,Isha Tiwari,Bhopal,MP,2023-04-03,N
C105149,Pranav Yadav,Vadodara,GJ,2024-04-16,N
C105150,Sukhwinder Khan,Mumbai,MH,2024-02-11,Y
C105151,Meera Roy,Visakhapatnam,AP,2023-12-16,N
C105152,Anjali Saxena,Chandigarh,CH,2024-09-11,Y
C105153,Pooja Bhatt,Mumbai,MH,2024-06-01,N
C105154,Payal Agarwal,Nashik,MH,2023-01-20,Y
C105155,Shreya Desai,Noida,UP,2022-09-18,N
C105156,Sunita Reddy,Mysuru,KA,2024-06-11,Y
C105157,Harsh Mishra,Pune,MH,2023-06-18,Y
C105158,Diya Sethi,Ranchi,JH,2024-08-28,N
C105159,Payal Bhatia,Vadodara,GJ,2024-12-07,N
C105160,Rohan Saxena,Coimbatore,TN,2024-01-07,N
C105161,Siddharth Chatterjee,Jaipur,RJ,2023-09-27,Y
C105162,Sunita Naidu,Patna,BR,2024-03-09,N
C105163,Sunita Shah,Mumbai,MH,2023-09-06,N
C105164,Om Bose,Chennai,TN,2023-08-07,N
C105165,Arjun Pandey,Noida,UP,2023-04-30,N
C105166,Siddharth Verma,Mumbai,MH,2024-11-08,N
C105167,Aishwarya Jadhav,Bhubaneswar,OR,2024-11-19,Y
C105168,Simran Tiwari,Chennai,TN,2023-02-09,N
C105169,Rohan Yadav,Thiruvananthapuram,KL,2023-03-10,N
C105170,Ramesh Kulkarni,Dehradun,UK,2023-01-23,Y
C105171,Om Pereira,Patna,BR,2024-03-05,N
C105172,Sai Dhillon,Chandigarh,CH,2022-07-17,N
C105173,Joseph Jadhav,Nashik,MH,2023-04-23,N
C105174,Pooja Mukherjee,Pune,MH,2023-06-24,N
C105175,Zaid D'Souza,Patna,BR,2024-09-05,N
C105176,Sameer Banerjee,Nashik,MH,2023-08-28,N
C105177,Rahul Deshpande,Chennai,TN,2023-09-16,N
C105178,Sai D'Souza,Nagpur,MH,2024-01-04,Y
C105179,Aadhya Sharma,Gurugram,HR,2023-02-13,Y
C105180,Steven Rathore,Patna,BR,2023-07-21,N
C105181,Zoya Chopra,Pune,MH,2024-07-01,N
C105182,Deepak Gaikwad,Kolkata,WB,2024-10-05,N
C105183,Amit D'Souza,Bhopal,MP,2024-05-31,N
C105184,Vivaan Das,Nagpur,MH,2023-01-10,N
C105185,Amit Desai,Gurugram,HR,2023-08-16,N
C105186,Bhavna Iyer,Chandigarh,CH,2022-12-09,Y
C105187,Megha Pereira,Raipur,CG,2022-08-10,N
C105188,Dev Banerjee,Mysuru,KA,2023-05-08,N
C105189,Sai Srivastava,Patna,BR,2023-06-15,N
C105190,Diya Siddiqui,Guwahati,AS,2024-03-16,N
C105191,Geeta Banerjee,Chennai,TN,2023-09-30,N
C105192,Aishwarya George,Ranchi,JH,2024-04-26,N
C105193,Bhavna Roy,Patna,BR,2024-05-05,N
C105194,Yash D'Souza,Dehradun,UK,2023-10-13,N
C105195,Pooja Mehta,Nagpur,MH,2023-08-10,N
C105196,Komal Mishra,Delhi,DL,2024-06-09,Y
C105197,Geeta Shinde,Indore,MP,2024-12-10,N
C105198,Pranav Ghosh,Hyderabad,TS,2024-11-25,N
C105199,Ankit Agarwal,Thiruvananthapuram,KL,2024-01-04,N
C105200,Saanvi Khan,Vadodara,GJ,2024-11-08,N
C105201,Riya Bose,Chandigarh,CH,2023-10-10,Y
C105202,Joseph Mishra,Surat,GJ,2024-01-16,N
C105203,Rahul Mishra,Delhi,DL,2024-03-23,Y
C105204,Anjali Singh,Indore,MP,2023-11-14,N
C105205,Rohan Mittal,Mumbai,MH,2022-11-10,N
C105206,Harpreet Dutta,Raipur,CG,2023-08-09,N
C105207,Sneha Menon,Noida,UP,2023-09-29,N
C105208,Ramesh Gupta,Guwahati,AS,2024-08-17,Y
C105209,Zaid Gupta,Pune,MH,2023-11-23,N
C105210,Sunita Bose,Mysuru,KA,2024-11-16,Y
C105211,Dev Shinde,Noida,UP,2022-12-27,N
C105212,Tenzin Gupta,Kolkata,WB,2023-07-24,Y
C105213,Tenzin Khanna,Kolkata,WB,2022-09-17,Y
C105214,Ishaan Naidu,Guwahati,AS,2023-10-25,N
C105215,Deepak Arora,Nashik,MH,2024-01-03,N
C105216,Suresh Joshi,Lucknow,UP,2023-08-13,Y
C105217,Divya Kulkarni,Bengaluru,KA,2024-04-16,N
C105218,Steven Kumar,Pune,MH,2023-09-14,Y
C105219,Aadhya Kapoor,Ahmedabad,GJ,2024-01-23,N
C105220,Zaid Khan,Ahmedabad,GJ,2023-07-07,Y
C105221,Aishwarya Bansal,Delhi,DL,2023-07-04,N
C105222,Aditya Patil,Indore,MP,2023-09-26,N
C105223,Neha Mukherjee,Ahmedabad,GJ,2024-08-17,N
C105224,Deepak Menon,Chennai,TN,2024-08-19,N
C105225,Aadhya Pawar,Bhubaneswar,OR,2023-01-16,N
C105226,Siddharth Mathew,Ahmedabad,GJ,2024-11-30,N
C105227,Kabir Chopra,Chandigarh,CH,2024-08-23,Y
C105228,Megha Das,Ranchi,JH,2024-04-25,N
C105229,Rohan Goyal,Dehradun,UK,2022-12-27,N
C105230,Lobsang Fernandes,Raipur,CG,2023-07-26,N
C105231,Vivaan Dhillon,Mumbai,MH,2023-11-05,N
C105232,Isha Kaur,Visakhapatnam,AP,2023-11-08,N
C105233,Varun Roy,Chennai,TN,2023-08-14,N
C105234,Sukhwinder Roy,Visakhapatnam,AP,2024-05-02,N
C105235,Vikram Bansal,Chandigarh,CH,2024-08-06,N
C105236,Jaspreet Jadhav,Pune,MH,2023-11-03,Y
C105237,Isha Arora,Nagpur,MH,2022-12-19,Y
C105238,Reyansh Fernandes,Ahmedabad,GJ,2023-07-28,Y
C105239,Varun Arora,Ahmedabad,GJ,2024-02-22,N
C105240,Amit Chauhan,Patna,BR,2024-07-18,N
C105241,Saanvi Mittal,Coimbatore,TN,2022-12-15,N
C105242,Thomas Shah,Nashik,MH,2024-07-20,N
C105243,Imran Patil,Bhopal,MP,2022-09-17,N
C105244,Meera Pawar,Jaipur,RJ,2022-08-09,N
C105245,Kunal Sandhu,Mumbai,MH,2023-05-16,N
C105246,Pranav Siddiqui,Gurugram,HR,2023-08-17,N
C105247,Manish Shah,Delhi,DL,2022-10-23,N
C105248,Harsh Bansal,Chennai,TN,2023-08-26,N
C105249,Reyansh Verma,Indore,MP,2024-02-06,Y
C105250,Manish Gupta,Nagpur,MH,2023-06-16,N
C105251,Nisha Nair,Guwahati,AS,2023-01-18,Y
C105252,Ananya Roy,Lucknow,UP,2023-12-31,N
C105253,Bhavna Roy,Delhi,DL,2023-09-21,N
C105254,Reyansh Roy,Kolkata,WB,2024-12-02,Y
C105255,Ishaan Mishra,Kochi,KL,2024-01-03,Y
C105256,Mohammed Nair,Visakhapatnam,AP,2024-07-01,N
C105257,Vikram Kaur,Chandigarh,CH,2024-11-23,N
C105258,Zaid Rao,Bhopal,MP,2023-05-20,N
C105259,Daniel Naidu,Dehradun,UK,2023-11-30,Y
C105260,Mohammed Goyal,Ranchi,JH,2024-11-04,Y
C105261,Aditya Chatterjee,Jaipur,RJ,2023-02-08,Y
C105262,Imran Pandey,Dehradun,UK,2024-01-25,Y
C105263,Rajat Srivastava,Delhi,DL,2024-05-09,N
C105264,Joseph Kapoor,Indore,MP,2024-05-15,N
C105265,Sai Gupta,Kolkata,WB,2024-10-22,N
C105266,Daniel Gupta,Mysuru,KA,2024-12-09,Y
C105267,Daniel Rathore,Dehradun,UK,2024-11-02,N
C105268,Joseph D'Souza,Dehradun,UK,2022-10-19,N
C105269,Steven Patel,Visakhapatnam,AP,2022-10-28,Y
C105270,Rohan Reddy,Dehradun,UK,2022-10-10,N
C105271,Krishna Chatterjee,Lucknow,UP,2023-07-04,Y
C105272,Harpreet Bansal,Ahmedabad,GJ,2023-06-06,N
C105273,Ayaan Mishra,Chennai,TN,2023-01-23,Y
C105274,Diya Desai,Chandigarh,CH,2022-11-15,Y
C105275,Lobsang Chatterjee,Coimbatore,TN,2024-12-26,N
C105276,Imran Mittal,Bhopal,MP,2023-02-23,N
C105277,Gurpreet Sethi,Mumbai,MH,2022-08-05,Y
C105278,Swati Goyal,Bengaluru,KA,2024-11-29,N
C105279,Neha Patil,Chennai,TN,2022-09-25,N
C105280,Harsh Ghosh,Vadodara,GJ,2023-05-28,N
C105281,Swati Kaur,Coimbatore,TN,2024-04-10,N
C105282,Varun Mittal,Delhi,DL,2024-12-26,N
C105283,Riya Qureshi,Patna,BR,2024-07-22,Y
C105284,Meera Khan,Ranchi,JH,2024-08-28,N
C105285,Suresh Pillai,Dehradun,UK,2024-07-28,Y
C105286,Ramesh Kaur,Raipur,CG,2022-11-23,N
C105287,Ankit Mishra,Hyderabad,TS,2023-07-02,N
C105288,Megha Kumar,Chandigarh,CH,2023-12-07,Y
C105289,Pranav D'Souza,Pune,MH,2024-08-19,Y
C105290,Isha Naidu,Nashik,MH,2023-04-19,N
C105291,Tenzin Sethi,Mumbai,MH,2023-07-11,Y
C105292,Simran George,Chennai,TN,2024-02-07,N
C105293,Pranav Naidu,Indore,MP,2023-08-31,N
C105294,Divya Siddiqui,Vadodara,GJ,2022-08-17,N
C105295,Gurpreet Malhotra,Kolkata,WB,2023-09-28,N
C105296,Jaspreet Bansal,Jaipur,RJ,2024-07-30,N
C105297,Meera Mittal,Jaipur,RJ,2023-10-29,N
C105298,Divya Rao,Mumbai,MH,2023-06-14,N
C105299,Nikhil Banerjee,Jaipur,RJ,2023-04-11,N
C105300,Neha Roy,Coimbatore,TN,2024-03-06,N
C105301,Tanvi Siddiqui,Mysuru,KA,2024-06-26,Y
C105302,Sunita Shah,Hyderabad,TS,2024-02-04,N
C105303,Neha Mathew,Mysuru,KA,2024-09-17,N
C105304,Farah Bose,Ahmedabad,GJ,2024-01-11,N
C105305,Aishwarya Shinde,Hyderabad,TS,2023-09-26,N
C105306,Vikram Dutta,Lucknow,UP,2023-02-03,N
C105307,Kabir Singh,Lucknow,UP,2022-08-12,N
C105308,Manish Gill,Hyderabad,TS,2023-04-30,N
C105309,Lakshmi Mittal,Dehradun,UK,2023-05-28,N
C105310,Reyansh Mukherjee,Lucknow,UP,2023-11-19,N
C105311,Nisha Desai,Mumbai,MH,2022-10-21,Y
C105312,Manpreet Chauhan,Nagpur,MH,2023-09-07,N
C105313,Kabir Mukherjee,Kolkata,WB,2023-04-08,Y
C105314,Yash Saxena,Raipur,CG,2024-09-24,N
C105315,Siddharth Roy,Kochi,KL,2024-02-27,N
C105316,Komal Srivastava,Thiruvananthapuram,KL,2024-08-28,N
C105317,Aadhya Sandhu,Pune,MH,2024-07-31,Y
C105318,Varun Jain,Mysuru,KA,2024-04-01,N
C105319,Nikhil Tiwari,Patna,BR,2024-10-17,N
C105320,Vihaan Agarwal,Hyderabad,TS,2024-07-30,N
C105321,Suresh Nair,Mumbai,MH,2024-11-18,N
C105322,Om Fernandes,Kolkata,WB,2022-07-22,N
C105323,Manpreet Nair,Patna,BR,2022-09-18,N
C105324,Rajat Pillai,Coimbatore,TN,2024-11-07,N
C105325,Bhavna Rathore,Chennai,TN,2023-06-27,N
C105326,Pooja Chauhan,Lucknow,UP,2024-03-09,N
C105327,Komal Sandhu,Raipur,CG,2023-01-04,N
C105328,Manpreet Iyer,Delhi,DL,2024-12-21,N
C105329,Ayaan Shinde,Ahmedabad,GJ,2022-12-23,Y
C105330,Yash Kapoor,Jaipur,RJ,2023-05-06,N
C105331,Swati Desai,Lucknow,UP,2023-07-08,N
C105332,Tanvi Jadhav,Mumbai,MH,2024-05-12,Y
C105333,Ritika Banerjee,Dehradun,UK,2022-11-26,N
C105334,Sai Sen,Noida,UP,2024-10-28,N
C105335,Pooja Siddiqui,Visakhapatnam,AP,2024-06-23,N
C105336,Pooja Rao,Indore,MP,2022-08-12,N
C105337,Kabir Bhatt,Patna,BR,2022-10-05,Y
C105338,Meera Mukherjee,Mysuru,KA,2023-04-10,N
C105339,Reyansh Chatterjee,Visakhapatnam,AP,2022-09-21,N
C105340,Vikram Tiwari,Bhubaneswar,OR,2024-02-06,N
C105341,Megha Dhillon,Bhopal,MP,2024-12-21,N
C105342,Pooja Saxena,Gurugram,HR,2024-06-05,N
C105343,Siddharth Bose,Ranchi,JH,2022-10-10,Y
C105344,Rohit D'Souza,Pune,MH,2024-12-07,N
C105345,Arjun Saxena,Raipur,CG,2022-10-20,Y
C105346,Payal Pillai,Raipur,CG,2023-01-16,N
C105347,Pooja Pandey,Bhopal,MP,2024-03-17,N
C105348,Diya Srivastava,Hyderabad,TS,2024-05-27,N
C105349,Thomas Das,Delhi,DL,2023-09-05,Y
C105350,Joseph Sharma,Kolkata,WB,2022-11-21,Y
C105351,Ishaan Bhatt,Lucknow,UP,2024-06-30,N
C105352,Manish Jadhav,Hyderabad,TS,2023-10-20,Y
C105353,Ananya Sen,Patna,BR,2024-10-14,N
C105354,Kunal Mathew,Kolkata,WB,2023-09-08,Y
C105355,Rahul Chauhan,Visakhapatnam,AP,2022-08-12,N
C105356,Payal Trivedi,Coimbatore,TN,2024-06-24,N
C105357,Payal Verma,Patna,BR,2024-12-25,Y
C105358,Simran Patel,Bhopal,MP,2024-10-02,N
C105359,Joseph Jain,Hyderabad,TS,2024-10-20,N
C105360,Manpreet Mukherjee,Kochi,KL,2024-04-16,N
C105361,Riya Bose,Coimbatore,TN,2023-03-21,N
C105362,Simran Arora,Ahmedabad,GJ,2023-09-23,N
C105363,Amit Trivedi,Thiruvananthapuram,KL,2023-02-17,Y
C105364,Neha Tiwari,Kolkata,WB,2022-08-27,N
C105365,Isha Sheikh,Guwahati,AS,2022-10-24,Y
C105366,Simran Dutta,Bhopal,MP,2022-10-14,Y
C105367,Riya Roy,Indore,MP,2023-04-21,N
C105368,Komal Kulkarni,Guwahati,AS,2024-01-30,N
C105369,Mohammed Chopra,Guwahati,AS,2024-06-18,N
C105370,Priya Joshi,Ranchi,JH,2024-04-09,N
C105371,Megha Chopra,Mysuru,KA,2023-01-13,N
C105372,Manish Joshi,Kochi,KL,2023-12-08,Y
C105373,Divya Rathore,Pune,MH,2024-04-27,N
C105374,Joseph Khan,Nagpur,MH,2023-06-29,Y
C105375,Sunita Mishra,Guwahati,AS,2024-06-29,N
C105376,Aadhya Shah,Thiruvananthapuram,KL,2022-11-30,N
C105377,Payal Gaikwad,Surat,GJ,2023-11-07,Y
C105378,Aditya Gill,Mysuru,KA,2024-06-05,N
C105379,Mohammed Pawar,Lucknow,UP,2022-11-06,Y
C105380,Krishna Fernandes,Bhopal,MP,2023-10-06,Y
C105381,Vivaan Mathew,Mumbai,MH,2023-12-03,Y
C105382,Megha Dhillon,Bhopal,MP,2023-07-28,Y
C105383,Isha Patel,Patna,BR,2022-12-10,N
C105384,Kunal Kaur,Ahmedabad,GJ,2024-11-06,N
C105385,Rahul Banerjee,Bhopal,MP,2022-09-23,N
C105386,Payal Ghosh,Indore,MP,2022-09-23,N
C105387,Pooja Pillai,Chandigarh,CH,2023-08-27,Y
C105388,Aarav Gaikwad,Visakhapatnam,AP,2024-06-16,N
C105389,Kavya Mishra,Patna,BR,2024-01-09,N
C105390,Krishna Naidu,Kolkata,WB,2023-01-02,Y
C105391,Aarav Gill,Kolkata,WB,2023-09-06,N
C105392,Kunal Gaikwad,Mumbai,MH,2024-12-03,N
C105393,Kabir Kaur,Surat,GJ,2023-07-10,Y
C105394,Manpreet Bhatt,Jaipur,RJ,2023-01-17,Y
C105395,Steven Mukherjee,Noida,UP,2024-07-29,N
C105396,Riya Nair,Raipur,CG,2024-06-29,N
C105397,Daniel Fernandes,Coimbatore,TN,2023-04-25,N
C105398,Isha Sheikh,Gurugram,HR,2023-05-28,N
C105399,Anjali Chatterjee,Chandigarh,CH,2024-06-13,Y
C105400,Amit Mathew,Ranchi,JH,2023-01-31,N
C105401,Aadhya Patil,Nagpur,MH,2023-04-21,N
C105402,Zoya Chopra,Patna,BR,2024-03-29,N
C105403,Harpreet Pandey,Mysuru,KA,2024-04-08,Y
C105404,Ramesh Reddy,Bhubaneswar,OR,2024-11-18,N
C105405,Vivaan Iyer,Surat,GJ,2024-11-21,N
C105406,Aadhya Varghese,Kolkata,WB,2023-06-09,N
C105407,Ayaan Rathore,Kolkata,WB,2024-01-10,N
C105408,Ankit Siddiqui,Hyderabad,TS,2024-04-17,N
C105409,Ayaan Jadhav,Hyderabad,TS,2023-03-19,Y
C105410,Bhavna Gill,Vadodara,GJ,2024-02-23,N
C105411,Steven Shah,Vadodara,GJ,2023-05-15,N
C105412,Mohammed Joshi,Kolkata,WB,2023-02-03,N
C105413,Dev George,Pune,MH,2022-07-19,N
C105414,Daniel Arora,Bengaluru,KA,2023-06-06,Y
C105415,Imran Mukherjee,Noida,UP,2023-07-16,N
C105416,Reyansh Bansal,Visakhapatnam,AP,2022-08-20,Y
C105417,Aadhya Tiwari,Guwahati,AS,2023-08-26,N
C105418,Yash Trivedi,Kolkata,WB,2022-11-17,N
C105419,Divya Shah,Surat,GJ,2023-10-22,N
C105420,Aishwarya Chauhan,Thiruvananthapuram,KL,2023-03-01,N
C105421,Reyansh Mukherjee,Guwahati,AS,2023-05-09,Y
C105422,Zaid Fernandes,Noida,UP,2024-02-10,N
C105423,Saanvi Iyer,Mysuru,KA,2023-07-10,N
C105424,Geeta Bansal,Indore,MP,2023-04-07,Y
C105425,Nikhil Mehta,Delhi,DL,2024-10-19,N
C105426,Steven Goyal,Mumbai,MH,2024-02-14,N
C105427,Jaspreet Verma,Thiruvananthapuram,KL,2022-08-08,Y
C105428,Siddharth Mukherjee,Chennai,TN,2024-04-24,Y
C105429,Diya Das,Vadodara,GJ,2023-07-31,N
C105430,Riya Mittal,Bhubaneswar,OR,2024-06-01,Y
C105431,Farah Desai,Kochi,KL,2024-01-16,N
C105432,Reyansh Dhillon,Visakhapatnam,AP,2024-02-07,Y
C105433,Komal Qureshi,Chandigarh,CH,2024-09-16,N
C105434,Daniel Kapoor,Patna,BR,2024-03-10,N
C105435,Nisha Gaikwad,Chandigarh,CH,2024-08-19,N
C105436,Tenzin Iyer,Bhopal,MP,2024-11-27,Y
C105437,Ritika Das,Vadodara,GJ,2024-03-25,N
C105438,Saanvi Patel,Chennai,TN,2023-07-23,N
C105439,Farah Fernandes,Raipur,CG,2023-08-09,N
C105440,Jaspreet Bose,Noida,UP,2024-05-17,N
C105441,Kabir Bose,Ranchi,JH,2022-10-10,N
C105442,Neha Chatterjee,Surat,GJ,2023-07-27,N
C105443,Krishna Gaikwad,Nagpur,MH,2023-06-20,Y
C105444,Isha Mittal,Guwahati,AS,2023-01-12,N
C105445,Reyansh Singh,Lucknow,UP,2024-06-07,Y
C105446,Rohit Tiwari,Kochi,KL,2022-09-28,N
C105447,Aarav Patil,Hyderabad,TS,2022-08-31,Y
C105448,Suresh Rao,Kolkata,WB,2024-08-01,N
C105449,Lobsang Bhatia,Bhopal,MP,2024-11-28,N
C105450,Manish Sen,Nagpur,MH,2024-04-28,Y
C105451,Pranav Kulkarni,Coimbatore,TN,2023-02-13,N
C105452,Sameer Arora,Ranchi,JH,2024-12-16,N
C105453,Karan Deshpande,Hyderabad,TS,2023-02-12,Y
C105454,Daniel Mukherjee,Dehradun,UK,2023-12-20,N
C105455,Ishaan George,Surat,GJ,2024-08-15,N
C105456,Ayaan Mukherjee,Visakhapatnam,AP,2022-08-13,N
C105457,Anjali Yadav,Nagpur,MH,2024-05-27,N
C105458,Faisal Shinde,Nagpur,MH,2023-02-08,N
C105459,Swati Dhillon,Raipur,CG,2023-11-21,N
C105460,Harpreet Fernandes,Nagpur,MH,2022-08-12,N
C105461,Pranav Trivedi,Hyderabad,TS,2024-09-10,N
C105462,Farah Iyer,Dehradun,UK,2024-11-19,Y
C105463,Zaid D'Souza,Coimbatore,TN,2022-08-06,N
C105464,Priya Pereira,Thiruvananthapuram,KL,2023-06-17,N
C105465,Ritika D'Souza,Gurugram,HR,2023-08-15,N
C105466,Vikram Saxena,Chennai,TN,2023-02-03,N
C105467,Diya Gill,Noida,UP,2024-10-26,N
C105468,Karan Trivedi,Chennai,TN,2023-10-30,N
C105469,Steven Singh,Mumbai,MH,2024-04-27,N
C105470,Ishaan Roy,Kochi,KL,2022-10-02,N
C105471,Krishna Qureshi,Guwahati,AS,2023-06-09,N
C105472,Faisal Kaur,Delhi,DL,2024-07-08,N
C105473,Payal Roy,Nagpur,MH,2024-11-09,Y
C105474,Zoya Naidu,Bhubaneswar,OR,2024-08-27,Y
C105475,Sameer Shah,Nagpur,MH,2024-05-13,Y
C105476,Amit Sen,Thiruvananthapuram,KL,2023-12-16,N
C105477,Kavya Sen,Nagpur,MH,2023-12-18,N
C105478,Imran Singh,Indore,MP,2023-09-08,N
C105479,Zoya George,Chandigarh,CH,2022-12-04,N
C105480,Rohan Rao,Bhopal,MP,2024-03-08,N
C105481,Saanvi Srivastava,Noida,UP,2023-01-20,N
C105482,Siddharth Rao,Raipur,CG,2024-03-18,N
C105483,Amit Pawar,Thiruvananthapuram,KL,2024-11-24,N
C105484,Harpreet Patel,Indore,MP,2022-12-05,N
C105485,Komal Sethi,Indore,MP,2022-12-09,N
C105486,Sai Sandhu,Bhubaneswar,OR,2022-12-23,N
C105487,Steven Chauhan,Dehradun,UK,2022-12-05,N
C105488,Ayaan Banerjee,Kolkata,WB,2024-07-22,N
C105489,Sai Pawar,Guwahati,AS,2024-09-11,Y
C105490,Priya Patel,Jaipur,RJ,2024-06-01,N
C105491,Swati Mukherjee,Hyderabad,TS,2024-02-21,N
C105492,Sai Menon,Pune,MH,2023-12-31,N
C105493,Ishaan Malhotra,Bengaluru,KA,2024-04-18,Y
C105494,Ramesh Mukherjee,Bhubaneswar,OR,2022-10-13,N
C105495,Rohan Arora,Nagpur,MH,2024-01-09,Y
C105496,Amit Bansal,Mysuru,KA,2024-05-06,Y
C105497,Sunita Kulkarni,Mysuru,KA,2024-05-13,N
C105498,Saanvi Shah,Jaipur,RJ,2023-07-07,Y
C105499,Sneha Sharma,Surat,GJ,2023-06-10,N
C105500,Diya Deshpande,Ranchi,JH,2024-09-23,Y
C105501,Dev Agarwal,Jaipur,RJ,2023-11-06,N
C105502,Tenzin Khan,Kochi,KL,2023-07-22,N
C105503,Jaspreet Jain,Ahmedabad,GJ,2022-12-12,N
C105504,Tanvi Gupta,Hyderabad,TS,2024-12-01,Y
C105505,Faisal Kulkarni,Kolkata,WB,2022-08-08,Y
C105506,Jaspreet Siddiqui,Surat,GJ,2024-02-20,N
C105507,Amit Chauhan,Coimbatore,TN,2024-12-31,Y
C105508,Sai Roy,Bengaluru,KA,2024-06-13,N
C105509,Rajat Verma,Gurugram,HR,2024-03-13,N
C105510,Kabir Gaikwad,Dehradun,UK,2023-05-07,Y
C105511,Om Menon,Gurugram,HR,2024-07-18,N
C105512,Vihaan Reddy,Mysuru,KA,2024-06-03,N
C105513,Varun Gaikwad,Bengaluru,KA,2023-10-30,N
C105514,Sunita Khan,Mumbai,MH,2024-08-28,Y
C105515,Manish Chauhan,Ahmedabad,GJ,2023-04-18,N
C105516,Payal Bhatt,Coimbatore,TN,2023-08-11,Y
C105517,Kavya Verma,Chennai,TN,2024-10-21,N
C105518,Manpreet Saxena,Visakhapatnam,AP,2023-12-29,N
C105519,Kabir Pandey,Noida,UP,2024-09-21,Y
C105520,Zoya Das,Chandigarh,CH,2023-05-25,Y
C105521,Joseph Mittal,Pune,MH,2023-11-11,N
C105522,Varun Yadav,Coimbatore,TN,2023-07-25,N
C105523,Harsh Rathore,Jaipur,RJ,2023-04-12,Y
C105524,Neha Bansal,Patna,BR,2023-03-13,Y
C105525,Rahul Sethi,Mumbai,MH,2024-11-27,N
C105526,Rahul Srivastava,Ranchi,JH,2023-06-14,N
C105527,Rajat Dutta,Mumbai,MH,2022-09-06,N
C105528,Rohit Bhatt,Bhubaneswar,OR,2023-06-01,N
C105529,Kunal Shinde,Kochi,KL,2023-09-28,Y
C105530,Harpreet Dutta,Dehradun,UK,2024-01-13,N
C105531,Saanvi Rao,Kolkata,WB,2022-09-06,Y
C105532,Sneha Singh,Delhi,DL,2024-11-10,N
C105533,Vihaan Pillai,Mumbai,MH,2023-11-13,N
C105534,Daniel Mishra,Chandigarh,CH,2024-05-14,N
C105535,Aishwarya Rathore,Raipur,CG,2024-04-15,N
C105536,Simran George,Chandigarh,CH,2023-06-23,Y
C105537,Nisha Khanna,Raipur,CG,2023-01-09,N
C105538,Manish Sharma,Nashik,MH,2024-09-02,N
C105539,Lakshmi Mukherjee,Nashik,MH,2022-09-17,N
C105540,Rahul Iyer,Surat,GJ,2023-09-11,N
C105541,Swati Mittal,Dehradun,UK,2023-12-10,Y
C105542,Krishna Pereira,Guwahati,AS,2023-10-17,N
C105543,Shreya Sheikh,Gurugram,HR,2024-04-11,Y
C105544,Kabir Banerjee,Guwahati,AS,2024-01-14,Y
C105545,Mohammed Rao,Guwahati,AS,2024-12-14,N
C105546,Faisal Arora,Kochi,KL,2023-04-17,Y
C105547,Mohammed Saxena,Lucknow,UP,2024-10-15,N
C105548,Geeta Tiwari,Mysuru,KA,2023-06-09,N
C105549,Lobsang Nair,Raipur,CG,2024-04-28,N
C105550,Mohammed Gill,Mumbai,MH,2023-01-14,N
C105551,Thomas Jain,Mysuru,KA,2023-11-02,Y
C105552,Zaid Sheikh,Dehradun,UK,2022-08-24,N
C105553,Deepak Verma,Ahmedabad,GJ,2023-05-10,N
C105554,Tarun Reddy,Coimbatore,TN,2024-06-18,N
C105555,Rajat Siddiqui,Dehradun,UK,2022-08-29,N
C105556,Amit Sheikh,Hyderabad,TS,2023-11-08,N
C105557,Vivaan Shinde,Hyderabad,TS,2024-08-17,N
C105558,Aishwarya Joshi,Lucknow,UP,2023-11-04,N
C105559,Nisha Gaikwad,Chennai,TN,2024-09-09,Y
C105560,Tarun Kulkarni,Gurugram,HR,2022-12-25,Y
C105561,Suresh Srivastava,Ahmedabad,GJ,2023-01-07,Y
C105562,Faisal Nair,Coimbatore,TN,2022-12-09,Y
C105563,Ayaan Mishra,Delhi,DL,2022-11-14,N
C105564,Geeta Trivedi,Patna,BR,2022-10-30,N
C105565,Geeta Patel,Dehradun,UK,2024-01-24,N
C105566,Rohit Kaur,Mysuru,KA,2024-08-31,N
C105567,Sunita Bhatt,Visakhapatnam,AP,2024-12-31,N
C105568,Riya Chauhan,Ranchi,JH,2024-10-28,N
C105569,Priya Ghosh,Kochi,KL,2022-09-03,N
C105570,Lobsang Bhatia,Pune,MH,2023-07-15,N
C105571,Kunal Trivedi,Mysuru,KA,2024-06-07,N
C105572,Manish Fernandes,Mumbai,MH,2022-11-02,N
C105573,Riya Dutta,Lucknow,UP,2024-08-17,Y
C105574,Om Iyer,Chandigarh,CH,2023-12-21,N
C105575,Farah Mukherjee,Hyderabad,TS,2024-06-27,N
C105576,Arjun Srivastava,Delhi,DL,2022-07-29,N
C105577,Amit Trivedi,Dehradun,UK,2022-09-23,N
C105578,Nisha Nair,Nashik,MH,2023-04-15,N
C105579,Daniel Saxena,Coimbatore,TN,2024-10-25,Y
C105580,Daniel Das,Delhi,DL,2023-06-21,Y
C105581,Riya Banerjee,Bhubaneswar,OR,2024-05-28,N
C105582,Priya Saxena,Thiruvananthapuram,KL,2023-12-25,N
C105583,Kabir D'Souza,Indore,MP,2023-07-02,N
C105584,Joseph Chopra,Guwahati,AS,2022-09-30,N
C105585,Joseph Kumar,Patna,BR,2023-03-25,N
C105586,Priya Kaur,Thiruvananthapuram,KL,2024-01-06,Y
C105587,Thomas Srivastava,Gurugram,HR,2024-05-25,N
C105588,Simran D'Souza,Coimbatore,TN,2025-01-01,N
C105589,Ankit Reddy,Coimbatore,TN,2024-04-23,N
C105590,Manpreet Pereira,Ahmedabad,GJ,2024-05-17,N
C105591,Swati Fernandes,Ranchi,JH,2023-01-04,N
C105592,Riya Dutta,Mysuru,KA,2023-04-15,Y
C105593,Riya Kaur,Jaipur,RJ,2023-08-14,N
C105594,Gurpreet Pereira,Ranchi,JH,2022-08-11,N
C105595,Isha Rao,Ranchi,JH,2024-08-02,N
C105596,Vikram Arora,Noida,UP,2024-10-06,Y
C105597,Zaid Mukherjee,Thiruvananthapuram,KL,2023-08-20,N
C105598,Rahul Patil,Delhi,DL,2023-09-10,N
C105599,Kunal Mukherjee,Hyderabad,TS,2023-09-12,Y
C105600,Daniel George,Surat,GJ,2023-08-29,N
C105601,Lobsang Bhatia,Noida,UP,2024-06-14,Y
C105602,Imran Mukherjee,Kochi,KL,2024-12-21,N
C105603,Zaid Sethi,Mysuru,KA,2023-12-13,N
C105604,Steven Chopra,Pune,MH,2024-03-26,N
C105605,Siddharth Dutta,Vadodara,GJ,2022-10-18,N
C105606,Arjun Sandhu,Pune,MH,2022-09-05,N
C105607,Lobsang Saxena,Visakhapatnam,AP,2022-08-24,N
C105608,Ishaan Bhatt,Raipur,CG,2024-07-22,N
C105609,Deepak Chatterjee,Ahmedabad,GJ,2023-08-09,Y
C105610,Farah Varghese,Guwahati,AS,2024-08-16,N
C105611,Ankit Pereira,Delhi,DL,2024-10-22,N
C105612,Steven Joshi,Bengaluru,KA,2022-08-21,N
C105613,Varun Menon,Vadodara,GJ,2023-11-20,N
C105614,Dev Naidu,Pune,MH,2024-06-20,N
C105615,Nisha Shinde,Thiruvananthapuram,KL,2023-09-15,N
C105616,Nikhil Dutta,Kolkata,WB,2024-06-06,N
C105617,Aditya George,Hyderabad,TS,2024-11-27,Y
C105618,Dev George,Bhopal,MP,2024-08-27,N
C105619,Joseph Rathore,Raipur,CG,2024-11-30,N
C105620,Manish Sen,Noida,UP,2024-05-25,N
C105621,Simran Gill,Chennai,TN,2023-06-20,N
C105622,Imran Sethi,Ranchi,JH,2022-12-13,N
C105623,Lobsang Goyal,Delhi,DL,2023-07-31,Y
C105624,Shreya Menon,Raipur,CG,2022-08-29,Y
C105625,Vikram Mishra,Mumbai,MH,2022-07-31,Y
C105626,Aarav George,Mumbai,MH,2022-10-13,N
C105627,Rajat Ansari,Patna,BR,2023-03-01,Y
C105628,Rahul Kulkarni,Mumbai,MH,2023-10-26,Y
C105629,Dev Iyer,Pune,MH,2023-12-22,N
C105630,Pooja Bansal,Bhubaneswar,OR,2024-10-30,Y
C105631,Shreya Arora,Hyderabad,TS,2022-10-25,N
C105632,Bhavna Gill,Gurugram,HR,2024-08-18,N
C105633,Swati Jain,Patna,BR,2022-07-28,N
C105634,Jaspreet Pereira,Mysuru,KA,2024-06-06,Y
C105635,Payal Dutta,Patna,BR,2023-08-05,N
C105636,Jaspreet D'Souza,Visakhapatnam,AP,2023-09-29,N
C105637,Diya Saxena,Chennai,TN,2023-02-19,N
C105638,Amit Shinde,Pune,MH,2024-09-26,N
C105639,Arjun Joshi,Jaipur,RJ,2022-08-02,N
C105640,Sameer Khanna,Chennai,TN,2023-09-28,Y
C105641,Anjali Chauhan,Chennai,TN,2023-11-05,N
C105642,Siddharth Kumar,Nashik,MH,2023-09-23,Y
C105643,Harsh Dutta,Bhubaneswar,OR,2023-11-18,N
C105644,Manish Banerjee,Bengaluru,KA,2024-12-14,N
C105645,Siddharth Shah,Raipur,CG,2023-06-30,N
C105646,Divya Patel,Kochi,KL,2022-12-19,Y
C105647,Nikhil Sheikh,Nagpur,MH,2023-09-26,Y
C105648,Tarun Mukherjee,Guwahati,AS,2022-08-08,N
C105649,Abhishek Jain,Thiruvananthapuram,KL,2022-12-01,N
C105650,Harpreet Rao,Hyderabad,TS,2022-11-09,N
C105651,Ananya Desai,Mysuru,KA,2023-03-31,Y
C105652,Vikram Bansal,Kolkata,WB,2022-11-03,N
C105653,Sunita Khan,Hyderabad,TS,2023-03-17,Y
C105654,Anjali Reddy,Coimbatore,TN,2024-07-05,Y
C105655,Kavya Khan,Surat,GJ,2024-01-30,Y
C105656,Manish Nair,Surat,GJ,2024-07-24,Y
C105657,Nikhil Desai,Delhi,DL,2022-10-25,N
C105658,Sukhwinder Rathore,Gurugram,HR,2024-02-13,N
C105659,Aishwarya Chauhan,Vadodara,GJ,2024-11-21,N
C105660,Amit Srivastava,Noida,UP,2024-07-30,N
C105661,Zaid Bhatt,Lucknow,UP,2022-07-20,N
C105662,Pooja Mathew,Pune,MH,2023-07-25,Y
C105663,Rahul Desai,Delhi,DL,2023-02-18,N
C105664,Sneha Qureshi,Vadodara,GJ,2022-11-26,Y
C105665,Kabir Kapoor,Guwahati,AS,2024-05-19,N
C105666,Dev Iyer,Jaipur,RJ,2024-09-01,Y
C105667,Karan Pawar,Visakhapatnam,AP,2024-03-28,Y
C105668,Rohan Das,Jaipur,RJ,2024-05-30,Y
C105669,Abhishek Pillai,Nashik,MH,2024-02-04,Y
C105670,Deepak Shinde,Ahmedabad,GJ,2024-01-08,N
C105671,Aishwarya Kumar,Dehradun,UK,2023-09-15,N
C105672,Krishna Desai,Dehradun,UK,2023-11-25,N
C105673,Aditya Sharma,Raipur,CG,2024-08-23,Y
C105674,Zaid Patil,Bhopal,MP,2024-06-19,N
C105675,Riya Dutta,Coimbatore,TN,2022-09-15,N
C105676,Isha Joshi,Mysuru,KA,2023-09-25,N
C105677,Megha Mathew,Raipur,CG,2023-08-18,N
C105678,Rohit Pillai,Coimbatore,TN,2024-09-18,Y
C105679,Komal Agarwal,Visakhapatnam,AP,2023-10-17,N
C105680,Manish Varghese,Chandigarh,CH,2024-12-30,Y
C105681,Rajat Bhatt,Jaipur,RJ,2023-07-26,N
C105682,Aarav Menon,Delhi,DL,2023-04-25,Y
C105683,Arjun Saxena,Gurugram,HR,2023-01-22,N
C105684,Steven Gaikwad,Gurugram,HR,2024-01-09,N
C105685,Meera Mishra,Ranchi,JH,2022-11-16,Y
C105686,Lakshmi Kulkarni,Dehradun,UK,2023-10-27,N
C105687,Vikram George,Surat,GJ,2022-08-03,Y
C105688,Pooja Bhatt,Guwahati,AS,2022-11-10,N
C105689,Manpreet Agarwal,Vadodara,GJ,2024-06-29,N
C105690,Joseph Siddiqui,Patna,BR,2023-06-01,Y
C105691,Karan Siddiqui,Thiruvananthapuram,KL,2023-01-12,N
C105692,Tarun Khan,Kolkata,WB,2023-07-28,Y
C105693,Steven Kumar,Kolkata,WB,2024-01-10,Y
C105694,Geeta Bhatia,Bengaluru,KA,2023-11-09,N
C105695,Gurpreet Sen,Raipur,CG,2024-08-02,Y
C105696,Zoya Mathew,Bhubaneswar,OR,2022-10-23,Y
C105697,Anjali Mittal,Guwahati,AS,2024-06-05,Y
C105698,Ananya Pandey,Bhopal,MP,2024-02-04,N
C105699,Zaid Patel,Jaipur,RJ,2024-11-27,N
C105700,Yash Gaikwad,Bhopal,MP,2023-11-02,N
C105701,Manish Nair,Raipur,CG,2023-06-15,N
C105702,Dev Gaikwad,Mumbai,MH,2023-10-24,Y
C105703,Riya Qureshi,Patna,BR,2023-11-17,N
C105704,Om Shinde,Dehradun,UK,2022-09-22,N
C105705,Pranav Nair,Gurugram,HR,2023-07-31,N
C105706,Vihaan Menon,Indore,MP,2023-09-07,N
C105707,Pooja Mehta,Visakhapatnam,AP,2022-09-02,N
C105708,Rajat Singh,Coimbatore,TN,2023-01-08,N
C105709,Harsh Malhotra,Coimbatore,TN,2024-02-06,N
C105710,Harsh Tiwari,Chennai,TN,2024-11-02,Y
C105711,Bhavna Yadav,Mysuru,KA,2024-07-02,N
C105712,Yash Nair,Ahmedabad,GJ,2024-03-12,N
C105713,Tenzin Mehta,Ranchi,JH,2024-06-08,N
C105714,Meera Jain,Ranchi,JH,2022-11-04,Y
C105715,Nikhil Bhatt,Chandigarh,CH,2022-07-28,N
C105716,Diya Gill,Lucknow,UP,2024-11-21,N
C105717,Imran Bhatia,Surat,GJ,2024-08-14,N
C105718,Pooja Mittal,Surat,GJ,2024-03-02,N
C105719,Joseph Goyal,Raipur,CG,2022-12-30,N
C105720,Meera Kaur,Bhubaneswar,OR,2023-10-29,N
C105721,Geeta Shinde,Nagpur,MH,2022-12-25,N
C105722,Ritika Yadav,Visakhapatnam,AP,2024-06-20,N
C105723,Kunal Mukherjee,Raipur,CG,2024-07-04,N
C105724,Thomas Roy,Raipur,CG,2024-07-16,N
C105725,Diya Sen,Mumbai,MH,2023-10-01,N
C105726,Steven Sen,Visakhapatnam,AP,2023-09-15,N
C105727,Tarun Chopra,Mumbai,MH,2022-08-04,N
C105728,Swati Kulkarni,Surat,GJ,2023-12-22,N
C105729,Rohan Kapoor,Chandigarh,CH,2022-07-25,N
C105730,Kavya Iyer,Bhopal,MP,2022-10-22,Y
C105731,Rohit Agarwal,Patna,BR,2024-04-10,Y
C105732,Lakshmi Banerjee,Guwahati,AS,2022-10-23,Y
C105733,Priya Iyer,Kochi,KL,2023-10-22,Y
C105734,Mohammed Dutta,Noida,UP,2024-08-04,N
C105735,Daniel Yadav,Chennai,TN,2024-02-17,Y
C105736,Divya Tiwari,Raipur,CG,2024-11-29,N
C105737,Sneha Roy,Dehradun,UK,2024-01-16,N
C105738,Meera Ghosh,Mysuru,KA,2024-09-21,N
C105739,Ankit Shah,Kolkata,WB,2024-05-26,N
C105740,Ishaan Pereira,Chennai,TN,2024-08-21,N
C105741,Riya Kulkarni,Patna,BR,2023-05-22,N
C105742,Ritika Gupta,Ahmedabad,GJ,2023-11-14,N
C105743,Aarav Shah,Gurugram,HR,2022-09-23,N
C105744,Megha Srivastava,Pune,MH,2024-11-23,N
C105745,Diya Patil,Patna,BR,2024-12-02,N
C105746,Kabir Jain,Mumbai,MH,2023-08-29,N
C105747,Meera Mishra,Dehradun,UK,2023-04-13,N
C105748,Arjun Ansari,Coimbatore,TN,2022-12-13,N
C105749,Manish Nair,Kolkata,WB,2023-11-21,N
C105750,Imran Ansari,Lucknow,UP,2024-03-05,N
C105751,Sameer Joshi,Kolkata,WB,2023-01-30,N
C105752,Pranav Varghese,Ranchi,JH,2024-05-06,N
C105753,Geeta Mittal,Chennai,TN,2023-11-03,Y
C105754,Meera Saxena,Ranchi,JH,2023-08-19,Y
C105755,Siddharth D'Souza,Bhopal,MP,2023-11-10,Y
C105756,Sai Chauhan,Bhubaneswar,OR,2023-05-02,N
C105757,Ankit Bhatia,Indore,MP,2024-06-07,N
C105758,Neha Patel,Patna,BR,2022-07-24,N
C105759,Karan Jadhav,Delhi,DL,2024-03-26,Y
C105760,Aadhya Ghosh,Bhopal,MP,2024-03-04,N
C105761,Om Patel,Dehradun,UK,2022-08-31,Y
C105762,Faisal Mukherjee,Dehradun,UK,2022-11-01,Y
C105763,Manish Singh,Nagpur,MH,2023-05-18,N
C105764,Aarav Patil,Mumbai,MH,2023-09-29,N
C105765,Mohammed Yadav,Dehradun,UK,2024-05-15,N
C105766,Joseph Deshpande,Delhi,DL,2024-07-15,N
C105767,Sameer Saxena,Chandigarh,CH,2023-05-11,N
C105768,Lobsang Patel,Nagpur,MH,2022-09-27,Y
C105769,Lakshmi Gupta,Jaipur,RJ,2023-04-25,N
C105770,Tanvi Pillai,Bhubaneswar,OR,2022-10-07,N
C105771,Siddharth Roy,Bengaluru,KA,2024-01-09,N
C105772,Abhishek Roy,Visakhapatnam,AP,2022-12-26,N
C105773,Neha Gaikwad,Jaipur,RJ,2024-03-16,Y
C105774,Rajat Gill,Vadodara,GJ,2022-09-03,N
C105775,Daniel Dutta,Mysuru,KA,2024-06-03,N
C105776,Zoya Gill,Dehradun,UK,2024-04-30,N
C105777,Rohan Deshpande,Surat,GJ,2024-02-28,N
C105778,Farah Sandhu,Guwahati,AS,2024-12-30,N
C105779,Siddharth Dhillon,Chennai,TN,2023-06-17,N
C105780,Varun Bansal,Ahmedabad,GJ,2023-02-28,Y
C105781,Nisha Chauhan,Hyderabad,TS,2022-08-22,Y
C105782,Abhishek Sharma,Indore,MP,2023-11-28,N
C105783,Saanvi Jadhav,Jaipur,RJ,2023-02-05,Y
C105784,Lakshmi Tiwari,Dehradun,UK,2023-03-04,N
C105785,Tenzin Yadav,Chennai,TN,2024-04-25,N
C105786,Ritika Gill,Bhubaneswar,OR,2023-11-07,Y
C105787,Amit Arora,Chandigarh,CH,2022-11-08,Y
C105788,Harsh Fernandes,Bengaluru,KA,2023-11-10,Y
C105789,Varun Mittal,Noida,UP,2022-12-23,Y
C105790,Harpreet Malhotra,Nagpur,MH,2023-04-20,Y
C105791,Amit Mathew,Coimbatore,TN,2023-11-25,N
C105792,Ritika D'Souza,Mumbai,MH,2022-08-16,Y
C105793,Manish Pillai,Ahmedabad,GJ,2022-09-09,Y
C105794,Priya Mishra,Kochi,KL,2023-01-20,Y
C105795,Abhishek Varghese,Bhubaneswar,OR,2024-05-12,Y
C105796,Karan Goyal,Gurugram,HR,2023-11-12,N
C105797,Harsh Arora,Surat,GJ,2024-09-07,N
C105798,Arjun Arora,Vadodara,GJ,2024-10-24,Y
C105799,Sai Ghosh,Bhopal,MP,2023-06-21,N
C105800,Nikhil Joshi,Pune,MH,2024-06-23,N
C105801,Karan Deshpande,Mumbai,MH,2023-12-16,N
C105802,Pranav Gupta,Thiruvananthapuram,KL,2023-11-09,N
C105803,Harpreet Nair,Ahmedabad,GJ,2022-10-10,Y
C105804,Komal Pillai,Jaipur,RJ,2024-11-07,N
C105805,Daniel Qureshi,Nagpur,MH,2022-12-10,Y
C105806,Arjun Siddiqui,Surat,GJ,2024-08-11,Y
C105807,Steven Agarwal,Kolkata,WB,2024-12-23,N
C105808,Nikhil Bansal,Hyderabad,TS,2022-09-03,N
C105809,Swati Rathore,Hyderabad,TS,2023-02-02,N
C105810,Meera Deshpande,Dehradun,UK,2023-06-03,N
C105811,Sukhwinder Mukherjee,Chennai,TN,2023-05-03,N
C105812,Om Mittal,Patna,BR,2023-02-18,N
C105813,Rajat Deshpande,Bhopal,MP,2023-10-24,Y
C105814,Amit Pandey,Kolkata,WB,2024-04-19,Y
C105815,Kabir Dutta,Coimbatore,TN,2023-05-21,N
C105816,Pooja Srivastava,Jaipur,RJ,2024-04-20,Y
C105817,Faisal Verma,Jaipur,RJ,2024-11-28,N
C105818,Suresh Verma,Nagpur,MH,2022-08-17,N
C105819,Kavya Kumar,Guwahati,AS,2024-05-22,Y
C105820,Abhishek Jain,Dehradun,UK,2023-11-25,N
C105821,Anjali Joshi,Pune,MH,2024-11-14,Y
C105822,Rohan Singh,Indore,MP,2023-09-29,Y
C105823,Ramesh Srivastava,Pune,MH,2022-10-14,N
C105824,Suresh Menon,Chandigarh,CH,2023-04-20,N
C105825,Zoya Srivastava,Bhubaneswar,OR,2024-06-28,Y
C105826,Ishaan Jain,Guwahati,AS,2022-11-28,N
C105827,Jaspreet Chatterjee,Delhi,DL,2024-07-02,N
C105828,Aadhya Chopra,Gurugram,HR,2024-06-05,Y
C105829,Deepak Mathew,Coimbatore,TN,2023-11-19,N
C105830,Zoya Kaur,Nashik,MH,2022-08-27,N
C105831,Harpreet Tiwari,Raipur,CG,2023-08-03,N
C105832,Zoya Saxena,Chennai,TN,2022-10-28,Y
C105833,Deepak Yadav,Bhopal,MP,2023-11-25,N
C105834,Sunita Sharma,Indore,MP,2024-02-06,N
C105835,Manish Siddiqui,Noida,UP,2023-11-13,N
C105836,Manish Shinde,Lucknow,UP,2023-07-21,N
C105837,Abhishek Trivedi,Lucknow,UP,2023-02-03,N
C105838,Aarav George,Chandigarh,CH,2023-06-15,N
C105839,Meera Pawar,Gurugram,HR,2024-02-06,N
C105840,Deepak Bansal,Bengaluru,KA,2023-07-19,N
C105841,Lobsang Arora,Kochi,KL,2024-03-13,N
C105842,Komal Fernandes,Ahmedabad,GJ,2024-03-27,N
C105843,Rohit Pillai,Kochi,KL,2024-12-19,N
C105844,Amit Roy,Mumbai,MH,2024-05-28,N
C105845,Daniel Qureshi,Guwahati,AS,2023-06-04,N
C105846,Neha Sen,Ahmedabad,GJ,2024-06-13,N
C105847,Priya Chopra,Chandigarh,CH,2023-12-17,N
C105848,Farah Sandhu,Gurugram,HR,2024-06-11,N
C105849,Payal Chauhan,Hyderabad,TS,2024-10-24,N
C105850,Geeta George,Gurugram,HR,2022-09-25,N
C105851,Gurpreet Goyal,Jaipur,RJ,2023-08-18,N
C105852,Saanvi Qureshi,Lucknow,UP,2022-08-05,N
C105853,Diya Gill,Vadodara,GJ,2023-08-07,Y
C105854,Yash Mathew,Dehradun,UK,2023-05-14,N
C105855,Ananya Siddiqui,Pune,MH,2022-08-19,Y
C105856,Rohit Chatterjee,Bhubaneswar,OR,2023-08-09,N
C105857,Komal Sandhu,Visakhapatnam,AP,2024-06-30,N
C105858,Kabir Roy,Chennai,TN,2023-08-27,N
C105859,Isha Patil,Coimbatore,TN,2022-10-16,N
C105860,Zaid Jain,Indore,MP,2024-02-02,N
C105861,Vikram Kulkarni,Raipur,CG,2024-06-23,N
C105862,Varun Dutta,Nagpur,MH,2023-08-24,Y
C105863,Komal Mittal,Mysuru,KA,2024-06-09,N
C105864,Gurpreet Sen,Patna,BR,2023-06-03,Y
C105865,Siddharth Fernandes,Noida,UP,2024-12-11,N
C105866,Ayaan Shah,Thiruvananthapuram,KL,2023-09-14,N
C105867,Daniel Shinde,Surat,GJ,2022-08-01,N
C105868,Meera Kulkarni,Coimbatore,TN,2023-07-27,Y
C105869,Vihaan Menon,Patna,BR,2022-12-01,N
C105870,Yash Mehta,Dehradun,UK,2023-12-31,N
C105871,Pooja Pandey,Thiruvananthapuram,KL,2024-01-21,Y
C105872,Abhishek Reddy,Surat,GJ,2023-07-22,N
C105873,Kabir Yadav,Raipur,CG,2022-09-04,N
C105874,Tarun Tiwari,Ahmedabad,GJ,2023-12-15,Y
C105875,Sai Das,Mysuru,KA,2023-03-03,N
C105876,Thomas Gaikwad,Noida,UP,2022-12-26,N
C105877,Tarun Reddy,Coimbatore,TN,2024-07-12,N
C105878,Bhavna Sethi,Lucknow,UP,2023-03-18,Y
C105879,Faisal Srivastava,Lucknow,UP,2024-01-09,Y
C105880,Ankit Saxena,Nashik,MH,2022-07-27,Y
C105881,Amit Dhillon,Ranchi,JH,2024-12-16,N
C105882,Imran Bose,Coimbatore,TN,2024-02-08,Y
C105883,Farah Bose,Dehradun,UK,2024-08-02,N
C105884,Pranav Siddiqui,Delhi,DL,2022-10-30,N
C105885,Lobsang D'Souza,Kolkata,WB,2024-11-02,N
C105886,Kavya Desai,Raipur,CG,2023-05-27,N
C105887,Joseph Bhatia,Guwahati,AS,2024-01-01,N
C105888,Saanvi Rao,Bengaluru,KA,2023-03-24,Y
C105889,Diya Ansari,Nashik,MH,2022-07-17,Y
C105890,Om Mishra,Raipur,CG,2023-10-06,Y
C105891,Harsh Shah,Patna,BR,2022-12-23,Y
C105892,Deepak Yadav,Gurugram,HR,2024-03-05,N
C105893,Divya Khan,Pune,MH,2024-06-27,N
C105894,Vikram Kapoor,Jaipur,RJ,2024-11-13,N
C105895,Swati Chatterjee,Dehradun,UK,2024-11-07,N
C105896,Ananya Kaur,Coimbatore,TN,2022-07-26,N
C105897,Abhishek Fernandes,Mysuru,KA,2024-07-13,N
C105898,Amit Iyer,Bhopal,MP,2024-10-06,Y
C105899,Thomas Kapoor,Ranchi,JH,2022-12-24,N
C105900,Ankit Bhatt,Ranchi,JH,2023-01-26,N
C105901,Rohit Jadhav,Indore,MP,2023-01-07,Y
C105902,Harsh Saxena,Guwahati,AS,2023-01-07,Y
C105903,Bhavna Joshi,Gurugram,HR,2023-06-12,N
C105904,Zaid Mishra,Jaipur,RJ,2024-12-07,N
C105905,Manish Ghosh,Nashik,MH,2023-04-05,N
C105906,Vihaan Nair,Patna,BR,2022-11-18,N
C105907,Ishaan Chatterjee,Ahmedabad,GJ,2022-09-19,Y
C105908,Rohan Naidu,Pune,MH,2024-02-25,N
C105909,Yash Siddiqui,Nashik,MH,2022-08-29,Y
C105910,Ankit Deshpande,Raipur,CG,2023-03-24,N
C105911,Om Tiwari,Guwahati,AS,2022-09-14,N
C105912,Rohan Khanna,Ranchi,JH,2023-12-12,Y
C105913,Tarun Chauhan,Thiruvananthapuram,KL,2024-11-02,N
C105914,Meera Mehta,Bhubaneswar,OR,2024-03-27,N
C105915,Zaid Ghosh,Bhubaneswar,OR,2024-04-04,Y
C105916,Imran Kapoor,Surat,GJ,2024-04-03,Y
C105917,Sai Kumar,Nashik,MH,2024-05-04,N
C105918,Mohammed Mittal,Chennai,TN,2024-10-04,N
C105919,Riya Naidu,Mumbai,MH,2022-12-03,N
C105920,Kavya Pawar,Patna,BR,2023-03-16,N
C105921,Lobsang Joshi,Nagpur,MH,2023-09-26,N
C105922,Aarav Mittal,Raipur,CG,2024-05-22,Y
C105923,Steven Bansal,Gurugram,HR,2024-03-28,Y
C105924,Aishwarya Singh,Guwahati,AS,2024-04-22,N
C105925,Vivaan Das,Patna,BR,2024-05-30,N
C105926,Gurpreet Jain,Raipur,CG,2022-10-29,N
C105927,Tarun Gupta,Gurugram,HR,2024-04-21,Y
C105928,Suresh Saxena,Mumbai,MH,2023-03-29,N
C105929,Diya Mukherjee,Nashik,MH,2024-04-19,Y
C105930,Mohammed Pandey,Kochi,KL,2022-08-08,N
C105931,Kunal Khanna,Visakhapatnam,AP,2022-10-13,N
C105932,Shreya Patel,Indore,MP,2024-03-09,N
C105933,Kunal Saxena,Delhi,DL,2024-03-15,N
C105934,Neha Siddiqui,Bengaluru,KA,2023-11-11,N
C105935,Ananya Khanna,Kolkata,WB,2023-11-20,N
C105936,Amit Singh,Visakhapatnam,AP,2023-08-27,N
C105937,Sai Fernandes,Chandigarh,CH,2022-10-31,Y
C105938,Vihaan Sharma,Delhi,DL,2024-10-26,Y
C105939,Harpreet Jain,Guwahati,AS,2022-12-27,Y
C105940,Rohit Trivedi,Nagpur,MH,2022-10-09,N
C105941,Vikram Tiwari,Noida,UP,2022-09-26,N
C105942,Kabir Reddy,Patna,BR,2024-07-06,N
C105943,Lobsang Sandhu,Bengaluru,KA,2024-10-01,Y
C105944,Aadhya Siddiqui,Vadodara,GJ,2024-05-17,N
C105945,Nikhil Bansal,Chandigarh,CH,2023-03-05,N
C105946,Meera Banerjee,Bhubaneswar,OR,2023-05-03,N
C105947,Riya Shah,Chennai,TN,2023-10-29,N
C105948,Komal Pereira,Vadodara,GJ,2024-06-12,Y
C105949,Reyansh Menon,Chennai,TN,2024-01-06,Y
C105950,Tanvi Shah,Kochi,KL,2024-04-01,N
C105951,Reyansh Mittal,Coimbatore,TN,2023-04-22,N
C105952,Geeta Ghosh,Indore,MP,2024-07-02,N
C105953,Geeta D'Souza,Visakhapatnam,AP,2023-07-09,N
C105954,Harpreet Khanna,Chennai,TN,2024-02-03,N
C105955,Sai Trivedi,Thiruvananthapuram,KL,2022-11-11,N
C105956,Zoya Agarwal,Chandigarh,CH,2022-10-06,Y
C105957,Kunal Agarwal,Guwahati,AS,2024-10-29,N
C105958,Reyansh Shinde,Raipur,CG,2024-07-06,N
C105959,Deepak Ghosh,Mysuru,KA,2023-04-07,N
C105960,Lakshmi Jain,Mumbai,MH,2022-12-07,N
C105961,Mohammed Sen,Pune,MH,2023-10-26,N
C105962,Lakshmi Chatterjee,Coimbatore,TN,2024-06-01,N
C105963,Amit Bansal,Chandigarh,CH,2024-03-15,N
C105964,Rohan Pillai,Chennai,TN,2024-08-06,N
C105965,Yash Kapoor,Mumbai,MH,2023-10-10,Y
C105966,Faisal Deshpande,Raipur,CG,2022-09-23,N
C105967,Riya Singh,Raipur,CG,2023-05-06,N
C105968,Nisha Menon,Indore,MP,2024-07-01,N
C105969,Kavya Mukherjee,Surat,GJ,2024-12-29,N
C105970,Lobsang Mishra,Bhopal,MP,2024-07-08,Y
C105971,Krishna Singh,Dehradun,UK,2023-02-17,N
C105972,Pranav Naidu,Mysuru,KA,2022-07-27,N
C105973,Riya Pillai,Vadodara,GJ,2022-07-31,N
C105974,Pranav Khanna,Bhubaneswar,OR,2022-10-04,N
C105975,Ishaan Mittal,Patna,BR,2024-06-05,N
C105976,Faisal Mathew,Jaipur,RJ,2023-04-10,Y
C105977,Rohan Mittal,Bengaluru,KA,2023-02-16,Y
C105978,Aarav Pillai,Chennai,TN,2024-11-29,N
C105979,Karan Bhatt,Mumbai,MH,2024-01-23,N
C105980,Amit Kapoor,Coimbatore,TN,2023-01-04,N
C105981,Rohit Kaur,Nagpur,MH,2023-03-26,N
C105982,Kunal Dutta,Bengaluru,KA,2024-01-19,Y
C105983,Saanvi Dhillon,Hyderabad,TS,2023-12-12,N
C105984,Manpreet Dhillon,Vadodara,GJ,2024-08-18,N
C105985,Deepak Bhatt,Guwahati,AS,2023-01-08,Y
C105986,Vikram Sethi,Delhi,DL,2023-02-15,N
C105987,Lobsang Dhillon,Ahmedabad,GJ,2024-06-20,Y
C105988,Aadhya Arora,Chandigarh,CH,2023-03-11,Y
C105989,Harpreet Patil,Mysuru,KA,2024-04-08,N
C105990,Neha Reddy,Mysuru,KA,2022-11-17,N
C105991,Anjali Iyer,Chennai,TN,2023-02-08,N
C105992,Nikhil Bhatt,Thiruvananthapuram,KL,2024-11-25,N
C105993,Divya Dhillon,Hyderabad,TS,2022-11-29,N
C105994,Pooja Iyer,Ahmedabad,GJ,2022-10-17,N
C105995,Joseph Kapoor,Ahmedabad,GJ,2024-11-01,N
C105996,Geeta Kaur,Kochi,KL,2022-10-28,N
C105997,Zoya Ghosh,Nagpur,MH,2024-01-29,Y
C105998,Suresh Khan,Guwahati,AS,2024-08-22,Y
C105999,Sameer Das,Chandigarh,CH,2023-10-05,N
C106000,Ananya Desai,Delhi,DL,2024-06-21,Y
C106001,Rajat Ghosh,Mumbai,MH,2024-10-21,N
C106002,Tarun Bose,Vadodara,GJ,2023-05-19,N
C106003,Tanvi Deshpande,Visakhapatnam,AP,2024-08-18,N
C106004,Tenzin Tiwari,Delhi,DL,2022-10-21,Y
C106005,Rahul Srivastava,Hyderabad,TS,2024-08-30,N
C106006,Sukhwinder Reddy,Chandigarh,CH,2023-06-08,Y
C106007,Geeta Joshi,Hyderabad,TS,2023-08-15,N
C106008,Geeta Nair,Raipur,CG,2024-04-18,N
C106009,Mohammed Gill,Ranchi,JH,2023-07-01,N
C106010,Thomas Sheikh,Thiruvananthapuram,KL,2023-07-26,N
C106011,Pooja Srivastava,Mysuru,KA,2024-12-24,N
C106012,Ishaan Jain,Raipur,CG,2022-10-20,Y
C106013,Divya Iyer,Surat,GJ,2024-07-07,N
C106014,Suresh Gupta,Gurugram,HR,2023-10-16,Y
C106015,Anjali Bansal,Bhubaneswar,OR,2024-07-20,N
C106016,Gurpreet Chatterjee,Ranchi,JH,2022-11-08,N
C106017,Dev Verma,Bhopal,MP,2023-10-22,N
C106018,Pranav Banerjee,Surat,GJ,2023-05-06,N
C106019,Sameer Chopra,Dehradun,UK,2023-06-08,N
C106020,Geeta Sethi,Ranchi,JH,2024-03-08,N
C106021,Zaid Reddy,Jaipur,RJ,2023-12-26,Y
C106022,Nisha Iyer,Bengaluru,KA,2022-11-05,N
C106023,Arjun Mishra,Mumbai,MH,2022-11-04,N
C106024,Tarun D'Souza,Kolkata,WB,2023-06-15,Y
C106025,Zaid Mehta,Guwahati,AS,2023-07-24,Y
C106026,Isha Qureshi,Bhopal,MP,2024-11-04,N
C106027,Rajat Qureshi,Dehradun,UK,2023-04-27,N
C106028,Diya Trivedi,Pune,MH,2023-10-17,N
C106029,Sunita Rathore,Bhubaneswar,OR,2023-09-12,N
C106030,Tanvi Mathew,Lucknow,UP,2022-10-07,N
C106031,Dev Mathew,Raipur,CG,2023-07-23,N
C106032,Imran Singh,Jaipur,RJ,2024-12-30,Y
C106033,Abhishek Das,Nashik,MH,2023-11-23,Y
C106034,Yash Sheikh,Thiruvananthapuram,KL,2024-04-10,N
C106035,Imran Agarwal,Vadodara,GJ,2023-12-19,Y
C106036,Arjun Menon,Mumbai,MH,2023-06-16,N
C106037,Joseph Goyal,Vadodara,GJ,2024-09-11,N
C106038,Priya Mishra,Ahmedabad,GJ,2024-11-24,N
C106039,Pooja Sheikh,Kolkata,WB,2023-10-23,N
C106040,Aditya George,Coimbatore,TN,2023-11-27,N
C106041,Diya Deshpande,Chandigarh,CH,2024-01-01,N
C106042,Nisha Gaikwad,Gurugram,HR,2023-02-23,N
C106043,Ananya Sharma,Ranchi,JH,2023-05-19,N
C106044,Steven Pillai,Surat,GJ,2023-12-26,Y
C106045,Nikhil Kapoor,Indore,MP,2023-10-06,N
C106046,Vihaan Tiwari,Chennai,TN,2023-02-13,N
C106047,Ishaan Kapoor,Mysuru,KA,2022-07-21,N
C106048,Suresh Singh,Pune,MH,2023-12-21,N
C106049,Imran Patel,Nashik,MH,2024-06-04,N
C106050,Zoya Varghese,Dehradun,UK,2023-10-27,N
C106051,Pranav Sethi,Delhi,DL,2024-06-09,N
C106052,Krishna George,Chandigarh,CH,2022-08-19,N
C106053,Aarav Nair,Nashik,MH,2024-07-06,Y
C106054,Tarun Shah,Lucknow,UP,2024-12-30,N
C106055,Aditya George,Ahmedabad,GJ,2022-11-18,N
C106056,Nikhil Tiwari,Thiruvananthapuram,KL,2022-08-15,N
C106057,Simran Bhatia,Mumbai,MH,2024-03-08,Y
C106058,Varun Banerjee,Kochi,KL,2022-08-24,N
C106059,Rohan Menon,Ahmedabad,GJ,2022-12-05,N
C106060,Anjali Pawar,Chennai,TN,2023-07-23,N
C106061,Bhavna Das,Lucknow,UP,2023-11-10,N
C106062,Gurpreet Jadhav,Lucknow,UP,2022-11-11,N
C106063,Megha Bansal,Hyderabad,TS,2023-02-06,Y
C106064,Om Gill,Coimbatore,TN,2023-10-03,Y
C106065,Tarun Sethi,Lucknow,UP,2023-05-15,N
C106066,Vikram Jain,Visakhapatnam,AP,2023-05-21,N
C106067,Zoya Khan,Ahmedabad,GJ,2023-08-23,N
C106068,Aishwarya Chopra,Chennai,TN,2023-09-14,N
C106069,Pranav Patel,Delhi,DL,2023-08-05,N
C106070,Harsh Mehta,Noida,UP,2023-08-25,N
C106071,Lobsang Naidu,Bengaluru,KA,2022-09-13,Y
C106072,Rohan Pawar,Surat,GJ,2023-04-28,N
C106073,Pooja Varghese,Guwahati,AS,2023-04-19,N
C106074,Krishna Bose,Nagpur,MH,2023-11-11,Y
C106075,Anjali Khanna,Chennai,TN,2023-09-28,Y
C106076,Aditya Kulkarni,Dehradun,UK,2023-05-18,N
C106077,Diya Bhatt,Surat,GJ,2024-08-01,N
C106078,Swati Chauhan,Delhi,DL,2023-08-11,Y
C106079,Amit Mishra,Mysuru,KA,2024-09-06,N
C106080,Abhishek Tiwari,Pune,MH,2022-08-24,Y
C106081,Payal Sen,Chennai,TN,2023-09-02,N
C106082,Ankit Nair,Surat,GJ,2023-11-20,Y
C106083,Joseph Yadav,Visakhapatnam,AP,2023-05-02,N
C106084,Komal Sandhu,Pune,MH,2024-10-07,N
C106085,Kabir Pillai,Coimbatore,TN,2024-10-16,N
C106086,Thomas Kulkarni,Chandigarh,CH,2024-06-13,N
C106087,Bhavna Varghese,Noida,UP,2024-10-05,Y
C106088,Reyansh Mishra,Gurugram,HR,2023-11-22,N
C106089,Ankit Siddiqui,Vadodara,GJ,2023-03-24,N
C106090,Isha Mittal,Jaipur,RJ,2024-11-05,N
C106091,Vivaan Dutta,Thiruvananthapuram,KL,2024-03-19,N
C106092,Aditya Sheikh,Ahmedabad,GJ,2023-10-12,N
C106093,Ananya Mishra,Raipur,CG,2024-03-09,Y
C106094,Kabir Qureshi,Hyderabad,TS,2023-01-05,N
C106095,Priya Iyer,Jaipur,RJ,2024-08-28,N
C106096,Payal Siddiqui,Coimbatore,TN,2023-07-31,Y
C106097,Vihaan Shinde,Ahmedabad,GJ,2022-10-13,Y
C106098,Amit Pillai,Bhubaneswar,OR,2023-02-16,N
C106099,Farah Naidu,Thiruvananthapuram,KL,2023-04-08,N
C106100,Vihaan Yadav,Visakhapatnam,AP,2023-02-09,Y
C106101,Bhavna Agarwal,Lucknow,UP,2022-10-31,N
C106102,Meera Pereira,Ranchi,JH,2023-02-14,N
C106103,Shreya Chatterjee,Guwahati,AS,2022-11-17,Y
C106104,Aarav George,Patna,BR,2023-02-17,N
C106105,Abhishek Chauhan,Nashik,MH,2023-07-18,Y
C106106,Riya Gill,Jaipur,RJ,2023-06-17,Y
C106107,Thomas Goyal,Indore,MP,2024-07-19,N
C106108,Divya Arora,Nagpur,MH,2024-03-24,N
C106109,Lakshmi Sethi,Bhubaneswar,OR,2023-05-08,Y
C106110,Aditya Chopra,Pune,MH,2024-12-28,N
C106111,Pooja Kumar,Kochi,KL,2023-08-21,N
C106112,Vikram Arora,Kolkata,WB,2024-10-02,N
C106113,Tenzin Patel,Ahmedabad,GJ,2023-07-05,N
C106114,Ishaan Saxena,Noida,UP,2022-11-11,Y
C106115,Manish Bhatia,Pune,MH,2024-06-10,Y
C106116,Ramesh Joshi,Nashik,MH,2024-08-30,N
C106117,Riya Tiwari,Kolkata,WB,2023-05-27,Y
C106118,Zaid Pandey,Surat,GJ,2022-10-22,N
C106119,Aarav Mittal,Chennai,TN,2023-09-19,N
C106120,Dev Kumar,Raipur,CG,2023-11-13,N
C106121,Thomas Ansari,Nagpur,MH,2024-08-01,N
C106122,Rohan Fernandes,Kolkata,WB,2024-07-31,Y
C106123,Karan Gupta,Mysuru,KA,2023-10-15,Y
C106124,Rahul Khan,Nashik,MH,2023-07-06,N
C106125,Isha Trivedi,Dehradun,UK,2024-09-27,N
C106126,Thomas Chatterjee,Patna,BR,2023-01-25,Y
C106127,Nikhil George,Nagpur,MH,2024-11-26,Y
C106128,Abhishek Banerjee,Kochi,KL,2024-06-22,N
C106129,Zaid Pawar,Raipur,CG,2024-09-10,N
C106130,Harsh Kaur,Gurugram,HR,2022-11-25,N
C106131,Simran Shah,Bhubaneswar,OR,2024-08-27,N
C106132,Komal Singh,Dehradun,UK,2023-03-09,N
C106133,Vihaan Mehta,Thiruvananthapuram,KL,2023-04-16,N
C106134,Rahul Mukherjee,Raipur,CG,2022-09-21,N
C106135,Simran Rathore,Kochi,KL,2024-12-07,Y
C106136,Tenzin Gupta,Guwahati,AS,2024-08-06,Y
C106137,Zoya Mathew,Indore,MP,2024-06-15,Y
C106138,Nisha Mittal,Chennai,TN,2023-10-09,Y
C106139,Aadhya Malhotra,Guwahati,AS,2024-07-15,N
C106140,Anjali Rathore,Guwahati,AS,2023-03-25,N
C106141,Payal Pereira,Indore,MP,2023-05-22,N
C106142,Imran Khanna,Nashik,MH,2024-04-10,Y
C106143,Amit Bhatia,Pune,MH,2022-09-01,Y
C106144,Farah Srivastava,Gurugram,HR,2023-04-17,N
C106145,Joseph Rao,Jaipur,RJ,2024-09-23,Y
C106146,Tenzin Khan,Delhi,DL,2022-12-14,N
C106147,Rohit Banerjee,Nashik,MH,2024-06-13,N
C106148,Simran Sharma,Mysuru,KA,2023-08-01,N
C106149,Tanvi Jain,Noida,UP,2022-10-02,Y
C106150,Bhavna Mathew,Jaipur,RJ,2022-09-14,N
C106151,Divya Shinde,Kochi,KL,2024-11-11,N
C106152,Kunal Banerjee,Dehradun,UK,2023-06-10,N
C106153,Rahul Yadav,Surat,GJ,2024-10-19,Y
C106154,Aishwarya Sandhu,Bengaluru,KA,2024-04-25,N
C106155,Ramesh Dhillon,Lucknow,UP,2024-05-06,Y
C106156,Diya Shinde,Nagpur,MH,2023-10-02,Y
C106157,Mohammed Singh,Raipur,CG,2023-01-12,N
C106158,Rahul Chopra,Indore,MP,2024-04-21,N
C106159,Thomas Nair,Dehradun,UK,2024-07-14,N
C106160,Suresh Sandhu,Coimbatore,TN,2023-09-01,Y
C106161,Ankit Mittal,Vadodara,GJ,2022-11-29,N
C106162,Ayaan Mittal,Raipur,CG,2023-05-26,Y
C106163,Sunita Bose,Bengaluru,KA,2024-07-16,N
C106164,Daniel Banerjee,Indore,MP,2023-04-27,Y
C106165,Aishwarya Mittal,Lucknow,UP,2024-11-05,N
C106166,Harpreet Shah,Hyderabad,TS,2024-01-12,Y
C106167,Megha Singh,Kolkata,WB,2024-09-11,N
C106168,Nikhil Mathew,Mysuru,KA,2024-05-24,N
C106169,Abhishek Ghosh,Jaipur,RJ,2024-09-08,Y
C106170,Aarav Dutta,Gurugram,HR,2024-10-20,N
C106171,Manpreet Ansari,Mysuru,KA,2023-02-25,N
C106172,Krishna Chopra,Noida,UP,2023-03-05,Y
C106173,Tanvi Kapoor,Jaipur,RJ,2022-10-04,N
C106174,Simran Patil,Ranchi,JH,2023-12-31,Y
C106175,Aarav Qureshi,Bengaluru,KA,2022-08-05,Y
C106176,Krishna Khanna,Mumbai,MH,2024-06-27,Y
C106177,Sunita Sen,Nagpur,MH,2022-10-31,N
C106178,Abhishek Verma,Patna,BR,2022-11-14,N
C106179,Rohit Pawar,Hyderabad,TS,2024-01-09,N
C106180,Vikram Pillai,Dehradun,UK,2024-10-03,Y
C106181,Aadhya Malhotra,Nagpur,MH,2023-12-16,Y
C106182,Nisha Jadhav,Nagpur,MH,2023-08-12,N
C106183,Diya Chauhan,Visakhapatnam,AP,2024-08-23,N
C106184,Reyansh Yadav,Mumbai,MH,2023-06-13,N
C106185,Aishwarya Kulkarni,Raipur,CG,2024-12-22,N
C106186,Kavya Jain,Bengaluru,KA,2022-10-21,N
C106187,Zoya Khanna,Guwahati,AS,2022-09-17,N
C106188,Aarav Shah,Noida,UP,2023-02-08,N
C106189,Harsh Verma,Gurugram,HR,2022-11-15,Y
C106190,Harpreet Iyer,Thiruvananthapuram,KL,2022-11-12,Y
C106191,Ritika Desai,Ahmedabad,GJ,2023-05-14,Y
C106192,Kavya Sharma,Gurugram,HR,2024-12-28,Y
C106193,Arjun Iyer,Chandigarh,CH,2024-12-10,N
C106194,Sukhwinder Mishra,Surat,GJ,2024-07-12,N
C106195,Faisal Menon,Mysuru,KA,2024-03-14,N
C106196,Payal Rao,Gurugram,HR,2023-02-19,Y
C106197,Aadhya Rathore,Patna,BR,2022-12-03,N
C106198,Rahul Menon,Chennai,TN,2024-07-22,N
C106199,Geeta Mathew,Kochi,KL,2024-08-07,N
C106200,Harpreet Pandey,Ranchi,JH,2024-07-03,N
C106201,Dev Pawar,Ranchi,JH,2023-11-24,N
C106202,Shreya Fernandes,Kolkata,WB,2024-07-25,Y
C106203,Vikram George,Ahmedabad,GJ,2023-02-19,N
C106204,Varun Sharma,Bengaluru,KA,2023-02-21,N
C106205,Krishna Saxena,Bhubaneswar,OR,2023-08-05,N
C106206,Tarun Sheikh,Mumbai,MH,2022-10-25,N
C106207,Sneha Bansal,Coimbatore,TN,2024-12-22,N
C106208,Kabir Deshpande,Chandigarh,CH,2023-02-26,Y
C106209,Kabir Joshi,Dehradun,UK,2022-11-14,Y
C106210,Varun Gill,Patna,BR,2024-02-16,N
C106211,Kavya Kulkarni,Delhi,DL,2024-10-24,N
C106212,Nisha Chatterjee,Chandigarh,CH,2024-01-26,N
C106213,Lobsang Pillai,Jaipur,RJ,2022-10-10,N
C106214,Swati Mittal,Mumbai,MH,2024-10-28,Y
C106215,Ananya Arora,Nashik,MH,2022-08-09,N
C106216,Tarun Trivedi,Ahmedabad,GJ,2023-03-14,N
C106217,Jaspreet Gaikwad,Noida,UP,2024-01-27,Y
C106218,Gurpreet George,Thiruvananthapuram,KL,2023-02-20,Y
C106219,Komal Pillai,Mysuru,KA,2024-06-21,N
C106220,Arjun Chauhan,Mumbai,MH,2023-01-23,N
C106221,Simran Mukherjee,Coimbatore,TN,2024-08-18,Y
C106222,Payal Agarwal,Surat,GJ,2023-08-10,N
C106223,Vivaan Mishra,Kolkata,WB,2023-12-10,Y
C106224,Om Gupta,Surat,GJ,2024-09-16,N
C106225,Isha Chatterjee,Pune,MH,2022-12-01,N
C106226,Ankit Saxena,Patna,BR,2024-08-29,N
C106227,Kabir Pereira,Visakhapatnam,AP,2023-04-17,Y
C106228,Farah Patel,Guwahati,AS,2022-08-16,N
C106229,Varun Chopra,Ranchi,JH,2023-02-27,N
C106230,Gurpreet Jadhav,Chandigarh,CH,2024-07-27,N
C106231,Isha Dutta,Jaipur,RJ,2023-11-23,Y
C106232,Imran Khan,Bhopal,MP,2022-07-30,Y
C106233,Sneha Jain,Delhi,DL,2023-07-05,N
C106234,Tarun Goyal,Mumbai,MH,2022-10-02,Y
C106235,Vivaan Khan,Bhubaneswar,OR,2023-01-03,N
C106236,Aditya Patil,Raipur,CG,2022-10-15,N
C106237,Nikhil Menon,Patna,BR,2022-11-22,N
C106238,Joseph Gill,Hyderabad,TS,2024-08-04,N
C106239,Rahul Ansari,Nagpur,MH,2024-08-07,N
C106240,Ishaan Joshi,Gurugram,HR,2024-09-03,N
C106241,Lobsang D'Souza,Delhi,DL,2023-07-17,N
C106242,Geeta Kumar,Guwahati,AS,2024-09-10,N
C106243,Kavya Kapoor,Hyderabad,TS,2023-04-26,Y
C106244,Reyansh Sethi,Kochi,KL,2024-03-11,Y
C106245,Rohan Gaikwad,Bengaluru,KA,2022-08-01,N
C106246,Nisha Sheikh,Kochi,KL,2023-11-10,N
C106247,Saanvi Khanna,Bhopal,MP,2024-09-25,N
C106248,Harpreet Qureshi,Raipur,CG,2023-07-20,N
C106249,Ritika Rao,Delhi,DL,2024-06-21,N
C106250,Harpreet Deshpande,Dehradun,UK,2024-03-22,Y
C106251,Meera Arora,Guwahati,AS,2023-03-21,N
C106252,Bhavna Mishra,Pune,MH,2023-09-13,N
C106253,Karan Kaur,Kolkata,WB,2024-02-21,N
C106254,Thomas Tiwari,Vadodara,GJ,2022-10-17,Y
C106255,Abhishek Sandhu,Kolkata,WB,2024-11-28,Y
C106256,Diya Sheikh,Patna,BR,2024-10-18,Y
C106257,Swati Kaur,Indore,MP,2023-02-10,N
C106258,Nikhil Pawar,Chandigarh,CH,2023-01-27,N
C106259,Karan Jadhav,Chennai,TN,2023-11-09,N
C106260,Karan Bhatia,Bengaluru,KA,2023-01-21,N
C106261,Kavya Saxena,Visakhapatnam,AP,2024-10-23,N
C106262,Om Yadav,Pune,MH,2022-07-29,N
C106263,Zaid Rao,Gurugram,HR,2022-11-30,N
C106264,Arjun Srivastava,Vadodara,GJ,2024-12-09,N
C106265,Karan Sharma,Guwahati,AS,2022-11-29,N
C106266,Nikhil Desai,Surat,GJ,2024-03-04,N
C106267,Saanvi Yadav,Bengaluru,KA,2023-04-02,Y
C106268,Ayaan Sandhu,Thiruvananthapuram,KL,2024-10-05,N
C106269,Steven Jadhav,Chennai,TN,2023-02-13,N
C106270,Aarav Bansal,Visakhapatnam,AP,2024-08-08,N
C106271,Payal George,Noida,UP,2024-09-11,Y
C106272,Sai Gaikwad,Coimbatore,TN,2023-12-16,Y
C106273,Komal Srivastava,Mumbai,MH,2022-09-25,Y
C106274,Farah Pawar,Surat,GJ,2023-02-27,Y
C106275,Ananya Malhotra,Indore,MP,2022-11-14,N
C106276,Rahul Pandey,Surat,GJ,2024-08-29,N
C106277,Meera Sethi,Thiruvananthapuram,KL,2024-10-02,N
C106278,Daniel Varghese,Thiruvananthapuram,KL,2024-10-31,N
C106279,Kabir Kulkarni,Pune,MH,2024-10-01,Y
C106280,Harpreet Srivastava,Jaipur,RJ,2022-10-16,Y
C106281,Pooja Pillai,Delhi,DL,2024-05-04,Y
C106282,Isha Shinde,Chandigarh,CH,2024-09-20,Y
C106283,Dev Rao,Delhi,DL,2023-09-25,N
C106284,Riya Bose,Noida,UP,2023-05-07,N
C106285,Nisha Roy,Jaipur,RJ,2023-02-16,N
C106286,Joseph Ansari,Kolkata,WB,2024-11-09,N
C106287,Imran Trivedi,Gurugram,HR,2024-07-13,Y
C106288,Zaid Mukherjee,Surat,GJ,2023-08-11,Y
C106289,Faisal Kaur,Vadodara,GJ,2023-08-01,N
C106290,Kavya Chatterjee,Surat,GJ,2022-08-02,N
C106291,Farah Joshi,Noida,UP,2023-12-22,Y
C106292,Aarav Mittal,Bengaluru,KA,2022-09-15,N
C106293,Joseph Joshi,Bengaluru,KA,2022-11-05,N
C106294,Swati Shah,Kochi,KL,2022-07-18,Y
C106295,Krishna Bansal,Noida,UP,2023-11-25,N
C106296,Ishaan Patel,Bhubaneswar,OR,2024-09-26,Y
C106297,Sunita George,Mysuru,KA,2023-07-07,Y
C106298,Neha Saxena,Mumbai,MH,2024-07-27,Y
C106299,Ayaan Verma,Gurugram,HR,2022-08-30,N
C106300,Arjun Shinde,Kolkata,WB,2024-09-05,N
C106301,Deepak Jain,Guwahati,AS,2024-11-28,N
C106302,Ananya D'Souza,Indore,MP,2023-04-02,N
C106303,Lakshmi Pereira,Visakhapatnam,AP,2024-02-16,Y
C106304,Amit Kumar,Bhopal,MP,2023-12-24,Y
C106305,Amit Sen,Jaipur,RJ,2022-10-04,N
C106306,Deepak Mehta,Indore,MP,2024-01-21,N
C106307,Geeta Qureshi,Vadodara,GJ,2023-12-24,N
C106308,Krishna Ansari,Hyderabad,TS,2024-05-29,Y
C106309,Varun D'Souza,Gurugram,HR,2023-02-27,Y
C106310,Imran Gill,Nashik,MH,2022-10-06,Y
C106311,Arjun Bhatt,Lucknow,UP,2024-12-24,Y
C106312,Sameer Mathew,Patna,BR,2023-08-13,N
C106313,Pranav Naidu,Vadodara,GJ,2024-12-20,N
C106314,Nisha Mehta,Bengaluru,KA,2022-11-09,N
C106315,Rohit Ansari,Hyderabad,TS,2023-05-03,Y
C106316,Meera Joshi,Vadodara,GJ,2024-05-03,N
C106317,Anjali Iyer,Lucknow,UP,2022-12-04,N
C106318,Thomas Goyal,Patna,BR,2023-03-17,N
C106319,Ayaan Dhillon,Guwahati,AS,2024-09-29,N
C106320,Kavya Siddiqui,Indore,MP,2023-07-28,Y
C106321,Neha Reddy,Pune,MH,2022-09-25,N
C106322,Simran Mittal,Noida,UP,2024-01-25,Y
C106323,Tenzin Jain,Bhopal,MP,2024-10-30,N
C106324,Steven Sandhu,Jaipur,RJ,2024-03-04,N
C106325,Steven Chopra,Nagpur,MH,2024-01-16,N
C106326,Gurpreet Sheikh,Ahmedabad,GJ,2024-04-04,N
C106327,Isha Siddiqui,Surat,GJ,2024-10-07,N
C106328,Tarun Banerjee,Bhopal,MP,2024-08-24,N
C106329,Rajat Qureshi,Coimbatore,TN,2024-04-19,N
C106330,Mohammed Naidu,Thiruvananthapuram,KL,2024-09-11,Y
C106331,Ananya Sheikh,Dehradun,UK,2023-01-02,N
C106332,Joseph Varghese,Mysuru,KA,2024-11-05,N
C106333,Simran Bose,Ranchi,JH,2023-06-08,N
C106334,Jaspreet Bhatt,Nagpur,MH,2023-05-29,N
C106335,Vihaan Mittal,Mumbai,MH,2024-09-09,N
C106336,Ananya Pandey,Bhopal,MP,2024-12-17,N
C106337,Kabir Chatterjee,Bhopal,MP,2023-11-22,N
C106338,Abhishek Kulkarni,Raipur,CG,2024-05-08,Y
C106339,Deepak Chopra,Pune,MH,2024-07-24,N
C106340,Sai Bansal,Raipur,CG,2024-01-02,N
C106341,Pooja Rao,Coimbatore,TN,2024-11-01,Y
C106342,Manpreet Bansal,Nagpur,MH,2022-09-19,N
C106343,Vihaan Chatterjee,Mumbai,MH,2022-08-19,Y
C106344,Vihaan Bose,Bengaluru,KA,2022-12-26,Y
C106345,Jaspreet Sheikh,Gurugram,HR,2023-10-23,Y
C106346,Divya Agarwal,Nagpur,MH,2023-12-14,Y
C106347,Anjali Pandey,Coimbatore,TN,2023-01-16,Y
C106348,Vikram Mathew,Mysuru,KA,2022-11-04,N
C106349,Ananya Malhotra,Nashik,MH,2024-05-25,Y
C106350,Harsh D'Souza,Dehradun,UK,2024-06-13,N
C106351,Simran Jadhav,Kochi,KL,2023-10-21,N
C106352,Pooja D'Souza,Kolkata,WB,2023-03-05,Y
C106353,Lakshmi Rathore,Bhopal,MP,2023-10-30,Y
C106354,Faisal Mathew,Surat,GJ,2022-11-13,Y
C106355,Farah Fernandes,Raipur,CG,2022-09-19,N
C106356,Simran Fernandes,Noida,UP,2022-09-05,Y
C106357,Manish Roy,Surat,GJ,2022-08-19,Y
C106358,Vihaan Singh,Chennai,TN,2022-12-27,Y
C106359,Nisha Deshpande,Kochi,KL,2024-03-01,N
C106360,Ramesh Sethi,Bhubaneswar,OR,2022-08-09,Y
C106361,Joseph Arora,Ahmedabad,GJ,2023-03-30,N
C106362,Rahul Khan,Pune,MH,2023-05-16,Y
C106363,Meera Dutta,Nashik,MH,2022-10-23,N
C106364,Ayaan Deshpande,Delhi,DL,2024-04-26,Y
C106365,Vivaan Trivedi,Dehradun,UK,2023-12-13,N
C106366,Yash George,Kochi,KL,2022-11-13,N
C106367,Ananya Gupta,Delhi,DL,2024-03-02,Y
C106368,Sneha Nair,Surat,GJ,2022-12-30,N
C106369,Ishaan Ghosh,Nagpur,MH,2023-11-25,N
C106370,Anjali Pawar,Jaipur,RJ,2024-06-28,Y
C106371,Rahul Pillai,Guwahati,AS,2023-02-06,N
C106372,Krishna Banerjee,Vadodara,GJ,2024-07-29,N
C106373,Amit Menon,Raipur,CG,2024-07-04,N
C106374,Ritika Nair,Kochi,KL,2024-08-01,N
C106375,Dev Jadhav,Kochi,KL,2024-07-27,N
C106376,Diya Naidu,Chennai,TN,2022-12-11,N
C106377,Priya Shinde,Raipur,CG,2023-12-21,N
C106378,Jaspreet Nair,Coimbatore,TN,2024-03-11,N
C106379,Priya Goyal,Chennai,TN,2024-01-11,Y
C106380,Farah Kaur,Surat,GJ,2022-10-02,N
C106381,Aadhya Khan,Visakhapatnam,AP,2024-06-16,N
C106382,Deepak Verma,Mysuru,KA,2023-01-16,Y
C106383,Amit Mittal,Mysuru,KA,2023-01-15,N
C106384,Isha Kapoor,Chandigarh,CH,2024-05-20,Y
C106385,Amit Pillai,Dehradun,UK,2023-09-28,Y
C106386,Thomas Goyal,Ranchi,JH,2024-07-11,Y
C106387,Rohit Mishra,Patna,BR,2023-06-22,N
C106388,Jaspreet Jadhav,Mysuru,KA,2023-06-26,N
C106389,Yash Khanna,Delhi,DL,2023-10-27,Y
C106390,Thomas Fernandes,Chennai,TN,2023-08-04,N
C106391,Kavya Kapoor,Visakhapatnam,AP,2024-05-05,N
C106392,Ayaan George,Ranchi,JH,2022-12-23,N
C106393,Faisal Sharma,Bhubaneswar,OR,2023-07-25,N
C106394,Anjali Gill,Mumbai,MH,2023-07-15,N
C106395,Diya Chauhan,Surat,GJ,2023-01-22,N
C106396,Anjali Pandey,Bengaluru,KA,2024-09-28,N
C106397,Simran Chopra,Hyderabad,TS,2023-09-02,N
C106398,Zoya Dutta,Hyderabad,TS,2024-01-20,N
C106399,Harpreet Sethi,Hyderabad,TS,2022-12-09,N
C106400,Manpreet Desai,Kolkata,WB,2024-04-05,N
C106401,Om Ansari,Kochi,KL,2023-12-09,Y
C106402,Thomas Menon,Nagpur,MH,2024-01-29,N
C106403,Krishna Varghese,Kolkata,WB,2022-12-11,N
C106404,Priya Trivedi,Mumbai,MH,2023-08-04,N
C106405,Harpreet Sen,Kochi,KL,2023-10-15,N
C106406,Aishwarya Mukherjee,Visakhapatnam,AP,2024-06-21,N
C106407,Nisha Verma,Bhopal,MP,2024-07-01,N
C106408,Siddharth Dhillon,Bhubaneswar,OR,2023-11-09,Y
C106409,Isha Siddiqui,Lucknow,UP,2024-03-15,N
C106410,Tarun Kumar,Kolkata,WB,2024-05-27,Y
C106411,Faisal Rao,Gurugram,HR,2023-08-22,Y
C106412,Manpreet Sheikh,Ahmedabad,GJ,2024-08-27,N
C106413,Divya Desai,Ahmedabad,GJ,2023-12-16,N
C106414,Zoya Saxena,Nashik,MH,2023-08-03,Y
C106415,Karan Pawar,Coimbatore,TN,2022-08-20,Y
C106416,Suresh Pandey,Chennai,TN,2024-11-23,Y
C106417,Manish Tiwari,Bengaluru,KA,2024-05-24,Y
C106418,Ramesh Qureshi,Dehradun,UK,2023-09-02,N
C106419,Sneha Banerjee,Kochi,KL,2024-08-19,Y
C106420,Ananya Srivastava,Chennai,TN,2024-12-08,N
C106421,Arjun Joshi,Indore,MP,2023-12-29,N
C106422,Jaspreet Shah,Bengaluru,KA,2023-04-24,N
C106423,Thomas Shinde,Dehradun,UK,2023-10-31,Y
C106424,Sukhwinder Tiwari,Lucknow,UP,2024-03-13,N
C106425,Imran Pillai,Chennai,TN,2023-08-12,N
C106426,Abhishek Naidu,Delhi,DL,2023-05-19,Y
C106427,Riya Joshi,Kochi,KL,2023-05-15,N
C106428,Sneha Chatterjee,Guwahati,AS,2024-01-03,N
C106429,Krishna Malhotra,Noida,UP,2022-08-07,N
C106430,Nikhil Jain,Ranchi,JH,2024-12-13,N
C106431,Nikhil Pillai,Coimbatore,TN,2022-08-13,Y
C106432,Divya Fernandes,Coimbatore,TN,2024-03-22,N
C106433,Ramesh Gupta,Delhi,DL,2022-10-05,N
C106434,Swati Siddiqui,Lucknow,UP,2024-01-11,Y
C106435,Sai Deshpande,Ranchi,JH,2024-06-27,Y
C106436,Deepak Mathew,Ahmedabad,GJ,2024-12-15,N
C106437,Daniel Bansal,Mysuru,KA,2023-03-07,N
C106438,Suresh Mathew,Ranchi,JH,2023-03-07,N
C106439,Amit Kulkarni,Noida,UP,2024-09-01,N
C106440,Tarun Mukherjee,Nashik,MH,2023-06-17,N
C106441,Ankit Mehta,Bengaluru,KA,2024-03-09,N
C106442,Gurpreet Bhatt,Surat,GJ,2024-08-10,N
C106443,Vihaan Das,Dehradun,UK,2022-10-26,N
C106444,Geeta Gaikwad,Guwahati,AS,2023-08-28,Y
C106445,Rohan Saxena,Ahmedabad,GJ,2024-03-17,Y
C106446,Ananya Khan,Hyderabad,TS,2023-10-25,Y
C106447,Suresh Banerjee,Ahmedabad,GJ,2024-10-01,N
C106448,Geeta Chopra,Indore,MP,2023-05-23,N
C106449,Kunal Chauhan,Kolkata,WB,2024-12-11,N
C106450,Tarun Bansal,Hyderabad,TS,2024-03-15,Y
C106451,Vivaan Chatterjee,Visakhapatnam,AP,2023-07-22,N
C106452,Saanvi Fernandes,Coimbatore,TN,2024-06-23,Y
C106453,Thomas Khan,Patna,BR,2023-08-22,N
C106454,Jaspreet Shah,Noida,UP,2024-10-06,N
C106455,Saanvi Deshpande,Mysuru,KA,2023-10-23,N
C106456,Riya Goyal,Ahmedabad,GJ,2024-06-08,N
C106457,Lobsang Naidu,Indore,MP,2024-12-16,Y
C106458,Vihaan Sethi,Bhopal,MP,2023-03-14,N
C106459,Diya Jain,Hyderabad,TS,2024-01-22,Y
C106460,Deepak Sen,Chennai,TN,2023-10-08,N
C106461,Sai Khanna,Chennai,TN,2023-04-03,Y
C106462,Daniel Bansal,Guwahati,AS,2024-09-24,Y
C106463,Nikhil Reddy,Vadodara,GJ,2024-12-28,N
C106464,Rajat Pandey,Nagpur,MH,2024-06-17,N
C106465,Riya Gaikwad,Pune,MH,2024-04-12,N
C106466,Aarav Bose,Hyderabad,TS,2024-05-02,N
C106467,Sneha Goyal,Jaipur,RJ,2022-10-20,N
C106468,Priya Verma,Mysuru,KA,2023-03-21,N
C106469,Reyansh Mehta,Patna,BR,2024-08-20,N
C106470,Vihaan Malhotra,Jaipur,RJ,2024-11-17,Y
C106471,Siddharth Patil,Surat,GJ,2022-10-14,Y
C106472,Neha Dhillon,Hyderabad,TS,2023-02-01,N
C106473,Aadhya Dhillon,Ahmedabad,GJ,2022-12-13,N
C106474,Megha Jain,Patna,BR,2024-06-13,N
C106475,Sameer Pillai,Delhi,DL,2023-05-21,N
C106476,Yash Reddy,Dehradun,UK,2024-09-20,N
C106477,Imran Kapoor,Raipur,CG,2024-04-02,N
C106478,Reyansh Kapoor,Mumbai,MH,2022-09-14,N
C106479,Rohan Sethi,Coimbatore,TN,2022-07-26,N
C106480,Ritika George,Nashik,MH,2023-09-02,N
C106481,Isha Menon,Nashik,MH,2024-12-10,Y
C106482,Isha Ghosh,Guwahati,AS,2024-10-20,N
C106483,Neha Banerjee,Chandigarh,CH,2024-06-29,N
C106484,Vikram Mishra,Delhi,DL,2022-07-24,N
C106485,Amit Mittal,Noida,UP,2023-06-17,Y
C106486,Steven Bansal,Bhubaneswar,OR,2023-07-26,N
C106487,Dev Desai,Chennai,TN,2023-07-17,N
C106488,Ritika Gill,Chennai,TN,2024-12-24,Y
C106489,Sukhwinder Sethi,Nagpur,MH,2022-08-12,N
C106490,Bhavna Ansari,Hyderabad,TS,2023-04-05,N
C106491,Vikram Siddiqui,Mumbai,MH,2024-10-13,Y
C106492,Riya Khan,Kochi,KL,2024-12-13,N
C106493,Varun Jain,Nagpur,MH,2023-08-16,N
C106494,Megha Arora,Ranchi,JH,2022-10-31,N
C106495,Varun Bansal,Guwahati,AS,2022-08-05,N
C106496,Sai Bhatia,Delhi,DL,2024-08-26,N
C106497,Deepak Khan,Vadodara,GJ,2023-04-13,N
C106498,Sunita Siddiqui,Nagpur,MH,2023-12-11,Y
C106499,Sameer Kaur,Bhopal,MP,2024-11-28,N
C106500,Siddharth Kaur,Lucknow,UP,2023-05-17,N
C106501,Divya Srivastava,Ahmedabad,GJ,2023-02-23,Y
C106502,Ananya Sethi,Bhubaneswar,OR,2023-03-11,Y
C106503,Komal Das,Visakhapatnam,AP,2022-08-14,Y
C106504,Sunita Jain,Mumbai,MH,2023-05-02,N
C106505,Sukhwinder Joshi,Nashik,MH,2024-02-17,Y
C106506,Reyansh Pereira,Chennai,TN,2023-09-29,N
C106507,Ramesh Saxena,Chennai,TN,2022-08-23,Y
C106508,Rahul Mehta,Bhopal,MP,2024-02-22,N
C106509,Deepak Dutta,Ranchi,JH,2024-12-05,N
C106510,Sai Agarwal,Jaipur,RJ,2023-07-02,N
C106511,Rohit Yadav,Jaipur,RJ,2022-10-18,N
C106512,Ananya Kaur,Raipur,CG,2024-09-14,N
C106513,Zaid Qureshi,Kochi,KL,2023-03-25,N
C106514,Ishaan Gill,Nagpur,MH,2024-02-06,Y
C106515,Divya Jadhav,Noida,UP,2022-11-12,N
C106516,Swati Chopra,Nagpur,MH,2023-08-26,N
C106517,Deepak Fernandes,Ahmedabad,GJ,2023-03-30,Y
C106518,Komal Jain,Bhopal,MP,2023-06-22,N
C106519,Farah Menon,Vadodara,GJ,2023-05-27,N
C106520,Isha Bansal,Indore,MP,2024-09-11,Y
C106521,Shreya Pillai,Lucknow,UP,2023-04-22,Y
C106522,Swati Khan,Mysuru,KA,2022-10-07,N
C106523,Aditya Mathew,Visakhapatnam,AP,2024-09-13,N
C106524,Meera Kulkarni,Guwahati,AS,2024-07-25,N
C106525,Payal Pawar,Ranchi,JH,2024-05-24,N
C106526,Rajat Patel,Chennai,TN,2022-12-08,N
C106527,Neha Yadav,Kolkata,WB,2023-05-12,N
C106528,Saanvi Gaikwad,Mysuru,KA,2022-09-09,N
C106529,Vihaan Banerjee,Kochi,KL,2023-09-23,N
C106530,Rajat Kaur,Visakhapatnam,AP,2024-11-27,Y
C106531,Payal Singh,Indore,MP,2023-11-13,N
C106532,Anjali Kumar,Mysuru,KA,2024-08-27,Y
C106533,Amit Singh,Surat,GJ,2022-10-04,N
C106534,Imran Mittal,Delhi,DL,2023-03-18,Y
C106535,Ananya Kulkarni,Vadodara,GJ,2023-10-12,N
C106536,Varun Mishra,Noida,UP,2022-09-09,Y
C106537,Deepak Mishra,Mumbai,MH,2024-05-28,N
C106538,Gurpreet Naidu,Bhubaneswar,OR,2023-11-23,N
C106539,Geeta Jain,Surat,GJ,2024-12-20,N
C106540,Aditya Desai,Surat,GJ,2023-11-18,N
C106541,Swati Mukherjee,Bengaluru,KA,2022-08-28,N
C106542,Manpreet Das,Chandigarh,CH,2022-09-20,N
C106543,Aditya Pawar,Surat,GJ,2024-05-11,Y
C106544,Daniel Mehta,Patna,BR,2023-12-13,N
C106545,Aishwarya Sethi,Bhopal,MP,2022-08-14,Y
C106546,Harsh Mehta,Chandigarh,CH,2023-02-17,Y
C106547,Sameer Sharma,Coimbatore,TN,2024-01-12,N
C106548,Rohit Khanna,Noida,UP,2023-03-19,N
C106549,Nisha Fernandes,Hyderabad,TS,2023-07-02,N
C106550,Rohan Kaur,Jaipur,RJ,2024-01-06,Y
C106551,Vivaan Kumar,Indore,MP,2023-06-27,Y
C106552,Siddharth Pawar,Ahmedabad,GJ,2023-08-17,N
C106553,Vikram Banerjee,Bhopal,MP,2024-10-04,N
C106554,Karan Yadav,Guwahati,AS,2022-09-12,N
C106555,Simran Qureshi,Kolkata,WB,2024-06-12,N
C106556,Mohammed Chauhan,Bhubaneswar,OR,2022-11-04,N
C106557,Nikhil Sandhu,Kochi,KL,2023-05-01,N
C106558,Manish George,Guwahati,AS,2023-12-03,N
C106559,Sameer Yadav,Ahmedabad,GJ,2023-11-14,N
C106560,Krishna Jain,Visakhapatnam,AP,2024-02-18,N
C106561,Yash Bose,Ranchi,JH,2024-10-09,N
C106562,Zaid Sharma,Mysuru,KA,2023-03-23,N
C106563,Reyansh Patil,Coimbatore,TN,2023-11-25,N
C106564,Meera Kulkarni,Thiruvananthapuram,KL,2022-10-09,N
C106565,Pooja Shah,Noida,UP,2024-05-24,N
C106566,Yash Chatterjee,Guwahati,AS,2024-05-14,N
C106567,Aadhya Pereira,Chennai,TN,2022-09-15,N
C106568,Gurpreet Kaur,Thiruvananthapuram,KL,2023-10-14,N
C106569,Mohammed Bose,Patna,BR,2024-05-18,N
C106570,Ramesh Sharma,Bengaluru,KA,2024-02-26,N
C106571,Anjali Siddiqui,Raipur,CG,2024-03-16,N
C106572,Faisal Chatterjee,Patna,BR,2024-07-05,N
C106573,Zoya Bose,Mysuru,KA,2024-04-09,Y
C106574,Tenzin Pillai,Indore,MP,2024-12-18,Y
C106575,Amit Bhatia,Chennai,TN,2023-02-16,Y
C106576,Payal Sen,Kolkata,WB,2023-12-10,Y
C106577,Sneha Kaur,Bhubaneswar,OR,2023-04-02,N
C106578,Ananya Verma,Ahmedabad,GJ,2022-12-17,N
C106579,Steven Mishra,Noida,UP,2024-03-07,N
C106580,Manpreet Mukherjee,Nashik,MH,2023-12-14,N
C106581,Gurpreet Bhatt,Noida,UP,2024-09-01,N
C106582,Manish Sandhu,Bhubaneswar,OR,2024-04-28,Y
C106583,Ritika Ghosh,Dehradun,UK,2024-02-25,N
C106584,Divya Sethi,Thiruvananthapuram,KL,2022-07-30,N
C106585,Steven Ansari,Lucknow,UP,2023-03-09,Y
C106586,Lakshmi Pawar,Guwahati,AS,2023-04-16,N
C106587,Arjun Ghosh,Chandigarh,CH,2024-10-02,N
C106588,Payal Gupta,Chennai,TN,2024-08-16,N
C106589,Rahul Pandey,Pune,MH,2024-04-05,N
C106590,Kabir Gupta,Surat,GJ,2024-03-31,N
C106591,Reyansh Khan,Bhubaneswar,OR,2022-12-25,N
C106592,Neha Mittal,Coimbatore,TN,2023-05-20,N
C106593,Manpreet Goyal,Hyderabad,TS,2023-04-05,N
C106594,Rohit Shinde,Pune,MH,2023-06-22,N
C106595,Aadhya Desai,Raipur,CG,2024-04-03,N
C106596,Saanvi D'Souza,Kochi,KL,2022-10-17,Y
C106597,Arjun Shinde,Bhopal,MP,2024-10-05,N
C106598,Rohit Dhillon,Lucknow,UP,2024-06-26,N
C106599,Karan Dhillon,Dehradun,UK,2024-05-06,Y
C106600,Sneha Mittal,Pune,MH,2022-10-29,Y
C106601,Payal Sharma,Indore,MP,2023-11-25,N
C106602,Megha Patil,Hyderabad,TS,2024-03-05,N
C106603,Gurpreet Reddy,Bengaluru,KA,2024-03-07,N
C106604,Arjun Bose,Delhi,DL,2023-11-11,N
C106605,Aditya Desai,Delhi,DL,2023-12-01,Y
C106606,Komal Nair,Chennai,TN,2023-08-07,N
C106607,Aishwarya Roy,Guwahati,AS,2024-09-14,N
C106608,Tanvi Patil,Ranchi,JH,2023-08-26,N
C106609,Vihaan Mehta,Ahmedabad,GJ,2024-10-23,N
C106610,Ayaan Mishra,Patna,BR,2023-06-29,Y
C106611,Nisha Mishra,Thiruvananthapuram,KL,2024-02-29,N
C106612,Divya Ansari,Mumbai,MH,2023-05-11,Y
C106613,Aishwarya Pawar,Raipur,CG,2022-12-19,N
C106614,Ramesh Agarwal,Noida,UP,2024-01-19,N
C106615,Jaspreet Kulkarni,Noida,UP,2023-05-17,Y
C106616,Abhishek Varghese,Thiruvananthapuram,KL,2024-07-14,N
C106617,Rohit Saxena,Nashik,MH,2024-05-07,N
C106618,Pranav Naidu,Bhopal,MP,2024-12-21,Y
C106619,Rohan Rathore,Thiruvananthapuram,KL,2024-03-26,Y
C106620,Kavya Dutta,Delhi,DL,2024-03-20,N
C106621,Aditya Trivedi,Nagpur,MH,2023-05-03,N
C106622,Pooja Sandhu,Patna,BR,2022-07-17,N
C106623,Geeta Reddy,Indore,MP,2024-06-24,N
C106624,Komal Chauhan,Surat,GJ,2022-10-13,N
C106625,Neha Arora,Bhubaneswar,OR,2024-02-22,N
C106626,Riya D'Souza,Visakhapatnam,AP,2024-07-26,N
C106627,Ananya Pandey,Patna,BR,2023-05-04,Y
C106628,Nisha Khan,Surat,GJ,2024-07-23,N
C106629,Krishna Gill,Ranchi,JH,2022-12-13,N
C106630,Imran Mishra,Visakhapatnam,AP,2023-02-09,N
C106631,Varun Varghese,Visakhapatnam,AP,2024-10-15,Y
C106632,Suresh Banerjee,Chennai,TN,2023-01-17,N
C106633,Reyansh Saxena,Pune,MH,2023-04-13,N
C106634,Isha Saxena,Gurugram,HR,2024-07-18,N
C106635,Tanvi Sharma,Chandigarh,CH,2023-04-14,N
C106636,Sukhwinder Tiwari,Kochi,KL,2023-04-14,N
C106637,Pranav Saxena,Lucknow,UP,2023-04-27,N
C106638,Tarun Jadhav,Nashik,MH,2024-10-13,Y
C106639,Ramesh Mittal,Thiruvananthapuram,KL,2022-12-02,N
C106640,Geeta Varghese,Bhopal,MP,2024-05-09,N
C106641,Zaid Kaur,Kochi,KL,2022-12-11,Y
C106642,Lobsang Sheikh,Chandigarh,CH,2024-08-02,N
C106643,Lobsang Agarwal,Nagpur,MH,2022-09-20,N
C106644,Varun Pandey,Hyderabad,TS,2023-04-18,N
C106645,Simran Jain,Jaipur,RJ,2024-06-12,N
C106646,Geeta Trivedi,Noida,UP,2024-09-02,Y
C106647,Joseph Reddy,Lucknow,UP,2023-10-09,Y
C106648,Jaspreet Singh,Surat,GJ,2023-04-05,Y
C106649,Farah Sen,Nashik,MH,2022-11-05,N
C106650,Saanvi Khanna,Bhubaneswar,OR,2024-04-24,Y
C106651,Zoya Rao,Chennai,TN,2023-11-09,N
C106652,Siddharth Rao,Delhi,DL,2024-12-19,N
C106653,Kavya Sharma,Nashik,MH,2024-10-08,N
C106654,Sameer Mukherjee,Dehradun,UK,2024-02-07,N
C106655,Faisal Joshi,Coimbatore,TN,2024-05-21,N
C106656,Ayaan Kumar,Visakhapatnam,AP,2024-03-28,N
C106657,Lakshmi Shinde,Gurugram,HR,2022-09-13,N
C106658,Sunita Trivedi,Nagpur,MH,2024-04-22,N
C106659,Gurpreet Sen,Hyderabad,TS,2024-11-07,N
C106660,Suresh Gupta,Visakhapatnam,AP,2024-02-27,Y
C106661,Ankit Deshpande,Delhi,DL,2023-10-11,N
C106662,Neha Mathew,Lucknow,UP,2023-02-23,N
C106663,Bhavna Deshpande,Mumbai,MH,2024-07-06,Y
C106664,Simran Pawar,Thiruvananthapuram,KL,2023-02-26,Y
C106665,Manpreet Rao,Dehradun,UK,2023-03-14,Y
C106666,Anjali Mehta,Bhubaneswar,OR,2024-08-07,Y
C106667,Tarun Kaur,Raipur,CG,2023-10-12,N
C106668,Tarun Bhatt,Chennai,TN,2023-08-11,N
C106669,Ritika Reddy,Jaipur,RJ,2024-05-09,Y
C106670,Vikram Menon,Kochi,KL,2024-04-18,N
C106671,Meera Kumar,Surat,GJ,2024-12-20,Y
C106672,Riya Sharma,Dehradun,UK,2023-12-06,N
C106673,Payal Sethi,Dehradun,UK,2023-06-30,Y
C106674,Nisha Dhillon,Chennai,TN,2023-02-02,N
C106675,Manpreet Trivedi,Guwahati,AS,2023-12-06,N
C106676,Varun Shah,Mysuru,KA,2023-08-21,Y
C106677,Ramesh Roy,Delhi,DL,2023-02-28,N
C106678,Suresh Singh,Vadodara,GJ,2024-10-06,N
C106679,Aishwarya Dutta,Guwahati,AS,2023-08-31,N
C106680,Tarun Pawar,Chandigarh,CH,2023-04-24,Y
C106681,Bhavna Mukherjee,Delhi,DL,2022-11-14,N
C106682,Deepak Banerjee,Ahmedabad,GJ,2022-09-15,N
C106683,Nikhil Gaikwad,Dehradun,UK,2024-04-27,Y
C106684,Krishna Saxena,Patna,BR,2023-06-27,Y
C106685,Riya Fernandes,Delhi,DL,2024-11-11,Y
C106686,Tenzin Ghosh,Bhopal,MP,2024-05-30,N
C106687,Payal Pillai,Indore,MP,2024-10-09,Y
C106688,Reyansh Joshi,Hyderabad,TS,2024-06-08,N
C106689,Aishwarya Kulkarni,Bhubaneswar,OR,2023-04-22,N
C106690,Simran Shinde,Vadodara,GJ,2024-10-11,N
C106691,Amit Sheikh,Dehradun,UK,2022-10-04,N
C106692,Bhavna Jadhav,Nagpur,MH,2023-03-05,Y
C106693,Krishna Malhotra,Chennai,TN,2024-04-25,N
C106694,Saanvi Verma,Bengaluru,KA,2022-10-29,N
C106695,Kunal Tiwari,Indore,MP,2022-08-20,Y
C106696,Joseph Mehta,Jaipur,RJ,2024-05-26,Y
C106697,Pranav Mehta,Ahmedabad,GJ,2023-12-26,Y
C106698,Lobsang Pillai,Delhi,DL,2024-09-06,N
C106699,Divya Ghosh,Visakhapatnam,AP,2023-02-17,N
C106700,Isha Bhatt,Guwahati,AS,2022-09-06,N
C106701,Sukhwinder Bhatt,Ranchi,JH,2024-12-30,N
C106702,Abhishek Sheikh,Mumbai,MH,2024-06-01,Y
C106703,Rohit Agarwal,Chandigarh,CH,2023-03-26,N
C106704,Rohit Chauhan,Patna,BR,2022-11-07,Y
C106705,Krishna Shinde,Indore,MP,2024-07-23,N
C106706,Imran Joshi,Gurugram,HR,2022-07-17,N
C106707,Suresh Desai,Hyderabad,TS,2024-09-06,N
C106708,Rahul Bhatia,Bengaluru,KA,2023-11-15,N
C106709,Rohan Patel,Guwahati,AS,2023-04-04,N
C106710,Harpreet Iyer,Gurugram,HR,2024-08-06,N
C106711,Dev Saxena,Guwahati,AS,2023-03-05,Y
C106712,Imran Jain,Visakhapatnam,AP,2023-02-26,N
C106713,Meera D'Souza,Jaipur,RJ,2023-12-08,N
C106714,Zoya Joshi,Guwahati,AS,2024-07-08,N
C106715,Megha Khanna,Mumbai,MH,2024-04-29,N
C106716,Om Rathore,Mysuru,KA,2023-10-19,N
C106717,Lobsang Shah,Dehradun,UK,2024-10-07,N
C106718,Zaid Desai,Nagpur,MH,2023-05-17,N
C106719,Tenzin Dutta,Gurugram,HR,2022-07-22,N
C106720,Rohit Goyal,Hyderabad,TS,2023-02-12,Y
C106721,Ishaan Chatterjee,Jaipur,RJ,2024-08-03,N
C106722,Isha Ansari,Hyderabad,TS,2023-03-11,N
C106723,Vikram Pillai,Noida,UP,2023-09-03,N
C106724,Sneha Bhatt,Guwahati,AS,2023-10-28,N
C106725,Abhishek Tiwari,Bhubaneswar,OR,2023-05-31,N
C106726,Komal Gupta,Bhopal,MP,2024-06-03,Y
C106727,Kavya Kumar,Chandigarh,CH,2023-05-08,N
C106728,Om Malhotra,Pune,MH,2024-01-26,Y
C106729,Nikhil Ghosh,Thiruvananthapuram,KL,2023-02-05,N
C106730,Kabir Yadav,Surat,GJ,2024-02-28,N
C106731,Kunal Khan,Coimbatore,TN,2022-12-09,Y
C106732,Siddharth Malhotra,Noida,UP,2023-07-29,N
C106733,Kabir Sharma,Thiruvananthapuram,KL,2024-03-31,Y
C106734,Nisha Banerjee,Indore,MP,2023-01-25,N
C106735,Saanvi Desai,Mumbai,MH,2023-08-26,N
C106736,Sukhwinder Das,Gurugram,HR,2024-10-16,N
C106737,Payal Mehta,Dehradun,UK,2023-01-10,N
C106738,Ritika Pereira,Ranchi,JH,2023-07-31,N
C106739,Ishaan Rathore,Hyderabad,TS,2023-03-17,N
C106740,Steven Sethi,Visakhapatnam,AP,2024-12-08,Y
C106741,Suresh Dhillon,Thiruvananthapuram,KL,2023-10-22,Y
C106742,Bhavna Sen,Patna,BR,2024-10-21,N
C106743,Farah Qureshi,Gurugram,HR,2023-10-21,N
C106744,Gurpreet Trivedi,Indore,MP,2024-04-24,Y
C106745,Thomas Joshi,Vadodara,GJ,2022-11-13,Y
C106746,Amit Bhatt,Dehradun,UK,2023-07-14,N
C106747,Ritika Gaikwad,Chandigarh,CH,2023-06-14,Y
C106748,Arjun Bhatia,Noida,UP,2023-06-04,Y
C106749,Harsh Gaikwad,Ranchi,JH,2023-12-20,N
C106750,Varun Mishra,Lucknow,UP,2024-02-28,Y
C106751,Daniel Malhotra,Indore,MP,2023-02-22,N
C106752,Vivaan Roy,Nagpur,MH,2024-02-15,N
C106753,Aditya Iyer,Visakhapatnam,AP,2022-07-24,N
C106754,Imran Tiwari,Delhi,DL,2023-10-23,N
C106755,Swati Pandey,Dehradun,UK,2024-06-09,N
C106756,Pooja Deshpande,Noida,UP,2023-05-30,N
C106757,Aditya Menon,Surat,GJ,2023-09-10,Y
C106758,Vihaan Menon,Visakhapatnam,AP,2022-08-09,Y
C106759,Harsh Menon,Dehradun,UK,2024-06-22,N
C106760,Zoya Patel,Chandigarh,CH,2022-10-19,N
C106761,Aditya Saxena,Nagpur,MH,2023-11-08,N
C106762,Anjali Siddiqui,Nashik,MH,2024-12-10,Y
C106763,Tenzin Sethi,Bhopal,MP,2023-04-05,N
C106764,Ananya Shinde,Patna,BR,2022-12-27,N
C106765,Thomas Ansari,Gurugram,HR,2024-07-25,N
C106766,Sunita Mathew,Kochi,KL,2022-10-29,N
C106767,Aadhya Srivastava,Chandigarh,CH,2024-05-15,N
C106768,Daniel Shinde,Patna,BR,2024-12-06,N
C106769,Manpreet Singh,Thiruvananthapuram,KL,2024-10-05,N
C106770,Zoya Sheikh,Kochi,KL,2023-03-15,N
C106771,Mohammed Mishra,Patna,BR,2022-09-12,N
C106772,Meera Dhillon,Delhi,DL,2024-02-09,N
C106773,Saanvi Sandhu,Mysuru,KA,2024-02-13,Y
C106774,Sukhwinder Agarwal,Pune,MH,2024-03-10,N
C106775,Divya Gupta,Kolkata,WB,2023-12-13,N
C106776,Aditya Tiwari,Thiruvananthapuram,KL,2022-07-22,N
C106777,Siddharth Yadav,Kolkata,WB,2024-03-08,Y
C106778,Zoya Sheikh,Surat,GJ,2024-04-20,N
C106779,Ramesh Pillai,Mysuru,KA,2023-08-04,N
C106780,Pooja George,Delhi,DL,2023-04-30,Y
C106781,Nikhil Mukherjee,Indore,MP,2023-09-26,Y
C106782,Steven Iyer,Visakhapatnam,AP,2023-07-05,N
C106783,Bhavna Chatterjee,Hyderabad,TS,2024-11-26,Y
C106784,Pranav Deshpande,Surat,GJ,2024-05-30,N
C106785,Sneha Chopra,Raipur,CG,2023-01-17,N
C106786,Aarav Ansari,Nashik,MH,2023-11-09,N
C106787,Aditya Reddy,Chandigarh,CH,2023-01-29,N
C106788,Pranav Trivedi,Noida,UP,2024-02-22,N
C106789,Harpreet Bhatia,Bhopal,MP,2023-04-30,N
C106790,Sukhwinder Chopra,Vadodara,GJ,2023-12-10,N
C106791,Siddharth Mittal,Bhubaneswar,OR,2024-10-01,N
C106792,Dev Siddiqui,Guwahati,AS,2023-12-10,N
C106793,Yash Mehta,Kochi,KL,2022-07-29,N
C106794,Tarun Siddiqui,Chandigarh,CH,2024-12-17,N
C106795,Aditya Mukherjee,Patna,BR,2024-08-21,N
C106796,Aishwarya Chopra,Gurugram,HR,2022-08-28,N
C106797,Diya Jain,Indore,MP,2024-09-06,N
C106798,Krishna Khanna,Vadodara,GJ,2023-11-27,Y
C106799,Sukhwinder Bhatia,Dehradun,UK,2022-08-17,N
C106800,Harpreet Ansari,Patna,BR,2024-07-03,N
C106801,Tarun Patel,Delhi,DL,2023-10-22,N
C106802,Ankit Roy,Kolkata,WB,2023-02-06,Y
C106803,Simran Varghese,Ranchi,JH,2022-11-20,Y
C106804,Tanvi Goyal,Bengaluru,KA,2024-07-02,N
C106805,Kunal Reddy,Mumbai,MH,2024-05-22,Y
C106806,Tarun Arora,Mumbai,MH,2024-03-23,N
C106807,Tenzin Patil,Mumbai,MH,2023-06-12,N
C106808,Vivaan Desai,Raipur,CG,2023-12-31,N
C106809,Tanvi Mehta,Bhopal,MP,2023-03-15,N
C106810,Komal Siddiqui,Vadodara,GJ,2023-08-10,N
C106811,Aishwarya Shinde,Bengaluru,KA,2024-06-29,N
C106812,Farah Dutta,Vadodara,GJ,2024-11-26,N
C106813,Shreya Qureshi,Thiruvananthapuram,KL,2023-07-02,N
C106814,Imran Malhotra,Raipur,CG,2022-11-11,N
C106815,Manish Khanna,Ranchi,JH,2024-02-15,N
C106816,Vihaan Das,Vadodara,GJ,2024-09-19,N
C106817,Ishaan Bansal,Mysuru,KA,2022-08-01,Y
C106818,Siddharth Mishra,Hyderabad,TS,2024-08-18,Y
C106819,Riya Rathore,Ranchi,JH,2023-05-24,N
C106820,Ishaan Arora,Kolkata,WB,2023-12-25,N
C106821,Shreya Bhatia,Gurugram,HR,2023-09-28,N
C106822,Neha Das,Jaipur,RJ,2024-07-03,N
C106823,Ramesh Reddy,Nashik,MH,2024-10-26,N
C106824,Ramesh Gill,Gurugram,HR,2024-04-29,Y
C106825,Rohit Arora,Hyderabad,TS,2024-01-12,N
C106826,Diya Kumar,Vadodara,GJ,2024-08-04,N
C106827,Sameer Jain,Visakhapatnam,AP,2024-12-07,N
C106828,Suresh Sen,Visakhapatnam,AP,2023-04-11,N
C106829,Anjali Verma,Delhi,DL,2022-10-10,N
C106830,Jaspreet Bansal,Pune,MH,2024-03-31,Y
C106831,Farah Jadhav,Jaipur,RJ,2024-11-26,Y
C106832,Divya Bose,Chandigarh,CH,2024-10-14,N
C106833,Jaspreet Varghese,Coimbatore,TN,2023-06-01,N
C106834,Deepak Khanna,Chennai,TN,2023-07-31,N
C106835,Aditya Pandey,Patna,BR,2024-10-10,Y
C106836,Kunal Dutta,Noida,UP,2022-10-24,Y
C106837,Saanvi Tiwari,Bhopal,MP,2023-02-04,N
C106838,Riya Mathew,Lucknow,UP,2023-07-19,Y
C106839,Meera George,Thiruvananthapuram,KL,2023-09-07,N
C106840,Rajat Patil,Bhubaneswar,OR,2024-04-29,N
C106841,Ankit Sethi,Nagpur,MH,2023-01-16,Y
C106842,Rohan D'Souza,Vadodara,GJ,2024-03-20,Y
C106843,Yash D'Souza,Bhubaneswar,OR,2024-09-30,N
C106844,Siddharth Rao,Kochi,KL,2022-11-07,N
C106845,Manpreet Siddiqui,Raipur,CG,2023-10-22,N
C106846,Manpreet Pawar,Bengaluru,KA,2023-06-05,N
C106847,Kavya Bose,Mysuru,KA,2022-10-15,Y
C106848,Thomas Pillai,Delhi,DL,2023-08-31,N
C106849,Harpreet Chauhan,Coimbatore,TN,2022-11-24,N
C106850,Thomas Kumar,Kochi,KL,2024-12-19,N
C106851,Imran Roy,Lucknow,UP,2023-10-15,Y
C106852,Deepak Pillai,Indore,MP,2024-06-08,Y
C106853,Vihaan Dutta,Thiruvananthapuram,KL,2023-05-13,Y
C106854,Ishaan Patil,Thiruvananthapuram,KL,2022-11-18,N
C106855,Harpreet Kumar,Bengaluru,KA,2024-06-26,Y
C106856,Kabir Fernandes,Ranchi,JH,2024-07-14,N
C106857,Sameer Sheikh,Patna,BR,2024-04-20,N
C106858,Sameer Sheikh,Nagpur,MH,2023-12-22,N
C106859,Swati Bhatt,Chandigarh,CH,2024-09-28,N
C106860,Joseph Srivastava,Chennai,TN,2024-05-02,Y
C106861,Manish Kulkarni,Indore,MP,2024-01-27,N
C106862,Rajat Sheikh,Ahmedabad,GJ,2024-03-25,Y
C106863,Kunal Chopra,Lucknow,UP,2023-07-22,Y
C106864,Isha Goyal,Nagpur,MH,2022-10-19,N
C106865,Nisha Chatterjee,Gurugram,HR,2024-12-05,N
C106866,Sameer Patel,Noida,UP,2023-10-21,N
C106867,Rohan Sheikh,Ranchi,JH,2024-03-16,N
C106868,Kavya Arora,Visakhapatnam,AP,2023-12-03,N
C106869,Suresh Kaur,Ranchi,JH,2024-08-27,N
C106870,Tanvi Dhillon,Coimbatore,TN,2023-08-23,N
C106871,Ramesh Chopra,Lucknow,UP,2023-07-22,N
C106872,Rohan Malhotra,Ranchi,JH,2024-01-21,N
C106873,Bhavna Srivastava,Bengaluru,KA,2023-03-28,N
C106874,Vihaan Deshpande,Bhopal,MP,2023-02-02,Y
C106875,Vihaan Naidu,Jaipur,RJ,2023-05-02,N
C106876,Zoya Kaur,Hyderabad,TS,2023-03-02,N
C106877,Komal Pandey,Pune,MH,2024-06-10,Y
C106878,Isha Arora,Ranchi,JH,2023-11-26,Y
C106879,Karan Varghese,Mumbai,MH,2023-04-29,Y
C106880,Simran Srivastava,Surat,GJ,2024-08-28,N
C106881,Kunal Deshpande,Vadodara,GJ,2024-09-11,N
C106882,Ritika Bansal,Indore,MP,2024-07-29,N
C106883,Joseph Nair,Nagpur,MH,2023-10-20,N
C106884,Joseph Kapoor,Nagpur,MH,2023-07-20,N
C106885,Aditya Desai,Pune,MH,2024-04-07,Y
C106886,Amit Khanna,Coimbatore,TN,2024-11-04,N
C106887,Manpreet Dhillon,Surat,GJ,2024-09-07,Y
C106888,Saanvi Varghese,Visakhapatnam,AP,2022-11-25,Y
C106889,Aadhya Rao,Pune,MH,2024-04-04,N
C106890,Rajat Tiwari,Pune,MH,2022-09-24,Y
C106891,Gurpreet Mittal,Chandigarh,CH,2023-04-23,N
C106892,Varun Sharma,Mumbai,MH,2023-10-20,N
C106893,Lobsang Gill,Gurugram,HR,2023-11-16,N
C106894,Sai Fernandes,Jaipur,RJ,2024-06-07,Y
C106895,Mohammed Naidu,Kochi,KL,2023-11-20,N
C106896,Krishna Kumar,Bengaluru,KA,2023-02-12,N
C106897,Krishna Dhillon,Dehradun,UK,2023-03-17,Y
C106898,Suresh Reddy,Vadodara,GJ,2024-02-05,N
C106899,Tarun Siddiqui,Bengaluru,KA,2024-12-27,Y
C106900,Deepak Pillai,Coimbatore,TN,2023-08-12,N
C106901,Amit Mukherjee,Bhopal,MP,2024-08-18,N
C106902,Zoya Shinde,Hyderabad,TS,2023-12-31,N
C106903,Tenzin Jadhav,Bhopal,MP,2023-08-28,N
C106904,Varun Jadhav,Kolkata,WB,2024-09-18,N
C106905,Priya Srivastava,Thiruvananthapuram,KL,2023-06-27,N
C106906,Aishwarya Saxena,Indore,MP,2024-10-20,N
C106907,Divya Kaur,Lucknow,UP,2023-05-07,N
C106908,Pranav Yadav,Patna,BR,2023-11-20,N
C106909,Dev Bose,Bhubaneswar,OR,2024-06-29,N
C106910,Yash George,Mumbai,MH,2024-07-23,Y
C106911,Vikram Goyal,Mumbai,MH,2023-07-14,N
C106912,Arjun Shah,Nashik,MH,2023-09-17,N
C106913,Farah Desai,Gurugram,HR,2022-08-29,Y
C106914,Thomas Pillai,Vadodara,GJ,2022-07-19,N
C106915,Kavya Shah,Bengaluru,KA,2023-12-04,N
C106916,Yash Yadav,Ranchi,JH,2023-09-07,Y
C106917,Jaspreet Mehta,Chennai,TN,2024-08-17,N
C106918,Priya Jain,Bhubaneswar,OR,2023-08-10,N
C106919,Sunita Sen,Dehradun,UK,2023-10-29,Y
C106920,Pooja Rao,Chandigarh,CH,2024-03-11,Y
C106921,Thomas Gaikwad,Delhi,DL,2023-12-19,N
C106922,Lobsang Desai,Nagpur,MH,2022-12-02,N
C106923,Krishna Sen,Kolkata,WB,2024-05-21,N
C106924,Nikhil Saxena,Patna,BR,2023-08-19,N
C106925,Ayaan Dhillon,Hyderabad,TS,2022-08-30,N
C106926,Shreya Roy,Mumbai,MH,2024-09-23,N
C106927,Sunita Das,Vadodara,GJ,2024-11-09,Y
C106928,Reyansh Patel,Delhi,DL,2024-08-19,Y
C106929,Vivaan Gaikwad,Kolkata,WB,2024-08-10,N
C106930,Sameer Mishra,Bengaluru,KA,2024-11-06,Y
C106931,Vikram Arora,Nashik,MH,2024-07-02,N
C106932,Nikhil Pawar,Coimbatore,TN,2024-01-06,Y
C106933,Om Fernandes,Ahmedabad,GJ,2023-08-18,N
C106934,Harsh George,Mumbai,MH,2022-07-26,N
C106935,Tanvi Patel,Vadodara,GJ,2023-11-25,N
C106936,Ishaan Sethi,Chennai,TN,2023-10-22,Y
C106937,Abhishek Chauhan,Kolkata,WB,2024-11-27,N
C106938,Diya Mathew,Mysuru,KA,2022-08-06,N
C106939,Imran Deshpande,Delhi,DL,2024-02-03,N
C106940,Varun Gupta,Dehradun,UK,2024-07-20,N
C106941,Manpreet Reddy,Vadodara,GJ,2024-04-15,N
C106942,Rohit Bose,Lucknow,UP,2023-05-25,N
C106943,Rahul Kulkarni,Nagpur,MH,2022-09-02,N
C106944,Sai Sharma,Guwahati,AS,2023-04-30,N
C106945,Rohit Deshpande,Pune,MH,2023-01-16,N
C106946,Komal Naidu,Patna,BR,2024-12-16,N
C106947,Payal Varghese,Lucknow,UP,2024-04-20,N
C106948,Riya Qureshi,Surat,GJ,2023-04-03,N
C106949,Varun Srivastava,Bhopal,MP,2022-09-07,N
C106950,Lobsang Roy,Bengaluru,KA,2024-07-16,N
C106951,Ritika Gill,Vadodara,GJ,2024-01-26,N
C106952,Kavya Patil,Delhi,DL,2022-08-15,Y
C106953,Ishaan Kapoor,Thiruvananthapuram,KL,2023-11-06,N
C106954,Reyansh Chopra,Raipur,CG,2024-11-24,N
C106955,Megha Sandhu,Mysuru,KA,2023-11-18,N
C106956,Priya Saxena,Hyderabad,TS,2023-08-27,Y
C106957,Sai Bhatia,Jaipur,RJ,2024-05-22,Y
C106958,Aadhya Khanna,Gurugram,HR,2024-01-09,N
C106959,Reyansh Siddiqui,Bhopal,MP,2024-08-01,Y
C106960,Payal Sandhu,Patna,BR,2022-12-10,N
C106961,Vivaan Roy,Mumbai,MH,2022-09-24,Y
C106962,Zaid Chauhan,Chandigarh,CH,2024-04-27,N
C106963,Zaid Srivastava,Mumbai,MH,2024-07-14,N
C106964,Manish Saxena,Chandigarh,CH,2024-06-22,N
C106965,Harsh Mittal,Kochi,KL,2024-12-17,Y
C106966,Vihaan Banerjee,Ahmedabad,GJ,2024-06-02,N
C106967,Pranav George,Kolkata,WB,2023-11-25,N
C106968,Harpreet Kulkarni,Thiruvananthapuram,KL,2024-09-22,Y
C106969,Ritika Bhatia,Bengaluru,KA,2022-08-18,Y
C106970,Sunita Shinde,Guwahati,AS,2023-05-05,Y
C106971,Faisal Bhatt,Hyderabad,TS,2024-04-21,N
C106972,Swati Sen,Mysuru,KA,2024-07-28,Y
C106973,Bhavna Joshi,Dehradun,UK,2024-04-18,N
C106974,Zoya Singh,Pune,MH,2024-05-09,N
C106975,Sai Rao,Nashik,MH,2024-04-07,Y
C106976,Bhavna Rao,Surat,GJ,2024-08-01,Y
C106977,Rajat Chatterjee,Pune,MH,2023-12-02,N
C106978,Ritika Mittal,Chennai,TN,2024-06-05,Y
C106979,Ritika Kapoor,Guwahati,AS,2023-09-20,N
C106980,Aadhya Verma,Mumbai,MH,2023-09-02,N
C106981,Kunal Yadav,Vadodara,GJ,2024-10-19,Y
C106982,Arjun Das,Patna,BR,2024-01-13,Y
C106983,Meera Malhotra,Mysuru,KA,2023-07-26,N
C106984,Geeta Varghese,Patna,BR,2024-04-10,N
C106985,Reyansh Tiwari,Jaipur,RJ,2022-09-27,N
C106986,Tenzin Rathore,Chennai,TN,2023-08-03,Y
C106987,Krishna Fernandes,Mysuru,KA,2024-02-23,Y
C106988,Kavya D'Souza,Bengaluru,KA,2023-03-13,N
C106989,Swati Mehta,Vadodara,GJ,2024-03-03,N
C106990,Aditya Khan,Chennai,TN,2024-02-25,N
C106991,Imran Naidu,Lucknow,UP,2022-11-09,Y
C106992,Lobsang Bose,Mysuru,KA,2023-06-25,Y
C106993,Aishwarya Ansari,Surat,GJ,2023-12-09,N
C106994,Jaspreet Chauhan,Jaipur,RJ,2024-05-25,Y
C106995,Farah George,Raipur,CG,2022-12-22,N
C106996,Ankit Chauhan,Thiruvananthapuram,KL,2022-08-16,N
C106997,Vikram Varghese,Jaipur,RJ,2024-04-02,N
C106998,Rohan Tiwari,Ranchi,JH,2023-09-12,Y
C106999,Dev Iyer,Thiruvananthapuram,KL,2022-09-21,Y
C107000,Aadhya Menon,Mumbai,MH,2022-11-15,N
C107001,Tanvi Sharma,Kolkata,WB,2022-08-22,N
C107002,Sukhwinder Mittal,Chennai,TN,2022-10-02,N
C107003,Lobsang Varghese,Thiruvananthapuram,KL,2024-11-14,N
C107004,Anjali Yadav,Ahmedabad,GJ,2023-01-18,N
C107005,Rajat Bhatt,Bengaluru,KA,2024-08-22,N
C107006,Priya Jadhav,Nagpur,MH,2023-08-16,Y
C107007,Krishna Chopra,Indore,MP,2023-09-08,Y
C107008,Komal Dhillon,Bhubaneswar,OR,2024-08-22,Y
C107009,Saanvi Chopra,Raipur,CG,2024-06-02,Y
C107010,Riya D'Souza,Coimbatore,TN,2024-05-29,N
C107011,Daniel Mittal,Nashik,MH,2023-11-01,N
C107012,Lakshmi Banerjee,Ahmedabad,GJ,2024-04-18,N
C107013,Vihaan Sandhu,Coimbatore,TN,2023-06-22,N
C107014,Rahul Shinde,Raipur,CG,2023-09-09,N
C107015,Ankit Khan,Kolkata,WB,2024-11-06,N
C107016,Kavya Gaikwad,Lucknow,UP,2024-05-06,N
C107017,Simran Bhatia,Dehradun,UK,2024-12-05,N
C107018,Manpreet Varghese,Mysuru,KA,2024-01-18,Y
C107019,Meera Rao,Kolkata,WB,2023-10-03,N
C107020,Anjali Arora,Lucknow,UP,2022-12-21,N
C107021,Manish Singh,Nagpur,MH,2022-08-22,N
C107022,Om Qureshi,Mysuru,KA,2024-11-26,Y
C107023,Siddharth Roy,Kochi,KL,2022-10-17,N
C107024,Ankit Malhotra,Mysuru,KA,2023-02-08,N
C107025,Pooja Arora,Thiruvananthapuram,KL,2022-08-13,N
C107026,Priya Rathore,Pune,MH,2024-04-14,Y
C107027,Aditya Kumar,Noida,UP,2024-05-16,N
C107028,Aditya Sen,Patna,BR,2022-12-01,N
C107029,Imran Mishra,Pune,MH,2022-09-12,N
C107030,Steven Pillai,Dehradun,UK,2022-08-24,N
C107031,Kavya Pandey,Kochi,KL,2022-09-20,N
C107032,Vihaan Sandhu,Nashik,MH,2024-01-24,Y
C107033,Ayaan Varghese,Pune,MH,2023-10-19,N
C107034,Rajat Verma,Ahmedabad,GJ,2022-08-17,N
C107035,Vivaan Pereira,Gurugram,HR,2022-12-01,N
C107036,Lobsang Rao,Nashik,MH,2024-02-06,N
C107037,Megha Chopra,Patna,BR,2024-09-02,Y
C107038,Rohit Naidu,Vadodara,GJ,2022-10-11,N
C107039,Manish Sethi,Vadodara,GJ,2023-07-27,N
C107040,Komal Ghosh,Lucknow,UP,2022-09-01,N
C107041,Meera Chopra,Pune,MH,2023-10-03,Y
C107042,Pooja Chatterjee,Nashik,MH,2023-05-28,N
C107043,Priya Chauhan,Lucknow,UP,2024-01-26,N
C107044,Nikhil Pandey,Nashik,MH,2022-07-18,N
C107045,Rohit Pillai,Mysuru,KA,2023-07-31,Y
C107046,Harsh Mathew,Bhubaneswar,OR,2024-08-09,N
C107047,Tanvi Bose,Gurugram,HR,2024-05-17,N
C107048,Saanvi Chauhan,Indore,MP,2022-09-05,N
C107049,Joseph Deshpande,Ranchi,JH,2023-11-21,Y
C107050,Tenzin Jadhav,Delhi,DL,2024-12-11,N
C107051,Payal Sen,Chandigarh,CH,2023-03-19,N
C107052,Aditya Gaikwad,Nashik,MH,2024-09-26,Y
C107053,Manish Sharma,Chennai,TN,2022-10-13,Y
C107054,Pranav Nair,Nashik,MH,2024-06-14,N
C107055,Amit Roy,Kolkata,WB,2024-01-20,N
C107056,Manish Srivastava,Coimbatore,TN,2024-03-18,Y
C107057,Kabir Bhatia,Hyderabad,TS,2022-11-24,N
C107058,Ankit Trivedi,Mumbai,MH,2022-12-12,Y
C107059,Jaspreet Saxena,Pune,MH,2024-09-30,Y
C107060,Kavya Ghosh,Raipur,CG,2023-05-09,Y
C107061,Aadhya Joshi,Lucknow,UP,2023-12-08,Y
C107062,Rohit Mukherjee,Hyderabad,TS,2024-10-05,N
C107063,Pooja Chatterjee,Bengaluru,KA,2024-12-25,Y
C107064,Vikram Mukherjee,Lucknow,UP,2023-06-17,N
C107065,Manpreet Deshpande,Ahmedabad,GJ,2024-07-07,N
C107066,Aarav Bhatia,Lucknow,UP,2023-10-24,Y
C107067,Om Sandhu,Jaipur,RJ,2023-12-25,Y
C107068,Sai George,Bhubaneswar,OR,2024-05-18,N
C107069,Tanvi Patel,Lucknow,UP,2023-06-14,N
C107070,Zaid Bansal,Bhopal,MP,2022-10-15,N
C107071,Tenzin Bhatia,Bengaluru,KA,2024-08-26,N
C107072,Sameer Chopra,Thiruvananthapuram,KL,2024-04-13,N
C107073,Pranav Sandhu,Coimbatore,TN,2023-12-18,Y
C107074,Riya Malhotra,Noida,UP,2023-08-12,Y
C107075,Diya Varghese,Indore,MP,2022-10-08,Y
C107076,Ishaan Sheikh,Ranchi,JH,2023-03-25,N
C107077,Zaid Mishra,Coimbatore,TN,2023-12-12,N
C107078,Vivaan Das,Delhi,DL,2024-02-10,Y
C107079,Diya Bhatt,Noida,UP,2023-08-11,Y
C107080,Karan Pandey,Chennai,TN,2022-08-10,N
C107081,Saanvi Patel,Bhopal,MP,2023-01-20,Y
C107082,Faisal Mishra,Coimbatore,TN,2022-07-25,N
C107083,Abhishek Bose,Kochi,KL,2024-03-14,N
C107084,Faisal Pawar,Kochi,KL,2022-10-25,N
C107085,Komal Sethi,Surat,GJ,2023-05-27,Y
C107086,Gurpreet Rao,Chandigarh,CH,2024-05-21,N
C107087,Diya Sheikh,Bhubaneswar,OR,2023-12-27,Y
C107088,Kunal Shinde,Indore,MP,2022-10-17,N
C107089,Daniel Saxena,Surat,GJ,2022-07-29,N
C107090,Manpreet Siddiqui,Dehradun,UK,2024-10-28,N
C107091,Vihaan George,Dehradun,UK,2024-04-18,N
C107092,Simran Mehta,Bhubaneswar,OR,2023-11-14,N
C107093,Rohit Patel,Gurugram,HR,2024-11-11,N
C107094,Vihaan Bhatt,Ahmedabad,GJ,2022-10-09,Y
C107095,Manish Ghosh,Pune,MH,2024-09-17,N
C107096,Joseph Varghese,Kolkata,WB,2023-11-21,N
C107097,Om Shinde,Kolkata,WB,2024-05-16,N
C107098,Ritika Bose,Kolkata,WB,2024-07-19,N
C107099,Ananya Iyer,Vadodara,GJ,2022-09-28,N
C107100,Ananya Sen,Raipur,CG,2024-09-23,N
C107101,Swati Pereira,Bhubaneswar,OR,2024-01-14,Y
C107102,Rajat Qureshi,Chennai,TN,2024-11-06,N
C107103,Divya Verma,Coimbatore,TN,2023-09-30,N
C107104,Rajat Shah,Bhopal,MP,2024-02-23,N
C107105,Vihaan Deshpande,Indore,MP,2024-11-01,N
C107106,Zoya Joshi,Delhi,DL,2024-05-06,N
C107107,Lakshmi Patil,Kolkata,WB,2022-09-04,Y
C107108,Sunita Shinde,Visakhapatnam,AP,2024-09-19,N
C107109,Lakshmi Shinde,Mysuru,KA,2023-05-14,N
C107110,Rahul Bhatia,Thiruvananthapuram,KL,2023-01-02,N
C107111,Kabir Pandey,Noida,UP,2024-12-24,Y
C107112,Imran Pillai,Vadodara,GJ,2024-06-06,N
C107113,Sunita Arora,Chennai,TN,2023-12-28,Y
C107114,Simran Rao,Chennai,TN,2024-02-01,N
C107115,Komal Sheikh,Indore,MP,2024-12-25,N
C107116,Tenzin Siddiqui,Kolkata,WB,2022-12-30,N
C107117,Manpreet Tiwari,Ahmedabad,GJ,2023-08-14,Y
C107118,Manish Srivastava,Dehradun,UK,2022-10-04,Y
C107119,Zaid Tiwari,Hyderabad,TS,2024-08-04,N
C107120,Farah Bhatia,Thiruvananthapuram,KL,2023-08-13,Y
C107121,Tarun Chopra,Bhopal,MP,2023-11-28,N
C107122,Riya Banerjee,Dehradun,UK,2023-06-22,N
C107123,Ishaan Desai,Bengaluru,KA,2022-07-22,Y
C107124,Suresh Saxena,Ahmedabad,GJ,2023-11-15,N
C107125,Payal D'Souza,Mumbai,MH,2023-10-29,N
C107126,Kabir Mishra,Lucknow,UP,2023-07-12,N
C107127,Megha Gill,Bhopal,MP,2022-10-14,Y
C107128,Sunita Mathew,Mysuru,KA,2024-02-17,N
C107129,Tanvi Arora,Noida,UP,2023-08-27,Y
C107130,Tarun Nair,Patna,BR,2024-12-08,N
C107131,Om Shah,Bhopal,MP,2024-01-04,N
C107132,Sneha Gupta,Dehradun,UK,2022-07-31,Y
C107133,Zaid Qureshi,Ahmedabad,GJ,2022-10-04,N
C107134,Zoya Agarwal,Dehradun,UK,2023-02-06,N
C107135,Aarav Fernandes,Bhubaneswar,OR,2023-01-02,N
C107136,Aishwarya Banerjee,Vadodara,GJ,2024-04-25,Y
C107137,Bhavna Varghese,Mysuru,KA,2024-04-13,N
C107138,Joseph Das,Surat,GJ,2023-02-09,N
C107139,Rajat Dhillon,Jaipur,RJ,2023-05-30,N
C107140,Vikram Iyer,Pune,MH,2023-11-20,N
C107141,Ritika Mukherjee,Mumbai,MH,2024-09-27,Y
C107142,Rahul Pawar,Kolkata,WB,2023-05-26,Y
C107143,Yash Singh,Pune,MH,2023-05-13,N
C107144,Yash Bhatia,Hyderabad,TS,2023-03-03,N
C107145,Varun Gupta,Dehradun,UK,2024-08-31,N
C107146,Bhavna Goyal,Delhi,DL,2022-12-24,N
C107147,Sameer Pillai,Mysuru,KA,2023-02-16,N
C107148,Lakshmi Bose,Bhopal,MP,2023-01-31,Y
C107149,Isha Joshi,Hyderabad,TS,2024-06-02,N
C107150,Gurpreet Khanna,Ranchi,JH,2023-10-27,Y
C107151,Dev Desai,Pune,MH,2022-07-21,N
C107152,Dev Rathore,Delhi,DL,2024-05-25,N
C107153,Siddharth Arora,Kolkata,WB,2023-08-04,Y
C107154,Zoya Banerjee,Nashik,MH,2023-04-18,N
C107155,Diya Reddy,Raipur,CG,2024-04-02,Y
C107156,Vihaan Iyer,Chennai,TN,2023-02-01,N
C107157,Kunal Nair,Nagpur,MH,2022-08-06,Y
C107158,Nisha Sharma,Chennai,TN,2024-10-25,N
C107159,Kavya Das,Kochi,KL,2023-04-06,N
C107160,Siddharth Naidu,Bengaluru,KA,2023-08-28,N
C107161,Ishaan Bhatt,Delhi,DL,2024-04-28,Y
C107162,Bhavna Bhatia,Mysuru,KA,2023-07-23,Y
C107163,Thomas Rathore,Guwahati,AS,2023-08-05,N
C107164,Vihaan Dhillon,Ranchi,JH,2024-04-26,N
C107165,Rahul Sen,Kochi,KL,2023-08-17,Y
C107166,Sai Khan,Patna,BR,2023-03-07,N
C107167,Divya Fernandes,Patna,BR,2023-04-23,N
C107168,Neha Pawar,Raipur,CG,2024-03-15,N
C107169,Arjun Gupta,Guwahati,AS,2024-12-23,N
C107170,Sameer Patil,Surat,GJ,2023-10-08,Y
C107171,Ananya Agarwal,Noida,UP,2024-01-20,Y
C107172,Ritika Rathore,Chandigarh,CH,2024-08-30,N
C107173,Sameer Mukherjee,Dehradun,UK,2023-10-28,N
C107174,Nikhil Saxena,Hyderabad,TS,2023-04-21,N
C107175,Zoya Arora,Bengaluru,KA,2023-02-28,N
C107176,Sunita Pawar,Surat,GJ,2022-12-11,Y
C107177,Zaid Sethi,Delhi,DL,2024-01-26,N
C107178,Manish Mittal,Bengaluru,KA,2024-08-01,Y
C107179,Sneha Sandhu,Hyderabad,TS,2023-07-22,Y
C107180,Harpreet Ghosh,Nagpur,MH,2022-10-25,Y
C107181,Tanvi Verma,Bhubaneswar,OR,2024-07-02,N
C107182,Bhavna Sheikh,Surat,GJ,2024-04-01,N
C107183,Sunita Shinde,Bhopal,MP,2024-05-20,Y
C107184,Rajat Sharma,Thiruvananthapuram,KL,2023-05-22,Y
C107185,Aishwarya Malhotra,Kochi,KL,2023-11-07,N
C107186,Steven George,Bhubaneswar,OR,2024-03-31,N
C107187,Priya Malhotra,Ranchi,JH,2024-08-04,Y
C107188,Rohan Sharma,Nagpur,MH,2023-04-24,N
C107189,Krishna Qureshi,Mumbai,MH,2023-03-07,N
C107190,Rohit Trivedi,Indore,MP,2024-05-14,N
C107191,Arjun Sharma,Kolkata,WB,2024-01-23,Y
C107192,Megha Sheikh,Bhubaneswar,OR,2023-06-04,Y
C107193,Steven Jain,Delhi,DL,2023-01-26,N
C107194,Vikram Dutta,Kochi,KL,2024-02-14,Y
C107195,Manpreet Kulkarni,Kochi,KL,2023-01-22,Y
C107196,Vikram Mehta,Hyderabad,TS,2022-07-23,Y
C107197,Vikram Chauhan,Gurugram,HR,2022-07-20,N
C107198,Meera Khanna,Surat,GJ,2023-12-18,Y
C107199,Geeta Mukherjee,Lucknow,UP,2022-11-14,N
C107200,Manpreet Verma,Surat,GJ,2022-10-27,Y
C107201,Riya Nair,Hyderabad,TS,2022-07-19,N
C107202,Farah Agarwal,Kochi,KL,2024-09-05,N
C107203,Shreya Shinde,Pune,MH,2022-11-17,N
C107204,Meera George,Nagpur,MH,2024-03-22,Y
C107205,Manpreet Roy,Nagpur,MH,2023-09-08,Y
C107206,Megha Qureshi,Surat,GJ,2023-01-19,N
C107207,Rahul Sheikh,Kolkata,WB,2023-10-03,N
C107208,Yash Fernandes,Jaipur,RJ,2023-07-29,N
C107209,Sunita Rao,Gurugram,HR,2023-01-12,N
C107210,Faisal Kapoor,Mysuru,KA,2022-10-11,N
C107211,Varun Srivastava,Kolkata,WB,2023-05-22,N
C107212,Manish Patil,Kolkata,WB,2023-05-30,N
C107213,Nisha Dutta,Bhubaneswar,OR,2023-12-31,N
C107214,Sneha Bhatt,Surat,GJ,2024-12-23,N
C107215,Isha Siddiqui,Ranchi,JH,2024-06-02,N
C107216,Sai Jadhav,Dehradun,UK,2023-05-22,Y
C107217,Ritika Kapoor,Kochi,KL,2024-12-15,Y
C107218,Tenzin Kumar,Coimbatore,TN,2022-08-03,N
C107219,Farah Mukherjee,Hyderabad,TS,2024-09-02,Y
C107220,Sukhwinder Qureshi,Patna,BR,2024-07-27,N
C107221,Nikhil Verma,Bhopal,MP,2024-02-14,N
C107222,Rajat Chopra,Nashik,MH,2024-03-20,Y
C107223,Imran Pawar,Coimbatore,TN,2023-02-16,Y
C107224,Amit Bose,Chandigarh,CH,2022-08-11,N
C107225,Rohit Saxena,Mysuru,KA,2023-06-26,N
C107226,Bhavna Kulkarni,Jaipur,RJ,2023-02-18,Y
C107227,Simran Khanna,Ahmedabad,GJ,2023-05-29,Y
C107228,Pooja Bose,Lucknow,UP,2023-05-28,N
C107229,Thomas Sandhu,Dehradun,UK,2023-09-12,N
C107230,Sameer Goyal,Coimbatore,TN,2023-01-29,N
C107231,Tarun Qureshi,Bengaluru,KA,2022-08-13,N
C107232,Kavya Jadhav,Kolkata,WB,2022-07-19,Y
C107233,Kavya Jadhav,Hyderabad,TS,2024-11-19,N
C107234,Nisha Dhillon,Delhi,DL,2022-11-10,N
C107235,Rohan Rathore,Bhopal,MP,2024-07-31,Y
C107236,Megha Mehta,Nashik,MH,2023-04-20,N
C107237,Deepak Chauhan,Kolkata,WB,2024-10-02,Y
C107238,Yash Sandhu,Chennai,TN,2023-04-23,N
C107239,Siddharth Verma,Nashik,MH,2023-06-29,Y
C107240,Ishaan Kulkarni,Gurugram,HR,2023-03-08,N
C107241,Rajat Sen,Chandigarh,CH,2023-08-28,N
C107242,Anjali Dutta,Noida,UP,2023-11-09,N
C107243,Dev Gupta,Vadodara,GJ,2024-11-09,N
C107244,Kabir Mathew,Surat,GJ,2024-01-02,Y
C107245,Arjun Sheikh,Mumbai,MH,2024-03-10,Y
C107246,Zaid Bose,Delhi,DL,2024-07-27,N
C107247,Nisha Srivastava,Dehradun,UK,2023-07-13,Y
C107248,Ananya Gupta,Mysuru,KA,2024-04-03,N
C107249,Kavya Malhotra,Jaipur,RJ,2024-03-06,N
C107250,Divya Siddiqui,Lucknow,UP,2022-08-02,N
C107251,Nikhil Patel,Nagpur,MH,2022-08-22,Y
C107252,Sneha Deshpande,Ranchi,JH,2024-08-05,Y
C107253,Yash Sandhu,Chandigarh,CH,2024-04-09,N
C107254,Tenzin Nair,Nagpur,MH,2024-01-12,Y
C107255,Zoya Saxena,Chandigarh,CH,2023-04-28,Y
C107256,Ritika Bhatia,Gurugram,HR,2022-11-18,Y
C107257,Aarav Kapoor,Kolkata,WB,2024-01-01,N
C107258,Isha Deshpande,Bhopal,MP,2023-11-05,N
C107259,Sameer Jain,Kochi,KL,2022-10-19,N
C107260,Pranav Bhatt,Pune,MH,2024-04-16,N
C107261,Manish Bhatia,Bhubaneswar,OR,2024-06-12,N
C107262,Abhishek Rao,Patna,BR,2023-05-18,Y
C107263,Bhavna Roy,Hyderabad,TS,2023-05-24,Y
C107264,Rohit Chauhan,Jaipur,RJ,2024-08-21,N
C107265,Amit Jadhav,Indore,MP,2023-04-05,N
C107266,Isha Reddy,Vadodara,GJ,2024-07-14,Y
C107267,Vivaan Dhillon,Nashik,MH,2023-05-27,N
C107268,Ankit Khan,Nagpur,MH,2022-07-21,N
C107269,Sunita Sethi,Ranchi,JH,2024-11-07,Y
C107270,Aadhya Rathore,Ahmedabad,GJ,2022-12-14,N
C107271,Nisha Sen,Delhi,DL,2024-06-04,Y
C107272,Tanvi Desai,Surat,GJ,2023-08-19,N
C107273,Tenzin Arora,Mysuru,KA,2023-12-22,Y
C107274,Riya D'Souza,Guwahati,AS,2022-11-15,Y
C107275,Sukhwinder Naidu,Chandigarh,CH,2024-08-07,N
C107276,Arjun Mittal,Noida,UP,2023-07-07,N
C107277,Aditya Goyal,Ahmedabad,GJ,2024-04-07,Y
C107278,Diya Yadav,Mumbai,MH,2023-08-01,N
C107279,Aarav Ghosh,Ahmedabad,GJ,2023-07-21,N
C107280,Priya Bhatt,Coimbatore,TN,2024-09-12,Y
C107281,Komal Goyal,Nagpur,MH,2024-11-25,N
C107282,Deepak Bose,Patna,BR,2024-03-20,N
C107283,Gurpreet Chatterjee,Bengaluru,KA,2023-12-20,N
C107284,Om Agarwal,Bhubaneswar,OR,2022-08-20,Y
C107285,Isha Desai,Raipur,CG,2023-07-05,Y
C107286,Shreya Tiwari,Visakhapatnam,AP,2024-10-14,N
C107287,Diya Banerjee,Coimbatore,TN,2023-02-25,N
C107288,Yash Sheikh,Bhubaneswar,OR,2023-11-12,N
C107289,Pooja Khanna,Pune,MH,2023-03-18,N
C107290,Gurpreet Shinde,Thiruvananthapuram,KL,2022-09-04,N
C107291,Vivaan Gill,Noida,UP,2024-11-18,N
C107292,Sneha Kapoor,Delhi,DL,2024-10-18,N
C107293,Karan Shinde,Thiruvananthapuram,KL,2023-05-22,Y
C107294,Varun Rathore,Mysuru,KA,2023-03-17,N
C107295,Sukhwinder Iyer,Nagpur,MH,2022-11-19,N
C107296,Payal Iyer,Visakhapatnam,AP,2022-12-05,N
C107297,Tenzin Naidu,Lucknow,UP,2024-07-23,N
C107298,Ramesh Kumar,Surat,GJ,2024-04-01,N
C107299,Aditya Naidu,Pune,MH,2022-10-19,N
C107300,Tanvi Saxena,Pune,MH,2022-10-22,N
C107301,Priya Mukherjee,Mumbai,MH,2022-07-22,N
C107302,Swati Pillai,Chennai,TN,2023-02-17,N
C107303,Nisha Deshpande,Bengaluru,KA,2024-01-21,N
C107304,Neha Sethi,Noida,UP,2023-10-22,N
C107305,Dev Sandhu,Surat,GJ,2022-07-22,N
C107306,Aarav Saxena,Indore,MP,2022-09-01,N
C107307,Payal Iyer,Thiruvananthapuram,KL,2022-09-27,N
C107308,Priya Das,Indore,MP,2022-10-17,N
C107309,Varun Khan,Bengaluru,KA,2024-04-26,N
C107310,Om Kulkarni,Chennai,TN,2024-10-13,N
C107311,Harsh Sandhu,Mumbai,MH,2023-05-12,N
C107312,Saanvi Qureshi,Patna,BR,2024-12-12,Y
C107313,Sai Goyal,Bengaluru,KA,2023-02-24,N
C107314,Ankit Khan,Gurugram,HR,2024-06-06,N
C107315,Zoya Iyer,Noida,UP,2023-01-06,N
C107316,Joseph Bose,Coimbatore,TN,2024-06-21,N
C107317,Simran Yadav,Dehradun,UK,2024-10-03,N
C107318,Nisha Iyer,Dehradun,UK,2022-08-23,N
C107319,Imran Joshi,Ranchi,JH,2024-09-21,Y
C107320,Aadhya Siddiqui,Nagpur,MH,2023-09-14,Y
C107321,Deepak Jain,Bhopal,MP,2023-02-19,Y
C107322,Farah Nair,Kolkata,WB,2024-08-19,N
C107323,Komal Rathore,Pune,MH,2024-03-26,N
C107324,Priya Verma,Indore,MP,2024-10-27,N
C107325,Anjali Mathew,Bengaluru,KA,2023-11-08,N
C107326,Aditya Gaikwad,Guwahati,AS,2022-11-21,N
C107327,Thomas Gaikwad,Chennai,TN,2022-09-22,N
C107328,Krishna Khanna,Visakhapatnam,AP,2023-04-30,N
C107329,Manish Mukherjee,Bhopal,MP,2023-08-04,Y
C107330,Nikhil Mittal,Raipur,CG,2023-04-08,N
C107331,Megha Mukherjee,Gurugram,HR,2024-06-02,N
C107332,Joseph Mishra,Lucknow,UP,2023-10-21,N
C107333,Vivaan Kapoor,Thiruvananthapuram,KL,2024-03-07,N
C107334,Joseph Iyer,Delhi,DL,2024-01-05,N
C107335,Aadhya Jadhav,Lucknow,UP,2023-03-10,N
C107336,Amit Malhotra,Vadodara,GJ,2023-11-29,Y
C107337,Lobsang Jain,Kolkata,WB,2023-02-03,N
C107338,Rajat Kumar,Chennai,TN,2023-02-24,N
C107339,Tarun Patel,Kolkata,WB,2023-09-28,Y
C107340,Rajat Deshpande,Indore,MP,2022-10-30,N
C107341,Gurpreet Gill,Pune,MH,2023-04-29,N
C107342,Sukhwinder Tiwari,Indore,MP,2023-08-27,Y
C107343,Jaspreet Chauhan,Mysuru,KA,2022-07-21,N
C107344,Kunal Naidu,Raipur,CG,2023-07-08,Y
C107345,Varun Sheikh,Coimbatore,TN,2024-04-28,N
C107346,Lakshmi Bansal,Surat,GJ,2024-09-17,N
C107347,Tenzin Sethi,Coimbatore,TN,2022-07-23,N
C107348,Vihaan Das,Bhopal,MP,2024-10-19,N
C107349,Suresh Kumar,Delhi,DL,2023-11-28,N
C107350,Vivaan Chatterjee,Noida,UP,2023-11-04,N
C107351,Mohammed Pandey,Indore,MP,2024-01-18,N
C107352,Riya Sheikh,Jaipur,RJ,2024-12-05,Y
C107353,Anjali Bhatt,Lucknow,UP,2023-06-08,N
C107354,Imran Pillai,Surat,GJ,2024-01-31,N
C107355,Anjali Gill,Guwahati,AS,2024-07-26,N
C107356,Pranav Mishra,Hyderabad,TS,2024-11-22,Y
C107357,Lobsang Pereira,Lucknow,UP,2024-01-10,N
C107358,Krishna Verma,Thiruvananthapuram,KL,2024-08-05,N
C107359,Amit Patil,Thiruvananthapuram,KL,2024-11-13,N
C107360,Sai Yadav,Hyderabad,TS,2024-10-09,N
C107361,Kabir Malhotra,Mumbai,MH,2023-11-20,N
C107362,Gurpreet Gaikwad,Bhubaneswar,OR,2024-09-29,N
C107363,Manish Iyer,Lucknow,UP,2022-12-05,N
C107364,Simran Sandhu,Gurugram,HR,2024-08-27,N
C107365,Rohan Gill,Mumbai,MH,2024-07-17,Y
C107366,Swati Iyer,Gurugram,HR,2022-10-15,N
C107367,Siddharth Ghosh,Nagpur,MH,2023-01-09,Y
C107368,Divya Arora,Ranchi,JH,2022-09-07,N
C107369,Saanvi Patil,Kochi,KL,2022-09-15,Y
C107370,Meera Sharma,Ranchi,JH,2024-07-15,N
C107371,Rahul Bose,Ranchi,JH,2024-04-05,Y
C107372,Pranav Goyal,Mumbai,MH,2023-03-11,N
C107373,Thomas Roy,Gurugram,HR,2023-05-28,N
C107374,Karan Gaikwad,Chandigarh,CH,2024-03-28,Y
C107375,Komal Srivastava,Noida,UP,2023-12-22,N
C107376,Kunal Sandhu,Raipur,CG,2023-08-23,N
C107377,Manpreet Kaur,Indore,MP,2024-11-30,N
C107378,Kunal Jain,Surat,GJ,2023-12-28,N
C107379,Priya Kulkarni,Visakhapatnam,AP,2024-10-18,N
C107380,Rohit Mathew,Delhi,DL,2022-08-25,Y
C107381,Gurpreet Pawar,Gurugram,HR,2024-04-20,Y
C107382,Sukhwinder Shinde,Bengaluru,KA,2023-08-30,N
C107383,Vihaan Iyer,Pune,MH,2024-01-29,N
C107384,Ishaan Mehta,Thiruvananthapuram,KL,2023-08-30,N
C107385,Amit Jadhav,Mumbai,MH,2023-01-21,N
C107386,Sameer Mathew,Coimbatore,TN,2024-09-07,N
C107387,Nisha Pandey,Hyderabad,TS,2022-11-12,N
C107388,Daniel Sheikh,Noida,UP,2024-04-28,N
C107389,Krishna Pereira,Jaipur,RJ,2024-04-22,N
C107390,Rajat Bhatt,Mysuru,KA,2024-03-27,Y
C107391,Rohan Kapoor,Hyderabad,TS,2024-12-02,N
C107392,Harsh Varghese,Kolkata,WB,2023-01-08,N
C107393,Tanvi Patel,Surat,GJ,2024-01-27,N
C107394,Geeta Chauhan,Vadodara,GJ,2022-11-15,Y
C107395,Nisha Kapoor,Chandigarh,CH,2024-07-15,N
C107396,Varun Sethi,Indore,MP,2024-03-24,N
C107397,Karan Rathore,Mumbai,MH,2023-06-07,N
C107398,Abhishek Bose,Pune,MH,2023-06-24,N
C107399,Aishwarya Kumar,Noida,UP,2024-08-27,Y
C107400,Jaspreet Sethi,Vadodara,GJ,2023-08-23,N
C107401,Dev Tiwari,Jaipur,RJ,2022-10-02,Y
C107402,Ananya Fernandes,Visakhapatnam,AP,2022-12-10,N
C107403,Dev George,Gurugram,HR,2023-03-13,N
C107404,Jaspreet Bose,Ahmedabad,GJ,2023-01-24,N
C107405,Meera Patel,Chandigarh,CH,2023-03-23,Y
C107406,Zaid D'Souza,Chennai,TN,2022-10-14,Y
C107407,Ramesh Dhillon,Guwahati,AS,2022-10-10,N
C107408,Deepak Saxena,Lucknow,UP,2023-03-15,N
C107409,Krishna Sethi,Nagpur,MH,2023-12-05,N
C107410,Anjali Shah,Pune,MH,2024-02-01,N
C107411,Joseph Chatterjee,Guwahati,AS,2023-08-20,N
C107412,Kavya Chauhan,Kochi,KL,2024-09-09,N
C107413,Divya Gupta,Bhopal,MP,2024-05-09,N
C107414,Riya Desai,Kochi,KL,2024-11-26,Y
C107415,Yash Khan,Coimbatore,TN,2023-07-20,Y
C107416,Pooja D'Souza,Chennai,TN,2024-03-02,N
C107417,Komal Pillai,Guwahati,AS,2023-01-19,N
C107418,Ankit Kaur,Hyderabad,TS,2024-01-15,Y
C107419,Jaspreet Desai,Visakhapatnam,AP,2022-10-18,N
C107420,Zaid Rathore,Thiruvananthapuram,KL,2023-06-04,Y
C107421,Aishwarya Nair,Raipur,CG,2023-08-31,Y
C107422,Shreya Kapoor,Thiruvananthapuram,KL,2024-03-25,Y
C107423,Yash Patel,Guwahati,AS,2024-05-24,N
C107424,Jaspreet Desai,Dehradun,UK,2024-12-16,N
C107425,Lobsang Rao,Pune,MH,2022-08-30,N
C107426,Daniel Ghosh,Mysuru,KA,2023-04-20,N
C107427,Jaspreet Roy,Delhi,DL,2024-02-26,N
C107428,Aadhya Verma,Bhopal,MP,2024-12-17,N
C107429,Gurpreet Reddy,Coimbatore,TN,2024-05-18,Y
C107430,Aishwarya Agarwal,Chennai,TN,2024-07-16,N
C107431,Tanvi Pereira,Noida,UP,2022-09-04,N
C107432,Deepak Iyer,Kochi,KL,2022-12-29,N
C107433,Daniel Patil,Lucknow,UP,2023-01-31,N
C107434,Megha Chopra,Ahmedabad,GJ,2024-05-26,Y
C107435,Abhishek Fernandes,Mysuru,KA,2023-01-08,N
C107436,Sameer Varghese,Bhubaneswar,OR,2023-05-16,N
C107437,Steven Goyal,Pune,MH,2024-07-18,N
C107438,Rohit Joshi,Hyderabad,TS,2024-12-25,Y
C107439,Harpreet Jain,Hyderabad,TS,2023-03-09,N
C107440,Geeta Patil,Chennai,TN,2024-11-18,Y
C107441,Sai Chopra,Guwahati,AS,2024-06-30,N
C107442,Manish Sen,Coimbatore,TN,2023-06-23,Y
C107443,Tarun Khan,Delhi,DL,2023-02-16,N
C107444,Joseph Trivedi,Indore,MP,2024-06-15,N
C107445,Lobsang Bansal,Bhubaneswar,OR,2024-11-13,Y
C107446,Kavya Tiwari,Kolkata,WB,2023-10-29,N
C107447,Tenzin Varghese,Nagpur,MH,2024-10-07,N
C107448,Mohammed Chauhan,Nashik,MH,2024-04-06,N
C107449,Pranav Patil,Bhopal,MP,2023-04-28,N
C107450,Steven Kaur,Bhopal,MP,2024-06-26,N
C107451,Dev Kumar,Coimbatore,TN,2024-12-18,N
C107452,Suresh Goyal,Patna,BR,2023-05-04,Y
C107453,Krishna Roy,Bhubaneswar,OR,2023-05-30,N
C107454,Ananya Chauhan,Indore,MP,2022-10-20,N
C107455,Vikram Mehta,Ahmedabad,GJ,2022-07-19,Y
C107456,Aishwarya Rao,Bhubaneswar,OR,2023-08-25,Y
C107457,Imran Singh,Gurugram,HR,2023-12-17,N
C107458,Harsh Khanna,Nashik,MH,2024-04-08,N
C107459,Daniel Trivedi,Bhubaneswar,OR,2023-03-19,Y
C107460,Aadhya Yadav,Coimbatore,TN,2022-12-25,Y
C107461,Mohammed Gaikwad,Coimbatore,TN,2024-10-04,Y
C107462,Ankit Malhotra,Ahmedabad,GJ,2023-07-21,N
C107463,Vihaan Shah,Visakhapatnam,AP,2023-10-29,N
C107464,Bhavna Sandhu,Delhi,DL,2023-05-14,Y
C107465,Krishna Gill,Ranchi,JH,2024-10-28,N
C107466,Nikhil Qureshi,Chennai,TN,2023-10-07,Y
C107467,Harsh Gill,Jaipur,RJ,2024-11-26,N
C107468,Vivaan Kulkarni,Thiruvananthapuram,KL,2023-01-26,Y
C107469,Zaid Jadhav,Kochi,KL,2023-10-08,N
C107470,Harsh Gill,Bhubaneswar,OR,2022-10-24,Y
C107471,Lobsang Patel,Jaipur,RJ,2024-03-27,N
C107472,Ramesh Trivedi,Surat,GJ,2023-10-05,N
C107473,Priya Gill,Lucknow,UP,2024-08-18,N
C107474,Daniel Patel,Mysuru,KA,2024-03-10,Y
C107475,Kabir Desai,Kolkata,WB,2022-12-15,N
C107476,Rohan Rao,Patna,BR,2023-07-10,Y
C107477,Aadhya Chopra,Pune,MH,2023-03-22,N
C107478,Anjali Kaur,Thiruvananthapuram,KL,2022-10-04,Y
C107479,Kavya Naidu,Bengaluru,KA,2023-01-13,Y
C107480,Priya Fernandes,Noida,UP,2023-08-22,N
C107481,Harpreet Trivedi,Visakhapatnam,AP,2022-08-07,N
C107482,Yash Bhatia,Coimbatore,TN,2022-12-03,Y
C107483,Payal Menon,Ranchi,JH,2023-12-12,N
C107484,Gurpreet Singh,Noida,UP,2024-07-30,N
C107485,Harsh Bose,Nashik,MH,2022-08-13,Y
C107486,Neha Bansal,Kolkata,WB,2024-07-02,N
C107487,Saanvi Ghosh,Raipur,CG,2024-01-25,N
C107488,Rohan Dutta,Nashik,MH,2024-10-17,N
C107489,Karan Sharma,Hyderabad,TS,2024-06-18,N
C107490,Rahul Arora,Ahmedabad,GJ,2023-02-09,N
C107491,Meera Deshpande,Ranchi,JH,2023-07-09,N
C107492,Arjun Sharma,Delhi,DL,2024-10-09,Y
C107493,Vivaan Sethi,Chandigarh,CH,2023-03-14,N
C107494,Priya Chatterjee,Bhubaneswar,OR,2023-08-03,N
C107495,Sukhwinder Mathew,Gurugram,HR,2024-04-21,N
C107496,Om Kulkarni,Gurugram,HR,2024-11-10,N
C107497,Siddharth Siddiqui,Pune,MH,2023-12-21,N
C107498,Rajat Pillai,Bengaluru,KA,2023-01-27,N
C107499,Sai Gaikwad,Vadodara,GJ,2024-09-29,N
C107500,Gurpreet Chatterjee,Vadodara,GJ,2023-05-11,N
C107501,Reyansh Tiwari,Gurugram,HR,2024-11-22,N
C107502,Joseph Reddy,Visakhapatnam,AP,2022-07-18,N
C107503,Suresh Patil,Indore,MP,2024-06-03,N
C107504,Imran Mathew,Nashik,MH,2024-06-03,N
C107505,Payal Bose,Patna,BR,2023-03-28,N
C107506,Ankit Kaur,Nashik,MH,2024-10-04,N
C107507,Diya Chatterjee,Mysuru,KA,2024-03-08,Y
C107508,Meera Kaur,Surat,GJ,2024-05-19,N
C107509,Vikram Mathew,Hyderabad,TS,2024-11-03,N
C107510,Zaid Ansari,Bhopal,MP,2023-03-15,N
C107511,Megha Mehta,Surat,GJ,2023-02-28,N
C107512,Ritika Sheikh,Coimbatore,TN,2023-11-26,Y
C107513,Yash Bhatia,Raipur,CG,2024-01-20,Y
C107514,Tenzin Bansal,Noida,UP,2023-02-14,N
C107515,Nisha Srivastava,Vadodara,GJ,2023-07-30,N
C107516,Vihaan Pillai,Raipur,CG,2023-02-23,N
C107517,Geeta Kapoor,Coimbatore,TN,2023-09-10,N
C107518,Sunita George,Chandigarh,CH,2024-09-20,Y
C107519,Harpreet Khanna,Bhubaneswar,OR,2024-11-02,N
C107520,Nikhil Pereira,Nashik,MH,2023-10-29,N
C107521,Daniel Siddiqui,Visakhapatnam,AP,2024-08-12,Y
C107522,Saanvi Das,Hyderabad,TS,2024-06-07,N
C107523,Tanvi Singh,Bhubaneswar,OR,2024-05-08,Y
C107524,Thomas Gill,Lucknow,UP,2022-12-03,N
C107525,Zaid Qureshi,Bhopal,MP,2024-03-19,Y
C107526,Ritika Verma,Ranchi,JH,2024-03-14,N
C107527,Manish Gaikwad,Pune,MH,2023-06-13,N
C107528,Manpreet Roy,Gurugram,HR,2024-08-27,N
C107529,Meera Mehta,Thiruvananthapuram,KL,2023-11-30,N
C107530,Saanvi Dutta,Bhubaneswar,OR,2022-09-22,N
C107531,Amit George,Coimbatore,TN,2024-06-26,Y
C107532,Ananya Naidu,Pune,MH,2024-07-22,N
C107533,Harsh Gaikwad,Bhopal,MP,2024-12-11,N
C107534,Meera Pandey,Nagpur,MH,2024-01-22,Y
C107535,Sai Chauhan,Bhubaneswar,OR,2024-10-06,N
C107536,Lobsang Sethi,Bhopal,MP,2024-07-18,N
C107537,Aishwarya Saxena,Dehradun,UK,2024-12-01,Y
C107538,Dev Desai,Bhopal,MP,2022-09-20,Y
C107539,Megha Chopra,Guwahati,AS,2024-04-19,N
C107540,Mohammed Qureshi,Patna,BR,2024-02-21,N
C107541,Kavya Sethi,Patna,BR,2022-10-05,N
C107542,Geeta Naidu,Patna,BR,2024-02-03,Y
C107543,Megha Joshi,Gurugram,HR,2024-05-18,N
C107544,Kavya Banerjee,Thiruvananthapuram,KL,2022-11-13,N
C107545,Ramesh Shah,Nashik,MH,2024-05-02,N
C107546,Meera Mathew,Indore,MP,2023-05-01,Y
C107547,Simran Gaikwad,Chandigarh,CH,2024-04-04,N
C107548,Abhishek Bhatia,Indore,MP,2024-03-12,N
C107549,Ananya Mathew,Vadodara,GJ,2022-10-21,N
C107550,Ishaan Ghosh,Coimbatore,TN,2024-12-23,Y
C107551,Riya Gaikwad,Hyderabad,TS,2022-12-08,N
C107552,Reyansh Chatterjee,Bengaluru,KA,2023-08-03,N
C107553,Steven Arora,Patna,BR,2024-02-15,N
C107554,Diya Gill,Mumbai,MH,2024-08-18,N
C107555,Ritika Pawar,Kolkata,WB,2024-01-15,Y
C107556,Diya Khan,Nashik,MH,2023-06-03,N
C107557,Simran Deshpande,Delhi,DL,2023-06-18,N
C107558,Sneha Bhatt,Bhubaneswar,OR,2024-05-09,N
C107559,Ayaan Qureshi,Dehradun,UK,2023-11-11,N
C107560,Daniel Trivedi,Chennai,TN,2022-07-18,N
C107561,Rohit Trivedi,Coimbatore,TN,2023-12-03,N
C107562,Steven Siddiqui,Visakhapatnam,AP,2024-06-16,N
C107563,Pooja Srivastava,Coimbatore,TN,2024-01-27,N
C107564,Manpreet George,Indore,MP,2023-04-06,Y
C107565,Geeta Kaur,Ahmedabad,GJ,2024-12-27,N
C107566,Reyansh Joshi,Hyderabad,TS,2022-07-25,N
C107567,Ramesh Kumar,Patna,BR,2023-10-14,N
C107568,Yash Siddiqui,Visakhapatnam,AP,2024-11-26,N
C107569,Megha Shinde,Mumbai,MH,2024-09-27,N
C107570,Sneha Trivedi,Vadodara,GJ,2024-05-23,N
C107571,Ritika Nair,Kochi,KL,2022-12-01,N
C107572,Kabir George,Kolkata,WB,2024-07-15,N
C107573,Geeta Mehta,Gurugram,HR,2024-09-02,Y
C107574,Amit George,Nashik,MH,2024-05-05,N
C107575,Tanvi Nair,Jaipur,RJ,2023-02-01,N
C107576,Aishwarya Sharma,Raipur,CG,2024-08-12,Y
C107577,Priya Verma,Chennai,TN,2024-05-18,Y
C107578,Zoya Bhatia,Kochi,KL,2022-09-30,N
C107579,Meera Reddy,Bengaluru,KA,2024-11-15,Y
C107580,Ramesh Desai,Hyderabad,TS,2023-12-05,N
C107581,Manpreet Bhatt,Indore,MP,2024-10-11,Y
C107582,Suresh Singh,Ranchi,JH,2022-10-18,N
C107583,Dev Kulkarni,Guwahati,AS,2023-07-11,N
C107584,Ayaan Bhatt,Noida,UP,2023-10-26,Y
C107585,Aarav Banerjee,Bengaluru,KA,2023-11-14,Y
C107586,Suresh Jadhav,Indore,MP,2024-10-15,N
C107587,Manish Sheikh,Raipur,CG,2023-03-26,N
C107588,Geeta Patil,Jaipur,RJ,2024-01-15,N
C107589,Aadhya Jadhav,Indore,MP,2022-10-14,Y
C107590,Manpreet Qureshi,Visakhapatnam,AP,2023-08-03,N
C107591,Yash Desai,Mumbai,MH,2022-09-28,N
C107592,Sameer Tiwari,Bhubaneswar,OR,2024-11-10,N
C107593,Saanvi Banerjee,Indore,MP,2023-12-29,N
C107594,Neha Pillai,Ranchi,JH,2023-08-23,N
C107595,Ramesh Saxena,Jaipur,RJ,2023-07-19,Y
C107596,Simran Naidu,Noida,UP,2023-04-18,N
C107597,Vikram Mukherjee,Ahmedabad,GJ,2024-04-27,N
C107598,Anjali Dutta,Bhopal,MP,2024-01-20,N
C107599,Amit Rao,Surat,GJ,2025-01-01,N
C107600,Dev Kulkarni,Mysuru,KA,2023-12-27,N
C107601,Pranav Shah,Lucknow,UP,2023-07-10,Y
C107602,Tarun Agarwal,Bengaluru,KA,2022-10-03,Y
C107603,Saanvi Kaur,Mysuru,KA,2024-06-29,N
C107604,Neha Iyer,Visakhapatnam,AP,2024-09-22,Y
C107605,Jaspreet Nair,Indore,MP,2023-09-26,Y
C107606,Rahul Malhotra,Coimbatore,TN,2023-01-14,N
C107607,Tanvi Shinde,Pune,MH,2023-03-23,Y
C107608,Thomas Malhotra,Bengaluru,KA,2024-08-30,N
C107609,Harpreet Kulkarni,Delhi,DL,2024-04-02,N
C107610,Gurpreet Rao,Bhubaneswar,OR,2024-08-16,N
C107611,Gurpreet Shah,Surat,GJ,2023-06-27,N
C107612,Rahul Kumar,Chennai,TN,2023-10-09,Y
C107613,Yash Pawar,Nagpur,MH,2024-05-29,Y
C107614,Rajat Chopra,Ranchi,JH,2024-01-11,N
C107615,Rohit Sharma,Kolkata,WB,2024-12-09,N
C107616,Aarav Bhatt,Surat,GJ,2024-05-04,N
C107617,Rohan Pillai,Pune,MH,2024-08-11,Y
C107618,Vihaan Trivedi,Coimbatore,TN,2022-10-23,N
C107619,Vikram Pandey,Pune,MH,2022-08-22,Y
C107620,Om Verma,Patna,BR,2024-07-28,N
C107621,Manpreet Arora,Pune,MH,2024-12-25,N
C107622,Neha Agarwal,Jaipur,RJ,2024-06-21,N
C107623,Aarav Arora,Raipur,CG,2023-12-05,Y
C107624,Daniel Tiwari,Lucknow,UP,2023-01-04,N
C107625,Lobsang Banerjee,Thiruvananthapuram,KL,2024-05-28,N
C107626,Pooja Patil,Nashik,MH,2024-02-29,Y
C107627,Sameer Yadav,Ahmedabad,GJ,2024-04-24,N
C107628,Nisha George,Mysuru,KA,2023-12-13,N
C107629,Aadhya Srivastava,Ahmedabad,GJ,2024-12-07,N
C107630,Nikhil Sharma,Nagpur,MH,2022-10-07,Y
C107631,Tarun Iyer,Thiruvananthapuram,KL,2024-02-08,N
C107632,Isha Sandhu,Lucknow,UP,2022-07-18,Y
C107633,Vihaan Tiwari,Mumbai,MH,2022-12-17,N
C107634,Lakshmi Reddy,Hyderabad,TS,2023-02-26,N
C107635,Siddharth Singh,Lucknow,UP,2024-10-24,N
C107636,Ritika Patel,Patna,BR,2023-09-07,N
C107637,Ankit Fernandes,Surat,GJ,2023-12-09,N
C107638,Diya Varghese,Mumbai,MH,2024-11-11,N
C107639,Divya Khan,Chennai,TN,2023-11-12,Y
C107640,Rohit Sen,Chennai,TN,2024-08-09,N
C107641,Krishna Saxena,Jaipur,RJ,2023-10-05,N
C107642,Sukhwinder Shinde,Indore,MP,2022-10-01,Y
C107643,Neha Gaikwad,Nashik,MH,2023-10-08,Y
C107644,Swati Shah,Ahmedabad,GJ,2024-04-14,N
C107645,Saanvi Bose,Coimbatore,TN,2022-12-19,N
C107646,Faisal Pandey,Coimbatore,TN,2024-08-09,N
C107647,Shreya Khan,Jaipur,RJ,2024-01-06,N
C107648,Isha Varghese,Hyderabad,TS,2023-10-01,Y
C107649,Nisha Banerjee,Bengaluru,KA,2023-04-11,Y
C107650,Shreya Dhillon,Indore,MP,2023-02-26,Y
C107651,Swati Saxena,Delhi,DL,2024-10-30,N
C107652,Sameer Chopra,Nashik,MH,2022-11-15,N
C107653,Bhavna Jain,Jaipur,RJ,2022-07-24,Y
C107654,Dev Jadhav,Bhubaneswar,OR,2023-04-29,Y
C107655,Tanvi Mehta,Vadodara,GJ,2023-11-30,N
C107656,Isha Iyer,Ahmedabad,GJ,2022-11-16,N
C107657,Nikhil Mishra,Visakhapatnam,AP,2023-11-10,Y
C107658,Sukhwinder Verma,Chennai,TN,2024-12-06,N
C107659,Zoya George,Bengaluru,KA,2023-12-09,N
C107660,Ritika Deshpande,Mumbai,MH,2023-05-21,N
C107661,Swati Roy,Jaipur,RJ,2024-01-29,Y
C107662,Geeta Chatterjee,Chandigarh,CH,2023-06-30,Y
C107663,Sneha Pereira,Ranchi,JH,2024-05-14,N
C107664,Geeta Qureshi,Raipur,CG,2023-05-20,N
C107665,Siddharth Sethi,Nagpur,MH,2024-02-08,N
C107666,Sameer Roy,Guwahati,AS,2024-01-21,N
C107667,Siddharth Kulkarni,Raipur,CG,2022-10-17,N
C107668,Harpreet Sharma,Bengaluru,KA,2023-08-27,N
C107669,Isha Mittal,Pune,MH,2022-10-08,N
C107670,Priya Gill,Nashik,MH,2024-07-29,N
C107671,Steven Mehta,Bengaluru,KA,2023-10-13,Y
C107672,Pranav Agarwal,Kolkata,WB,2024-03-10,N
C107673,Daniel Pawar,Visakhapatnam,AP,2023-05-20,N
C107674,Pranav Siddiqui,Guwahati,AS,2023-07-25,N
C107675,Sai Joshi,Dehradun,UK,2023-12-18,N
C107676,Abhishek Fernandes,Ahmedabad,GJ,2022-11-18,Y
C107677,Aarav Mathew,Kochi,KL,2022-08-11,Y
C107678,Joseph Sheikh,Dehradun,UK,2023-03-12,N
C107679,Suresh Verma,Indore,MP,2022-08-07,N
C107680,Priya Chopra,Mumbai,MH,2022-08-31,N
C107681,Simran Dutta,Mysuru,KA,2024-11-10,Y
C107682,Nikhil Tiwari,Visakhapatnam,AP,2024-06-18,N
C107683,Nikhil Qureshi,Patna,BR,2023-08-03,N
C107684,Rajat Ansari,Delhi,DL,2024-08-09,N
C107685,Abhishek Verma,Nashik,MH,2024-04-30,N
C107686,Ankit Pandey,Kochi,KL,2022-10-07,Y
C107687,Rajat Kapoor,Patna,BR,2022-11-17,N
C107688,Ritika Dutta,Patna,BR,2023-03-01,Y
C107689,Jaspreet Mishra,Noida,UP,2023-07-30,N
C107690,Deepak Mishra,Chandigarh,CH,2023-02-11,N
C107691,Aadhya Kaur,Mumbai,MH,2022-12-13,N
C107692,Saanvi Sandhu,Mumbai,MH,2024-10-18,N
C107693,Bhavna Ansari,Chennai,TN,2022-08-29,N
C107694,Faisal Iyer,Lucknow,UP,2023-09-22,N
C107695,Steven Nair,Indore,MP,2023-09-09,N
C107696,Megha Bansal,Hyderabad,TS,2023-01-18,Y
C107697,Riya Dhillon,Ranchi,JH,2024-06-17,N
C107698,Rohan Chatterjee,Visakhapatnam,AP,2024-02-03,Y
C107699,Vivaan Mehta,Hyderabad,TS,2022-11-20,Y
C107700,Manish Das,Visakhapatnam,AP,2023-05-18,N
C107701,Ritika Khan,Patna,BR,2024-03-30,Y
C107702,Pranav Fernandes,Chennai,TN,2024-10-12,N
C107703,Nisha Mittal,Dehradun,UK,2022-11-03,Y
C107704,Meera Gupta,Hyderabad,TS,2023-03-08,N
C107705,Rajat Sheikh,Visakhapatnam,AP,2024-01-29,N
C107706,Harsh Bhatia,Kochi,KL,2023-01-11,N
C107707,Manish Bhatt,Nagpur,MH,2023-10-03,N
C107708,Vihaan Ghosh,Thiruvananthapuram,KL,2024-11-10,N
C107709,Sneha Rao,Ahmedabad,GJ,2023-03-09,Y
C107710,Daniel Khanna,Hyderabad,TS,2024-05-09,N
C107711,Varun Gaikwad,Nashik,MH,2022-08-17,N
C107712,Kunal Pawar,Pune,MH,2024-01-23,N
C107713,Deepak Dutta,Indore,MP,2023-08-18,Y
C107714,Kavya Menon,Indore,MP,2024-08-20,N
C107715,Ananya Shah,Indore,MP,2024-05-02,Y
C107716,Rahul Pawar,Noida,UP,2024-09-01,Y
C107717,Thomas Ansari,Nagpur,MH,2024-01-07,Y
C107718,Kabir Jain,Mysuru,KA,2024-06-21,N
C107719,Aarav Patil,Guwahati,AS,2024-03-02,Y
C107720,Thomas Mishra,Hyderabad,TS,2024-01-08,N
C107721,Aditya Singh,Mumbai,MH,2024-02-15,N
C107722,Reyansh Mehta,Dehradun,UK,2023-10-27,N
C107723,Rohan Bansal,Patna,BR,2023-08-11,N
C107724,Vikram Gupta,Patna,BR,2023-09-13,Y
C107725,Manpreet George,Bhubaneswar,OR,2023-02-02,Y
C107726,Geeta George,Bengaluru,KA,2024-09-18,N
C107727,Ayaan Rao,Visakhapatnam,AP,2023-03-12,N
C107728,Rohit Mukherjee,Pune,MH,2023-10-30,Y
C107729,Farah Sheikh,Visakhapatnam,AP,2023-11-15,N
C107730,Reyansh Bansal,Surat,GJ,2023-02-27,N
C107731,Vihaan Menon,Ranchi,JH,2023-08-04,N
C107732,Pooja Menon,Patna,BR,2023-12-11,N
C107733,Abhishek Tiwari,Ranchi,JH,2024-10-10,Y
C107734,Tenzin Gill,Noida,UP,2023-11-05,N
C107735,Priya Sandhu,Visakhapatnam,AP,2022-11-19,N
C107736,Joseph Kapoor,Guwahati,AS,2023-05-10,N
C107737,Vivaan Jain,Bengaluru,KA,2023-05-17,N
C107738,Megha Deshpande,Bhubaneswar,OR,2024-04-07,N
C107739,Nisha Jadhav,Ahmedabad,GJ,2023-10-07,N
C107740,Pranav Patil,Mysuru,KA,2023-10-04,N
C107741,Harsh Kulkarni,Coimbatore,TN,2024-10-14,N
C107742,Krishna Sethi,Nagpur,MH,2022-09-15,Y
C107743,Pooja Sandhu,Lucknow,UP,2022-12-04,Y
C107744,Megha Rao,Patna,BR,2024-03-24,N
C107745,Kunal Chauhan,Mumbai,MH,2023-08-03,Y
C107746,Ayaan Siddiqui,Gurugram,HR,2024-11-06,N
C107747,Payal Yadav,Mumbai,MH,2023-11-17,N
C107748,Vihaan Mathew,Thiruvananthapuram,KL,2024-12-12,N
C107749,Zoya Bose,Pune,MH,2023-03-10,N
C107750,Ankit Tiwari,Kochi,KL,2024-07-29,Y
C107751,Geeta Sen,Lucknow,UP,2024-05-06,N
C107752,Pranav Trivedi,Patna,BR,2023-02-11,Y
C107753,Rajat Mittal,Lucknow,UP,2024-03-04,N
C107754,Harsh Jadhav,Guwahati,AS,2023-03-05,N
C107755,Mohammed Kumar,Bhubaneswar,OR,2024-03-20,N
C107756,Zaid Bose,Chennai,TN,2024-08-17,N
C107757,Divya Bhatt,Bengaluru,KA,2024-11-13,N
C107758,Ishaan Shinde,Ahmedabad,GJ,2022-10-03,N
C107759,Arjun Saxena,Raipur,CG,2023-08-27,Y
C107760,Suresh Khanna,Nagpur,MH,2023-01-24,N
C107761,Simran Srivastava,Indore,MP,2022-07-24,N
C107762,Payal Gupta,Thiruvananthapuram,KL,2022-12-13,N
C107763,Nisha Siddiqui,Noida,UP,2022-11-26,Y
C107764,Payal Pandey,Patna,BR,2023-01-05,N
C107765,Megha Yadav,Noida,UP,2024-05-07,N
C107766,Suresh Nair,Jaipur,RJ,2022-12-11,N
C107767,Manpreet Ansari,Thiruvananthapuram,KL,2024-01-28,N
C107768,Lakshmi Reddy,Jaipur,RJ,2024-05-09,N
C107769,Yash Kulkarni,Indore,MP,2023-09-18,N
C107770,Aishwarya Banerjee,Nagpur,MH,2024-11-18,N
C107771,Ankit George,Kochi,KL,2023-09-10,N
C107772,Aarav Arora,Vadodara,GJ,2024-06-16,N
C107773,Zaid Roy,Kochi,KL,2024-06-11,Y
C107774,Krishna Goyal,Chandigarh,CH,2024-11-19,N
C107775,Megha D'Souza,Mumbai,MH,2022-10-03,Y
C107776,Harsh Desai,Guwahati,AS,2024-06-27,Y
C107777,Jaspreet Gill,Chennai,TN,2023-04-29,Y
C107778,Megha Menon,Kochi,KL,2023-06-18,N
C107779,Dev Ansari,Thiruvananthapuram,KL,2022-10-28,Y
C107780,Aishwarya Sandhu,Pune,MH,2022-12-07,N
C107781,Om Sharma,Ranchi,JH,2022-12-02,Y
C107782,Tarun Mehta,Raipur,CG,2024-10-02,N
C107783,Diya Bansal,Hyderabad,TS,2023-07-19,Y
C107784,Nikhil Agarwal,Delhi,DL,2024-04-15,N
C107785,Bhavna Gill,Lucknow,UP,2022-07-29,N
C107786,Tenzin Sharma,Patna,BR,2024-02-07,Y
C107787,Aarav Malhotra,Surat,GJ,2022-09-06,N
C107788,Abhishek Qureshi,Bengaluru,KA,2024-07-21,N
C107789,Harpreet Mehta,Kolkata,WB,2023-09-25,N
C107790,Karan Mathew,Mumbai,MH,2022-09-25,N
C107791,Ananya Mathew,Mumbai,MH,2024-02-19,N
C107792,Rohan Gupta,Bengaluru,KA,2023-07-12,N
C107793,Komal Agarwal,Patna,BR,2023-08-10,Y
C107794,Krishna Pawar,Hyderabad,TS,2024-04-28,N
C107795,Arjun Dhillon,Noida,UP,2024-06-14,N
C107796,Ankit Reddy,Lucknow,UP,2024-06-30,Y
C107797,Nisha Saxena,Vadodara,GJ,2024-10-06,N
C107798,Tenzin D'Souza,Guwahati,AS,2024-02-08,N
C107799,Siddharth Bose,Nashik,MH,2024-09-29,N
C107800,Gurpreet Ghosh,Pune,MH,2023-07-05,N
C107801,Amit Patel,Chandigarh,CH,2023-05-05,Y
C107802,Yash Ansari,Nagpur,MH,2022-11-29,Y
C107803,Megha Khanna,Hyderabad,TS,2022-07-27,N
C107804,Ritika D'Souza,Delhi,DL,2024-05-18,N
C107805,Zaid Arora,Vadodara,GJ,2024-06-09,N
C107806,Vihaan Naidu,Pune,MH,2023-01-21,N
C107807,Tarun Desai,Indore,MP,2023-06-01,N
C107808,Sai Chauhan,Chandigarh,CH,2024-02-24,Y
C107809,Sameer Verma,Ahmedabad,GJ,2023-08-24,Y
C107810,Sneha Kaur,Delhi,DL,2023-10-12,N
C107811,Sameer Gill,Bhopal,MP,2022-12-27,Y
C107812,Zaid Desai,Vadodara,GJ,2023-03-18,N
C107813,Ananya Sen,Bhubaneswar,OR,2023-04-15,N
C107814,Harsh Das,Jaipur,RJ,2022-09-04,N
C107815,Ananya Iyer,Nagpur,MH,2024-01-10,N
C107816,Neha Sharma,Nashik,MH,2022-08-10,N
C107817,Rohit Srivastava,Guwahati,AS,2023-11-23,N
C107818,Vihaan George,Pune,MH,2024-05-23,N
C107819,Daniel Sandhu,Gurugram,HR,2023-07-05,N
C107820,Vivaan Kapoor,Surat,GJ,2024-07-09,Y
C107821,Om Shah,Guwahati,AS,2024-01-09,Y
C107822,Arjun Singh,Chennai,TN,2024-10-15,N
C107823,Payal Khanna,Indore,MP,2024-07-21,N
C107824,Aarav Menon,Kolkata,WB,2023-03-29,N
C107825,Tanvi Rathore,Kochi,KL,2022-10-31,N
C107826,Om Ansari,Chandigarh,CH,2022-09-23,N
C107827,Pooja Patil,Mumbai,MH,2023-12-05,N
C107828,Ananya Sheikh,Vadodara,GJ,2023-09-04,Y
C107829,Payal Jadhav,Mysuru,KA,2023-08-22,N
C107830,Arjun Mukherjee,Gurugram,HR,2024-05-20,N
C107831,Kabir Sheikh,Noida,UP,2023-10-17,N
C107832,Anjali Goyal,Thiruvananthapuram,KL,2024-08-09,N
C107833,Zaid Jain,Chandigarh,CH,2023-01-10,N
C107834,Arjun Varghese,Nagpur,MH,2023-07-21,N
C107835,Dev Patil,Nagpur,MH,2023-07-12,N
C107836,Kunal Jain,Coimbatore,TN,2023-01-14,N
C107837,Diya Jadhav,Thiruvananthapuram,KL,2022-12-18,N
C107838,Swati Mathew,Bhubaneswar,OR,2023-11-19,N
C107839,Sunita Trivedi,Gurugram,HR,2023-12-29,N
C107840,Neha Gill,Noida,UP,2023-04-29,Y
C107841,Yash Verma,Bhubaneswar,OR,2022-10-07,N
C107842,Rahul Dutta,Nashik,MH,2022-12-15,N
C107843,Pranav Agarwal,Kolkata,WB,2024-01-19,N
C107844,Mohammed Reddy,Hyderabad,TS,2023-11-22,N
C107845,Riya Verma,Gurugram,HR,2024-03-10,Y
C107846,Thomas Joshi,Mysuru,KA,2023-01-24,Y
C107847,Manish Gupta,Chennai,TN,2023-12-27,N
C107848,Aishwarya Saxena,Ahmedabad,GJ,2024-10-16,N
C107849,Pooja Nair,Pune,MH,2023-05-08,N
C107850,Ritika Kaur,Delhi,DL,2022-12-22,Y
C107851,Kavya Deshpande,Indore,MP,2024-11-18,Y
C107852,Pranav Menon,Bengaluru,KA,2022-08-26,N
C107853,Ramesh Fernandes,Coimbatore,TN,2022-09-29,N
C107854,Kunal Varghese,Nagpur,MH,2024-10-01,Y
C107855,Karan Pillai,Patna,BR,2024-11-06,N
C107856,Aditya Bhatia,Ranchi,JH,2024-05-06,Y
C107857,Suresh Qureshi,Patna,BR,2024-02-12,N
C107858,Jaspreet Menon,Ahmedabad,GJ,2023-03-29,Y
C107859,Faisal Kumar,Mumbai,MH,2023-01-11,N
C107860,Jaspreet Malhotra,Bengaluru,KA,2023-06-20,N
C107861,Manish Singh,Mumbai,MH,2023-06-28,N
C107862,Om Patel,Guwahati,AS,2023-06-01,N
C107863,Karan Khanna,Jaipur,RJ,2024-01-22,Y
C107864,Nisha Sen,Pune,MH,2024-07-22,N
C107865,Krishna Pandey,Gurugram,HR,2022-08-16,N
C107866,Sameer Naidu,Mysuru,KA,2023-08-30,Y
C107867,Ankit Pillai,Chennai,TN,2024-01-21,Y
C107868,Sameer Kumar,Bhubaneswar,OR,2023-10-23,N
C107869,Kabir Khan,Indore,MP,2024-02-01,N
C107870,Sukhwinder Rathore,Gurugram,HR,2024-12-31,N
C107871,Aadhya Chauhan,Gurugram,HR,2024-08-25,N
C107872,Zoya Chopra,Delhi,DL,2024-07-10,N
C107873,Nisha Nair,Mumbai,MH,2022-08-29,N
C107874,Simran Menon,Patna,BR,2022-09-05,N
C107875,Yash Jadhav,Noida,UP,2023-12-24,Y
C107876,Diya Desai,Ahmedabad,GJ,2024-05-02,N
C107877,Vivaan Arora,Vadodara,GJ,2024-04-03,N
C107878,Imran Malhotra,Nashik,MH,2023-03-30,N
C107879,Suresh Arora,Mysuru,KA,2023-04-10,Y
C107880,Anjali Sethi,Ranchi,JH,2024-08-05,Y
C107881,Rohan Saxena,Bhubaneswar,OR,2022-12-15,Y
C107882,Zaid Qureshi,Ranchi,JH,2024-07-19,N
C107883,Krishna Qureshi,Bengaluru,KA,2024-01-02,Y
C107884,Rohan Naidu,Mysuru,KA,2024-01-18,Y
C107885,Suresh Mehta,Raipur,CG,2023-04-03,N
C107886,Farah Shinde,Visakhapatnam,AP,2024-09-15,N
C107887,Zaid Chopra,Patna,BR,2023-06-09,Y
C107888,Vikram Reddy,Bhubaneswar,OR,2023-04-30,N
C107889,Ankit Mukherjee,Hyderabad,TS,2024-08-30,N
C107890,Abhishek Rathore,Bhopal,MP,2024-12-24,N
C107891,Kavya Dutta,Delhi,DL,2023-09-25,Y
C107892,Thomas Roy,Kochi,KL,2023-05-14,Y
C107893,Joseph Kaur,Nashik,MH,2024-05-29,N
C107894,Sunita Chatterjee,Kochi,KL,2022-08-11,Y
C107895,Aadhya Qureshi,Ranchi,JH,2023-02-02,N
C107896,Manpreet Siddiqui,Ahmedabad,GJ,2023-10-29,Y
C107897,Lobsang Singh,Kolkata,WB,2023-05-01,N
C107898,Neha Shah,Noida,UP,2024-03-18,N
C107899,Saanvi Trivedi,Dehradun,UK,2022-09-24,N
C107900,Sukhwinder Saxena,Raipur,CG,2024-07-09,Y
C107901,Harsh Sethi,Noida,UP,2023-10-09,N
C107902,Ramesh Patel,Ranchi,JH,2022-09-30,N
C107903,Tenzin George,Thiruvananthapuram,KL,2022-10-06,Y
C107904,Krishna Naidu,Indore,MP,2022-09-14,N
C107905,Gurpreet Gaikwad,Gurugram,HR,2023-02-13,Y
C107906,Nikhil Bhatt,Noida,UP,2023-09-07,Y
C107907,Yash Deshpande,Chennai,TN,2024-02-09,N
C107908,Anjali Srivastava,Kolkata,WB,2022-10-17,N
C107909,Nikhil Reddy,Mumbai,MH,2024-08-02,Y
C107910,Ramesh Tiwari,Vadodara,GJ,2024-07-19,Y
C107911,Sneha Pandey,Surat,GJ,2022-11-29,N
C107912,Rohit Joshi,Visakhapatnam,AP,2023-10-15,N
C107913,Jaspreet Jain,Mysuru,KA,2023-11-24,N
C107914,Kabir Arora,Hyderabad,TS,2022-09-07,N
C107915,Abhishek Das,Guwahati,AS,2024-08-03,N
C107916,Divya Agarwal,Mysuru,KA,2023-04-23,Y
C107917,Joseph Jain,Chennai,TN,2024-08-18,N
C107918,Pooja Tiwari,Bhubaneswar,OR,2023-10-28,N
C107919,Kabir Bhatt,Bhopal,MP,2023-09-15,Y
C107920,Ishaan Rathore,Surat,GJ,2023-09-16,N
C107921,Dev Siddiqui,Thiruvananthapuram,KL,2024-05-24,N
C107922,Kabir Tiwari,Thiruvananthapuram,KL,2023-03-01,N
C107923,Aarav Yadav,Guwahati,AS,2022-08-11,Y
C107924,Saanvi Fernandes,Dehradun,UK,2023-12-14,Y
C107925,Thomas Verma,Guwahati,AS,2023-10-30,N
C107926,Imran Agarwal,Jaipur,RJ,2022-08-06,N
C107927,Sneha Iyer,Thiruvananthapuram,KL,2023-01-27,N
C107928,Farah Rao,Guwahati,AS,2023-07-14,N
C107929,Pooja Yadav,Nashik,MH,2024-08-08,Y
C107930,Gurpreet Bhatt,Coimbatore,TN,2024-12-28,N
C107931,Aditya Fernandes,Chandigarh,CH,2024-07-31,N
C107932,Krishna Pereira,Noida,UP,2024-11-21,N
C107933,Reyansh Joshi,Jaipur,RJ,2023-07-03,Y
C107934,Farah Pillai,Kochi,KL,2023-12-02,Y
C107935,Bhavna Gill,Visakhapatnam,AP,2022-07-30,N
C107936,Ankit Nair,Kolkata,WB,2022-12-11,N
C107937,Om D'Souza,Pune,MH,2023-12-05,Y
C107938,Geeta Kumar,Bengaluru,KA,2023-10-19,Y
C107939,Steven Nair,Mumbai,MH,2022-12-28,N
C107940,Komal Sen,Nagpur,MH,2024-05-05,N
C107941,Vihaan Pereira,Gurugram,HR,2023-04-01,N
C107942,Ayaan D'Souza,Raipur,CG,2023-10-01,N
C107943,Komal Sheikh,Chandigarh,CH,2024-02-14,N
C107944,Ananya Chopra,Guwahati,AS,2024-01-18,Y
C107945,Thomas Kulkarni,Dehradun,UK,2024-04-11,N
C107946,Farah Malhotra,Raipur,CG,2022-10-22,N
C107947,Swati D'Souza,Chandigarh,CH,2022-12-01,N
C107948,Aditya Singh,Bengaluru,KA,2024-07-08,N
C107949,Lakshmi Gaikwad,Noida,UP,2023-07-12,N
C107950,Bhavna Chatterjee,Coimbatore,TN,2024-09-19,N
C107951,Priya Gupta,Surat,GJ,2023-10-12,N
C107952,Harsh Tiwari,Guwahati,AS,2024-04-19,Y
C107953,Gurpreet Bhatt,Visakhapatnam,AP,2024-06-15,Y
C107954,Manpreet Mathew,Jaipur,RJ,2023-09-14,N
C107955,Zoya Varghese,Gurugram,HR,2024-06-17,N
C107956,Vivaan Menon,Patna,BR,2024-02-29,N
C107957,Om Sheikh,Visakhapatnam,AP,2022-09-07,N
C107958,Aarav Sheikh,Pune,MH,2023-04-06,N
C107959,Ramesh Sandhu,Dehradun,UK,2022-10-04,Y
C107960,Isha Kaur,Coimbatore,TN,2024-06-06,Y
C107961,Pranav Rao,Indore,MP,2024-04-24,N
C107962,Sai Singh,Pune,MH,2023-12-12,N
C107963,Krishna Nair,Thiruvananthapuram,KL,2023-10-16,N
C107964,Deepak Ghosh,Ranchi,JH,2022-08-11,N
C107965,Harsh Menon,Raipur,CG,2023-01-08,N
C107966,Rohan Arora,Lucknow,UP,2024-03-21,N
C107967,Zoya Agarwal,Guwahati,AS,2023-12-14,N
C107968,Ramesh Jain,Chennai,TN,2022-08-31,N
C107969,Harpreet Jadhav,Nagpur,MH,2023-08-31,Y
C107970,Priya Gaikwad,Ranchi,JH,2024-12-31,N
C107971,Faisal Qureshi,Chennai,TN,2023-07-10,N
C107972,Neha Malhotra,Hyderabad,TS,2023-05-26,Y
C107973,Tarun Sandhu,Ahmedabad,GJ,2024-06-18,N
C107974,Jaspreet Tiwari,Chennai,TN,2024-06-04,Y
C107975,Divya Ghosh,Gurugram,HR,2024-08-02,Y
C107976,Neha Trivedi,Noida,UP,2024-04-07,N
C107977,Ananya Dutta,Hyderabad,TS,2022-08-10,Y
C107978,Priya Singh,Gurugram,HR,2022-10-14,Y
C107979,Anjali Verma,Gurugram,HR,2024-09-12,N
C107980,Amit Gaikwad,Bhopal,MP,2024-08-02,Y
C107981,Imran Shinde,Kochi,KL,2024-11-19,N
C107982,Siddharth Menon,Ahmedabad,GJ,2024-04-08,Y
C107983,Divya Chauhan,Indore,MP,2024-08-03,N
C107984,Geeta Naidu,Kolkata,WB,2023-04-05,N
C107985,Amit Kaur,Ranchi,JH,2024-03-30,Y
C107986,Ishaan Bhatt,Bengaluru,KA,2023-08-10,N
C107987,Diya Khanna,Bhubaneswar,OR,2023-06-18,N
C107988,Divya Khan,Mysuru,KA,2022-10-19,Y
C107989,Sneha Malhotra,Raipur,CG,2023-11-27,Y
C107990,Ritika Desai,Lucknow,UP,2024-11-17,Y
C107991,Shreya Joshi,Pune,MH,2024-08-09,N
C107992,Saanvi Kaur,Dehradun,UK,2023-05-10,N
C107993,Lobsang Sen,Raipur,CG,2024-05-01,N
C107994,Aadhya Iyer,Kochi,KL,2023-09-16,Y
C107995,Joseph Kaur,Hyderabad,TS,2023-12-09,N
C107996,Harpreet Roy,Pune,MH,2024-12-31,N
C107997,Manish Tiwari,Pune,MH,2024-03-06,N
C107998,Rahul Gill,Mysuru,KA,2022-10-14,Y
C107999,Vikram Trivedi,Hyderabad,TS,2022-10-01,Y
C108000,Saanvi Chatterjee,Noida,UP,2022-09-06,N
C108001,Sneha Shah,Raipur,CG,2024-12-14,N
C108002,Sukhwinder Kapoor,Gurugram,HR,2024-03-11,Y
C108003,Pooja Chopra,Nashik,MH,2023-07-14,N
C108004,Dev Roy,Chandigarh,CH,2024-11-29,Y
C108005,Sai Kumar,Chennai,TN,2024-03-02,Y
C108006,Aditya Ghosh,Lucknow,UP,2024-11-03,N
C108007,Sai Shah,Delhi,DL,2024-11-15,N
C108008,Arjun Siddiqui,Raipur,CG,2024-10-02,Y
C108009,Ayaan Sandhu,Kolkata,WB,2023-01-20,N
C108010,Yash Singh,Coimbatore,TN,2023-09-20,N
C108011,Pranav Kumar,Indore,MP,2022-09-26,N
C108012,Ishaan Srivastava,Gurugram,HR,2024-06-06,N
C108013,Arjun Desai,Patna,BR,2024-10-17,Y
C108014,Ayaan Menon,Pune,MH,2024-07-14,Y
C108015,Aarav Rao,Indore,MP,2022-11-02,N
C108016,Ananya Joshi,Coimbatore,TN,2023-01-14,Y
C108017,Divya Mishra,Dehradun,UK,2023-06-12,Y
C108018,Farah Trivedi,Dehradun,UK,2024-04-06,N
C108019,Steven Jadhav,Visakhapatnam,AP,2023-04-14,N
C108020,Gurpreet Varghese,Thiruvananthapuram,KL,2024-01-05,Y
C108021,Tenzin Verma,Chandigarh,CH,2024-05-23,N
C108022,Suresh Nair,Bhubaneswar,OR,2024-04-23,Y
C108023,Tenzin Bose,Vadodara,GJ,2024-08-28,N
C108024,Siddharth Verma,Noida,UP,2023-02-10,N
C108025,Aishwarya Naidu,Hyderabad,TS,2023-05-31,N
C108026,Kavya Dutta,Gurugram,HR,2024-03-23,N
C108027,Amit Kumar,Coimbatore,TN,2023-10-17,Y
C108028,Komal Verma,Guwahati,AS,2022-07-27,Y
C108029,Aarav Patel,Indore,MP,2024-07-16,N
C108030,Riya George,Ahmedabad,GJ,2022-09-21,N
C108031,Kavya Shinde,Delhi,DL,2024-11-19,N
C108032,Sai Qureshi,Coimbatore,TN,2023-10-22,N
C108033,Pooja Banerjee,Gurugram,HR,2023-07-28,N
C108034,Isha Chopra,Lucknow,UP,2023-02-16,N
C108035,Vihaan Trivedi,Kolkata,WB,2024-08-08,N
C108036,Ishaan D'Souza,Mumbai,MH,2022-07-25,N
C108037,Rahul Naidu,Vadodara,GJ,2024-05-19,N
C108038,Gurpreet Kumar,Chandigarh,CH,2023-07-09,N
C108039,Reyansh Patel,Coimbatore,TN,2023-10-13,N
C108040,Sukhwinder Deshpande,Mumbai,MH,2022-09-25,N
C108041,Aadhya Sethi,Bengaluru,KA,2024-11-27,Y
C108042,Lakshmi Srivastava,Ranchi,JH,2024-11-08,N
C108043,Aishwarya Yadav,Pune,MH,2023-09-09,N
C108044,Thomas Rathore,Surat,GJ,2023-10-10,N
C108045,Ramesh Pillai,Bhopal,MP,2023-04-25,N
C108046,Sukhwinder Gill,Bhopal,MP,2023-03-28,N
C108047,Payal Mehta,Indore,MP,2023-11-09,N
C108048,Vihaan Fernandes,Dehradun,UK,2024-05-25,N
C108049,Siddharth Singh,Pune,MH,2023-11-01,N
C108050,Daniel Rao,Vadodara,GJ,2023-11-12,N
C108051,Yash Pawar,Bhubaneswar,OR,2023-03-18,N
C108052,Nisha Kapoor,Mumbai,MH,2024-12-13,Y
C108053,Aadhya Ghosh,Bhubaneswar,OR,2023-07-28,N
C108054,Reyansh Srivastava,Patna,BR,2023-02-21,N
C108055,Anjali Nair,Ahmedabad,GJ,2022-11-19,N
C108056,Diya Fernandes,Vadodara,GJ,2024-05-11,N
C108057,Imran Singh,Hyderabad,TS,2024-06-10,N
C108058,Tenzin Saxena,Patna,BR,2024-09-28,N
C108059,Payal Mukherjee,Lucknow,UP,2023-05-04,N
C108060,Faisal Jain,Mysuru,KA,2022-09-07,N
C108061,Ananya Jadhav,Kochi,KL,2022-08-24,Y
C108062,Kabir Sethi,Mumbai,MH,2022-09-11,Y
C108063,Lobsang Singh,Bhubaneswar,OR,2024-08-01,N
C108064,Varun Chauhan,Dehradun,UK,2023-03-21,Y
C108065,Varun Desai,Lucknow,UP,2023-04-22,N
C108066,Gurpreet Bhatia,Thiruvananthapuram,KL,2023-08-29,N
C108067,Joseph Bose,Ranchi,JH,2024-03-26,Y
C108068,Karan Pandey,Lucknow,UP,2023-08-27,N
C108069,Mohammed Desai,Indore,MP,2022-07-22,N
C108070,Om Mathew,Jaipur,RJ,2023-12-27,N
C108071,Aditya Khanna,Kolkata,WB,2022-09-03,N
C108072,Swati Mukherjee,Pune,MH,2023-08-23,N
C108073,Sai Kulkarni,Dehradun,UK,2023-12-26,N
C108074,Meera Roy,Dehradun,UK,2023-05-23,N
C108075,Dev Mehta,Pune,MH,2023-03-28,N
C108076,Jaspreet Saxena,Chandigarh,CH,2022-07-27,Y
C108077,Shreya Chatterjee,Surat,GJ,2024-05-12,N
C108078,Lakshmi Fernandes,Patna,BR,2023-06-10,N
C108079,Daniel Gupta,Mumbai,MH,2023-09-09,N
C108080,Dev Desai,Jaipur,RJ,2024-01-09,Y
C108081,Pranav Qureshi,Mysuru,KA,2023-03-17,N
C108082,Aditya Patil,Bhopal,MP,2023-09-26,N
C108083,Tarun Mittal,Indore,MP,2023-09-09,N
C108084,Yash Dhillon,Pune,MH,2023-03-30,Y
C108085,Dev Gaikwad,Coimbatore,TN,2024-08-06,N
C108086,Reyansh Sharma,Raipur,CG,2024-12-13,N
C108087,Shreya Shah,Mysuru,KA,2023-02-19,N
C108088,Rohit Bansal,Chandigarh,CH,2024-10-02,Y
C108089,Harpreet Chatterjee,Mumbai,MH,2022-11-20,Y
C108090,Ankit Chauhan,Bhopal,MP,2022-08-08,N
C108091,Lakshmi Bansal,Vadodara,GJ,2023-06-13,N
C108092,Ritika Menon,Ranchi,JH,2024-05-19,Y
C108093,Saanvi Khanna,Ahmedabad,GJ,2023-11-16,N
C108094,Faisal Desai,Nashik,MH,2022-11-22,N
C108095,Rohit Sharma,Coimbatore,TN,2023-12-21,Y
C108096,Isha Malhotra,Lucknow,UP,2022-12-08,Y
C108097,Yash Trivedi,Mumbai,MH,2023-09-24,N
C108098,Saanvi Naidu,Bhubaneswar,OR,2024-06-04,Y
C108099,Rahul Kapoor,Raipur,CG,2024-03-10,N
C108100,Ritika Gill,Ahmedabad,GJ,2024-05-31,N
C108101,Lakshmi Fernandes,Kochi,KL,2024-10-11,Y
C108102,Pranav D'Souza,Nashik,MH,2022-07-19,N
C108103,Divya Shinde,Jaipur,RJ,2023-02-27,Y
C108104,Shreya Iyer,Ranchi,JH,2024-08-10,Y
C108105,Vikram Sheikh,Noida,UP,2023-01-29,N
C108106,Diya Patil,Nagpur,MH,2024-11-11,Y
C108107,Rajat Sheikh,Kolkata,WB,2024-01-16,N
C108108,Ayaan Bhatia,Surat,GJ,2022-12-14,N
C108109,Ayaan Trivedi,Surat,GJ,2022-08-03,N
C108110,Swati Pereira,Guwahati,AS,2023-10-02,N
C108111,Gurpreet Yadav,Kolkata,WB,2024-03-11,Y
C108112,Ramesh Fernandes,Thiruvananthapuram,KL,2023-08-19,N
C108113,Nikhil Agarwal,Guwahati,AS,2022-09-25,N
C108114,Meera Naidu,Surat,GJ,2023-02-24,Y
C108115,Pooja Malhotra,Nashik,MH,2023-07-18,N
C108116,Geeta Fernandes,Visakhapatnam,AP,2024-04-08,N
C108117,Ayaan Chopra,Thiruvananthapuram,KL,2023-02-12,N
C108118,Aadhya Sandhu,Raipur,CG,2023-10-28,Y
C108119,Saanvi Pawar,Ahmedabad,GJ,2024-12-12,N
C108120,Nisha Tiwari,Coimbatore,TN,2024-06-30,Y
C108121,Geeta Bhatt,Delhi,DL,2023-09-24,N
C108122,Kabir Malhotra,Vadodara,GJ,2024-08-18,Y
C108123,Kabir Bhatt,Noida,UP,2024-08-09,Y
C108124,Ananya Khan,Mumbai,MH,2024-12-28,N
C108125,Abhishek Goyal,Bhubaneswar,OR,2023-01-25,N
C108126,Mohammed Pawar,Jaipur,RJ,2024-06-05,Y
C108127,Simran Khan,Visakhapatnam,AP,2023-02-06,Y
C108128,Sai Goyal,Mumbai,MH,2024-04-27,N
C108129,Tenzin Khanna,Visakhapatnam,AP,2024-02-06,N
C108130,Arjun Malhotra,Vadodara,GJ,2022-11-10,N
C108131,Payal Gupta,Delhi,DL,2023-04-03,N
C108132,Ayaan Iyer,Visakhapatnam,AP,2022-08-14,N
C108133,Ananya Agarwal,Ahmedabad,GJ,2023-02-09,N
C108134,Saanvi Bhatt,Kochi,KL,2022-10-15,N
C108135,Deepak Agarwal,Delhi,DL,2023-06-16,N
C108136,Vivaan Verma,Nashik,MH,2024-04-21,N
C108137,Daniel Roy,Patna,BR,2024-08-23,N
C108138,Sneha Saxena,Mumbai,MH,2023-11-21,Y
C108139,Geeta Gupta,Thiruvananthapuram,KL,2022-12-23,N
C108140,Daniel Gupta,Noida,UP,2024-09-04,Y
C108141,Divya Srivastava,Coimbatore,TN,2022-11-14,N
C108142,Aadhya Fernandes,Hyderabad,TS,2024-01-26,N
C108143,Mohammed Rao,Pune,MH,2023-09-17,Y
C108144,Dev Chatterjee,Surat,GJ,2024-05-22,Y
C108145,Ankit Goyal,Mysuru,KA,2024-06-29,Y
C108146,Jaspreet Desai,Kolkata,WB,2022-10-30,N
C108147,Sukhwinder Banerjee,Bhubaneswar,OR,2023-12-07,N
C108148,Payal Fernandes,Kochi,KL,2023-09-18,N
C108149,Swati Roy,Chandigarh,CH,2022-10-11,N
C108150,Divya George,Lucknow,UP,2024-04-02,N
C108151,Meera Sethi,Coimbatore,TN,2023-07-10,N
C108152,Thomas Arora,Chennai,TN,2023-11-24,Y
C108153,Ramesh Fernandes,Ranchi,JH,2023-12-24,N
C108154,Gurpreet Jadhav,Coimbatore,TN,2023-01-20,N
C108155,Reyansh Deshpande,Noida,UP,2023-02-11,Y
C108156,Joseph Gaikwad,Lucknow,UP,2024-01-15,N
C108157,Harsh George,Chennai,TN,2024-08-26,N
C108158,Daniel Sheikh,Chandigarh,CH,2024-09-03,N
C108159,Aarav Kaur,Chandigarh,CH,2024-04-09,N
C108160,Zaid Pandey,Delhi,DL,2023-07-29,N
C108161,Jaspreet Trivedi,Lucknow,UP,2024-06-17,Y
C108162,Komal Pandey,Jaipur,RJ,2024-06-05,N
C108163,Joseph Chatterjee,Coimbatore,TN,2023-10-12,Y
C108164,Simran Khanna,Raipur,CG,2024-12-09,N
C108165,Aditya Tiwari,Patna,BR,2023-10-18,N
C108166,Manpreet Khanna,Surat,GJ,2023-09-14,N
C108167,Harsh Sethi,Jaipur,RJ,2022-08-07,Y
C108168,Steven Joshi,Patna,BR,2024-01-11,N
C108169,Deepak Tiwari,Patna,BR,2024-05-22,N
C108170,Ritika Mathew,Guwahati,AS,2024-03-17,N
C108171,Kavya Sen,Hyderabad,TS,2023-05-27,N
C108172,Lobsang Khanna,Indore,MP,2023-02-03,N
C108173,Riya Mehta,Surat,GJ,2024-04-15,N
C108174,Sunita Kaur,Kochi,KL,2024-02-20,Y
C108175,Vihaan Tiwari,Pune,MH,2023-12-11,Y
C108176,Tenzin Agarwal,Kolkata,WB,2022-09-16,Y
C108177,Saanvi Mehta,Raipur,CG,2024-02-23,N
C108178,Farah Rao,Visakhapatnam,AP,2024-03-02,Y
C108179,Lobsang Rathore,Kolkata,WB,2024-04-07,Y
C108180,Harsh Das,Chandigarh,CH,2023-02-12,Y
C108181,Nisha Bhatt,Surat,GJ,2024-03-25,N
C108182,Ramesh Varghese,Noida,UP,2024-01-24,Y
C108183,Gurpreet Pillai,Coimbatore,TN,2022-11-13,N
C108184,Saanvi Malhotra,Thiruvananthapuram,KL,2024-12-15,N
C108185,Sameer Saxena,Kochi,KL,2024-06-21,Y
C108186,Karan Desai,Raipur,CG,2024-05-23,N
C108187,Megha Fernandes,Dehradun,UK,2024-08-16,N
C108188,Sameer Bansal,Hyderabad,TS,2023-08-02,N
C108189,Neha Fernandes,Visakhapatnam,AP,2022-10-27,Y
C108190,Dev Pillai,Chandigarh,CH,2023-12-18,Y
C108191,Kunal Mishra,Kochi,KL,2024-06-14,N
C108192,Gurpreet Sharma,Indore,MP,2023-11-20,Y
C108193,Bhavna Kapoor,Kochi,KL,2023-06-13,Y
C108194,Abhishek Banerjee,Chandigarh,CH,2024-09-08,N
C108195,Ritika Sethi,Noida,UP,2023-10-12,N
C108196,Anjali Khan,Noida,UP,2023-06-10,N
C108197,Tarun Bhatia,Thiruvananthapuram,KL,2022-12-08,N
C108198,Nisha Gupta,Hyderabad,TS,2024-03-24,N
C108199,Lobsang Patil,Mysuru,KA,2024-07-05,N
C108200,Ramesh Sandhu,Surat,GJ,2024-01-02,N
C108201,Tarun Pawar,Ahmedabad,GJ,2023-05-15,N
C108202,Saanvi Mittal,Hyderabad,TS,2023-11-26,Y
C108203,Joseph Kulkarni,Mumbai,MH,2022-12-03,N
C108204,Jaspreet Rao,Bhubaneswar,OR,2024-11-24,N
C108205,Ananya Kaur,Surat,GJ,2024-03-10,Y
C108206,Joseph Pereira,Hyderabad,TS,2023-03-28,N
C108207,Jaspreet Pillai,Kochi,KL,2023-02-15,N
C108208,Reyansh Sen,Jaipur,RJ,2023-02-13,N
C108209,Lakshmi Shah,Visakhapatnam,AP,2023-12-18,N
C108210,Ananya Srivastava,Vadodara,GJ,2024-11-17,Y
C108211,Sneha Fernandes,Ahmedabad,GJ,2022-08-22,N
C108212,Faisal Menon,Pune,MH,2023-12-29,Y
C108213,Vihaan Dutta,Noida,UP,2023-07-15,N
C108214,Abhishek Chopra,Visakhapatnam,AP,2022-08-12,N
C108215,Ritika Trivedi,Indore,MP,2024-02-10,Y
C108216,Arjun Singh,Noida,UP,2022-07-26,Y
C108217,Manpreet Fernandes,Indore,MP,2023-03-31,N
C108218,Anjali Gaikwad,Coimbatore,TN,2024-02-07,N
C108219,Tenzin Ghosh,Patna,BR,2024-07-18,N
C108220,Geeta Pereira,Noida,UP,2023-06-22,Y
C108221,Nisha D'Souza,Chennai,TN,2024-12-15,N
C108222,Arjun Trivedi,Visakhapatnam,AP,2022-12-14,N
C108223,Harpreet Mishra,Lucknow,UP,2023-04-03,N
C108224,Shreya Khanna,Nashik,MH,2024-01-07,N
C108225,Rohit Goyal,Dehradun,UK,2023-02-20,Y
C108226,Rahul Pillai,Chennai,TN,2023-02-01,N
C108227,Om Bhatt,Hyderabad,TS,2024-07-24,N
C108228,Sukhwinder George,Thiruvananthapuram,KL,2023-05-30,Y
C108229,Ananya Jadhav,Nashik,MH,2023-12-06,N
C108230,Payal Chauhan,Chandigarh,CH,2024-01-20,Y
C108231,Krishna Jain,Mysuru,KA,2024-04-01,N
C108232,Kunal Pereira,Nashik,MH,2023-07-12,N
C108233,Anjali Patil,Pune,MH,2023-05-11,N
C108234,Ankit Das,Coimbatore,TN,2022-12-17,N
C108235,Geeta Jain,Surat,GJ,2024-08-16,Y
C108236,Faisal Tiwari,Nagpur,MH,2023-07-03,Y
C108237,Deepak Verma,Visakhapatnam,AP,2023-08-26,N
C108238,Ishaan Pillai,Chandigarh,CH,2022-08-13,N
C108239,Komal Bhatia,Vadodara,GJ,2024-04-12,N
C108240,Ritika Qureshi,Vadodara,GJ,2023-07-29,Y
C108241,Ramesh Iyer,Pune,MH,2024-05-16,N
C108242,Ankit Mathew,Nagpur,MH,2023-01-18,N
C108243,Deepak Goyal,Indore,MP,2024-03-02,Y
C108244,Harpreet Pandey,Surat,GJ,2023-01-26,N
C108245,Mohammed Sethi,Nagpur,MH,2023-06-01,N
C108246,Anjali Mishra,Delhi,DL,2024-01-25,N
C108247,Sai Roy,Ahmedabad,GJ,2022-08-13,N
C108248,Ayaan Nair,Dehradun,UK,2023-09-08,N
C108249,Lakshmi Menon,Guwahati,AS,2023-12-22,Y
C108250,Faisal Agarwal,Lucknow,UP,2024-08-22,N
C108251,Varun Siddiqui,Coimbatore,TN,2024-11-20,N
C108252,Lobsang Qureshi,Visakhapatnam,AP,2023-06-08,N
C108253,Isha Sethi,Lucknow,UP,2024-09-05,N
C108254,Kabir Deshpande,Noida,UP,2023-05-16,N
C108255,Megha Dutta,Pune,MH,2024-04-17,N
C108256,Mohammed Siddiqui,Guwahati,AS,2022-09-11,N
C108257,Siddharth Srivastava,Thiruvananthapuram,KL,2024-09-09,N
C108258,Rajat Kumar,Bengaluru,KA,2024-02-25,N
C108259,Ankit Dutta,Bhubaneswar,OR,2022-09-18,N
C108260,Ramesh Ghosh,Hyderabad,TS,2023-12-24,N
C108261,Amit Iyer,Raipur,CG,2023-01-16,Y
C108262,Tenzin Tiwari,Patna,BR,2024-05-17,Y
C108263,Priya Verma,Surat,GJ,2024-11-23,N
C108264,Tenzin Kulkarni,Surat,GJ,2022-11-26,Y
C108265,Rohan Naidu,Guwahati,AS,2024-12-10,N
C108266,Harsh Sheikh,Surat,GJ,2024-06-15,N
C108267,Dev Pawar,Coimbatore,TN,2023-02-03,Y
C108268,Imran Verma,Mysuru,KA,2023-05-19,N
C108269,Bhavna Naidu,Chennai,TN,2023-09-27,N
C108270,Aadhya Pandey,Bhubaneswar,OR,2023-08-05,N
C108271,Sunita Khan,Mumbai,MH,2023-03-16,N
C108272,Harpreet Siddiqui,Vadodara,GJ,2023-08-06,N
C108273,Ritika Chatterjee,Dehradun,UK,2023-03-29,N
C108274,Rohit Varghese,Indore,MP,2022-10-16,N
C108275,Pranav Bhatt,Gurugram,HR,2024-12-28,N
C108276,Sai Chatterjee,Chennai,TN,2023-09-07,Y
C108277,Steven Bansal,Indore,MP,2024-08-08,Y
C108278,Daniel Ghosh,Mysuru,KA,2022-07-24,N
C108279,Megha Roy,Pune,MH,2024-02-24,Y
C108280,Kavya Iyer,Bhopal,MP,2024-10-01,Y
C108281,Megha Jain,Delhi,DL,2022-08-16,N
C108282,Ramesh Chatterjee,Nashik,MH,2024-07-19,N
C108283,Suresh Kumar,Nashik,MH,2024-12-10,N
C108284,Manish Goyal,Nagpur,MH,2024-09-22,N
C108285,Swati Desai,Hyderabad,TS,2022-11-26,N
C108286,Kavya Kaur,Thiruvananthapuram,KL,2022-12-08,N
C108287,Manish Mishra,Kochi,KL,2024-01-22,N
C108288,Swati Mathew,Chennai,TN,2022-10-02,N
C108289,Ankit Srivastava,Chennai,TN,2024-01-19,N
C108290,Yash Goyal,Nashik,MH,2022-08-21,N
C108291,Krishna Gaikwad,Ranchi,JH,2023-05-28,N
C108292,Harpreet Kulkarni,Delhi,DL,2023-04-08,N
C108293,Siddharth Dutta,Visakhapatnam,AP,2024-06-23,N
C108294,Komal Jain,Coimbatore,TN,2023-02-03,N
C108295,Ananya Sethi,Coimbatore,TN,2022-12-01,Y
C108296,Neha Sheikh,Bhopal,MP,2022-10-29,N
C108297,Aarav Bhatia,Nashik,MH,2024-10-23,N
C108298,Zaid Mathew,Thiruvananthapuram,KL,2023-08-01,N
C108299,Daniel Menon,Indore,MP,2023-05-11,N
C108300,Daniel Menon,Hyderabad,TS,2023-09-19,N
C108301,Riya Pawar,Bhubaneswar,OR,2023-06-17,N
C108302,Geeta Jadhav,Guwahati,AS,2024-01-27,N
C108303,Aishwarya Fernandes,Dehradun,UK,2024-04-20,N
C108304,Ankit Banerjee,Dehradun,UK,2024-05-27,N
C108305,Kavya Sharma,Bhopal,MP,2023-05-24,N
C108306,Ananya Bose,Pune,MH,2022-07-22,N
C108307,Nisha Tiwari,Kolkata,WB,2023-11-22,N
C108308,Kavya Patel,Dehradun,UK,2023-12-19,N
C108309,Geeta Sheikh,Indore,MP,2023-03-25,Y
C108310,Nikhil Bhatia,Bhubaneswar,OR,2022-10-14,Y
C108311,Shreya Rathore,Noida,UP,2023-07-30,N
C108312,Tenzin Jain,Ahmedabad,GJ,2024-10-06,N
C108313,Amit Patel,Pune,MH,2023-12-03,N
C108314,Aadhya Siddiqui,Raipur,CG,2024-03-25,N
C108315,Saanvi Deshpande,Hyderabad,TS,2024-12-04,Y
C108316,Rahul Saxena,Ranchi,JH,2023-01-08,N
C108317,Faisal Mathew,Nagpur,MH,2023-10-03,N
C108318,Riya Singh,Patna,BR,2024-01-22,Y
C108319,Arjun Bose,Kolkata,WB,2023-04-03,N
C108320,Manish Kaur,Dehradun,UK,2024-08-26,N
C108321,Jaspreet Qureshi,Lucknow,UP,2024-06-29,N
C108322,Vihaan Pillai,Nagpur,MH,2024-05-09,N
C108323,Diya Sheikh,Surat,GJ,2022-11-17,N
C108324,Lakshmi Jain,Chandigarh,CH,2022-07-31,Y
C108325,Varun Kulkarni,Ahmedabad,GJ,2022-10-22,N
C108326,Tarun Gupta,Nashik,MH,2023-12-10,N
C108327,Divya Mukherjee,Nashik,MH,2023-06-28,N
C108328,Siddharth Dutta,Pune,MH,2024-06-18,Y
C108329,Komal Nair,Guwahati,AS,2024-08-15,Y
C108330,Komal Fernandes,Indore,MP,2024-07-09,Y
C108331,Komal Banerjee,Indore,MP,2024-05-30,N
C108332,Nikhil Dhillon,Bhubaneswar,OR,2022-12-13,N
C108333,Saanvi Saxena,Mumbai,MH,2024-09-15,Y
C108334,Jaspreet Chatterjee,Hyderabad,TS,2022-09-06,N
C108335,Sneha Goyal,Kolkata,WB,2023-02-12,N
C108336,Varun Mishra,Thiruvananthapuram,KL,2023-06-11,N
C108337,Sai Sandhu,Delhi,DL,2023-01-02,N
C108338,Varun Bhatt,Bhopal,MP,2024-07-01,N
C108339,Ananya Sethi,Bhopal,MP,2024-10-21,N
C108340,Manish Dutta,Chandigarh,CH,2024-08-27,N
C108341,Simran Srivastava,Mysuru,KA,2023-06-26,N
C108342,Steven Srivastava,Nashik,MH,2023-04-02,Y
C108343,Riya Kulkarni,Kolkata,WB,2022-11-03,Y
C108344,Amit Roy,Coimbatore,TN,2024-10-28,N
C108345,Pooja Trivedi,Patna,BR,2024-09-26,N
C108346,Rajat Pandey,Bhubaneswar,OR,2023-01-17,N
C108347,Megha Trivedi,Bhubaneswar,OR,2023-02-06,Y
C108348,Tarun Kumar,Ahmedabad,GJ,2024-06-01,Y
C108349,Komal Khanna,Bengaluru,KA,2022-10-30,N
C108350,Krishna Patel,Kochi,KL,2024-05-14,N
C108351,Pooja Iyer,Guwahati,AS,2024-06-03,N
C108352,Harpreet Sandhu,Kolkata,WB,2024-04-22,Y
C108353,Kunal Arora,Jaipur,RJ,2024-06-14,Y
C108354,Lobsang Bansal,Dehradun,UK,2024-01-20,N
C108355,Divya Desai,Guwahati,AS,2023-10-31,Y
C108356,Yash Fernandes,Kolkata,WB,2024-07-25,Y
C108357,Abhishek Gaikwad,Surat,GJ,2023-04-04,Y
C108358,Imran Malhotra,Kolkata,WB,2024-05-22,N
C108359,Sneha Menon,Bhopal,MP,2024-06-11,N
C108360,Megha Mehta,Nagpur,MH,2022-11-07,N
C108361,Aishwarya Das,Visakhapatnam,AP,2023-01-26,Y
C108362,Riya Shah,Coimbatore,TN,2022-12-23,Y
C108363,Aarav Bose,Jaipur,RJ,2024-09-01,N
C108364,Kavya Dhillon,Mumbai,MH,2024-12-23,N
C108365,Lobsang Kapoor,Gurugram,HR,2023-04-20,N
C108366,Karan Patil,Kolkata,WB,2023-06-02,N
C108367,Imran Mittal,Surat,GJ,2024-05-22,N
C108368,Karan Rathore,Ranchi,JH,2024-06-11,Y
C108369,Siddharth Roy,Ahmedabad,GJ,2024-08-30,Y
C108370,Dev Patil,Chandigarh,CH,2024-04-27,N
C108371,Sneha Patel,Coimbatore,TN,2023-08-12,N
C108372,Ananya Bansal,Lucknow,UP,2023-10-28,N
C108373,Rahul Siddiqui,Nashik,MH,2024-08-25,Y
C108374,Mohammed Naidu,Coimbatore,TN,2023-03-09,Y
C108375,Harpreet Das,Jaipur,RJ,2022-09-08,N
C108376,Megha Gupta,Bhubaneswar,OR,2022-11-10,N
C108377,Ananya George,Indore,MP,2024-10-22,Y
C108378,Kavya Gaikwad,Jaipur,RJ,2023-11-18,N
C108379,Ananya Chatterjee,Gurugram,HR,2022-08-26,N
C108380,Jaspreet Malhotra,Chennai,TN,2022-07-20,N
C108381,Diya Qureshi,Indore,MP,2024-01-02,N
C108382,Rohit Pandey,Surat,GJ,2024-11-10,N
C108383,Nisha Ansari,Thiruvananthapuram,KL,2022-12-01,N
C108384,Megha Singh,Gurugram,HR,2024-01-20,Y
C108385,Krishna Kulkarni,Mumbai,MH,2023-12-31,N
C108386,Manpreet Joshi,Chennai,TN,2024-06-28,Y
C108387,Kabir Gaikwad,Mysuru,KA,2023-07-05,N
C108388,Saanvi Pandey,Thiruvananthapuram,KL,2024-06-14,N
C108389,Manish Arora,Mumbai,MH,2023-06-18,N
C108390,Aarav Shah,Delhi,DL,2022-09-14,N
C108391,Geeta Ghosh,Ranchi,JH,2023-02-14,Y
C108392,Aditya Trivedi,Pune,MH,2024-11-19,N
C108393,Anjali Siddiqui,Kochi,KL,2023-12-08,Y
C108394,Imran Dhillon,Vadodara,GJ,2023-10-19,N
C108395,Zoya George,Visakhapatnam,AP,2023-04-03,N
C108396,Ananya Ansari,Vadodara,GJ,2023-04-21,N
C108397,Ishaan Mathew,Mumbai,MH,2023-01-28,N
C108398,Ananya Pawar,Ahmedabad,GJ,2024-12-20,Y
C108399,Manpreet Sheikh,Lucknow,UP,2024-11-28,N
C108400,Steven Banerjee,Gurugram,HR,2024-09-02,Y
C108401,Gurpreet Goyal,Nashik,MH,2022-12-11,N
C108402,Anjali Kulkarni,Kolkata,WB,2023-04-29,N
C108403,Aishwarya Bhatia,Indore,MP,2024-12-13,N
C108404,Reyansh George,Bengaluru,KA,2023-03-24,N
C108405,Lakshmi Bhatt,Kochi,KL,2024-05-18,N
C108406,Yash Khanna,Jaipur,RJ,2022-12-05,N
C108407,Divya Goyal,Jaipur,RJ,2024-11-19,N
C108408,Abhishek Desai,Ranchi,JH,2022-12-26,N
C108409,Riya Pandey,Ahmedabad,GJ,2022-10-27,N
C108410,Thomas Das,Delhi,DL,2024-03-10,Y
C108411,Payal Mukherjee,Chandigarh,CH,2022-09-09,N
C108412,Gurpreet Mittal,Kochi,KL,2024-03-18,N
C108413,Harsh Chopra,Vadodara,GJ,2022-12-26,N
C108414,Krishna Khanna,Kolkata,WB,2023-11-26,N
C108415,Dev Mathew,Thiruvananthapuram,KL,2023-12-31,N
C108416,Meera Agarwal,Bhubaneswar,OR,2024-04-02,N
C108417,Divya Srivastava,Ranchi,JH,2024-09-02,Y
C108418,Ayaan Rathore,Nashik,MH,2023-09-25,Y
C108419,Isha Menon,Thiruvananthapuram,KL,2024-03-24,N
C108420,Sai Gaikwad,Bhopal,MP,2023-04-29,N
C108421,Rahul Banerjee,Chennai,TN,2024-07-16,Y
C108422,Imran Chatterjee,Nagpur,MH,2023-12-24,Y
C108423,Simran Goyal,Dehradun,UK,2022-09-09,N
C108424,Yash Chopra,Raipur,CG,2022-10-28,N
C108425,Megha Kapoor,Chennai,TN,2023-10-13,N
C108426,Joseph Dutta,Kolkata,WB,2023-05-08,Y
C108427,Ishaan Nair,Guwahati,AS,2024-10-20,N
C108428,Manpreet Bose,Kochi,KL,2023-05-26,N
C108429,Diya Kapoor,Mumbai,MH,2023-11-28,Y
C108430,Sukhwinder Gill,Delhi,DL,2023-07-11,N
C108431,Pranav D'Souza,Bhopal,MP,2024-09-20,Y
C108432,Thomas Qureshi,Nagpur,MH,2024-02-22,Y
C108433,Tenzin Bose,Nashik,MH,2024-02-23,Y
C108434,Vihaan Kaur,Hyderabad,TS,2024-11-08,N
C108435,Ramesh Desai,Patna,BR,2024-04-13,Y
C108436,Lobsang Das,Bhubaneswar,OR,2024-03-11,N
C108437,Rahul Gill,Dehradun,UK,2024-08-17,N
C108438,Zoya Kulkarni,Coimbatore,TN,2023-05-19,N
C108439,Rohan Reddy,Delhi,DL,2023-08-16,N
C108440,Geeta Sharma,Ahmedabad,GJ,2022-11-22,N
C108441,Ishaan Arora,Kochi,KL,2023-02-01,Y
C108442,Rahul Gill,Kochi,KL,2023-11-05,N
C108443,Tanvi Das,Mysuru,KA,2022-11-02,N
C108444,Manish Sharma,Mysuru,KA,2023-06-04,Y
C108445,Komal Srivastava,Bhopal,MP,2024-03-02,N
C108446,Farah Dhillon,Surat,GJ,2022-07-18,Y
C108447,Rahul Khanna,Thiruvananthapuram,KL,2022-10-04,N
C108448,Tarun Mishra,Delhi,DL,2023-10-01,N
C108449,Steven Gill,Mysuru,KA,2023-06-19,N
C108450,Sameer Sharma,Bengaluru,KA,2022-09-16,N
C108451,Faisal Kulkarni,Ahmedabad,GJ,2023-07-30,N
C108452,Rajat Arora,Bhopal,MP,2023-11-13,Y
C108453,Aadhya Banerjee,Kolkata,WB,2023-10-29,N
C108454,Kabir Bhatt,Gurugram,HR,2022-10-28,N
C108455,Amit Sethi,Raipur,CG,2024-05-12,N
C108456,Joseph Mishra,Bhubaneswar,OR,2024-10-10,Y
C108457,Imran Rathore,Indore,MP,2023-01-12,N
C108458,Sunita Qureshi,Nagpur,MH,2022-09-29,N
C108459,Varun Das,Indore,MP,2022-10-23,N
C108460,Shreya Patil,Gurugram,HR,2024-02-16,N
C108461,Joseph Malhotra,Vadodara,GJ,2023-11-30,Y
C108462,Dev Chopra,Visakhapatnam,AP,2023-12-12,N
C108463,Ishaan Jadhav,Gurugram,HR,2024-02-27,Y
C108464,Zoya Trivedi,Dehradun,UK,2024-12-29,Y
C108465,Kavya George,Dehradun,UK,2022-10-03,N
C108466,Ritika Sen,Chennai,TN,2024-09-28,N
C108467,Priya Joshi,Kolkata,WB,2024-09-01,N
C108468,Bhavna Patil,Ahmedabad,GJ,2023-06-15,Y
C108469,Aarav Das,Visakhapatnam,AP,2024-02-09,N
C108470,Vikram Kapoor,Bhubaneswar,OR,2024-12-23,N
C108471,Ayaan Khanna,Nashik,MH,2023-01-30,Y
C108472,Siddharth Sethi,Bhubaneswar,OR,2024-07-12,N
C108473,Ritika Bose,Mumbai,MH,2023-09-08,N
C108474,Reyansh Rao,Lucknow,UP,2024-02-19,N
C108475,Vivaan Bhatt,Kolkata,WB,2023-05-05,N
C108476,Ayaan Arora,Gurugram,HR,2024-01-06,N
C108477,Jaspreet Pawar,Ahmedabad,GJ,2022-10-29,N
C108478,Bhavna Shinde,Kolkata,WB,2022-10-07,N
C108479,Anjali Pawar,Visakhapatnam,AP,2024-10-29,Y
C108480,Bhavna Ansari,Vadodara,GJ,2024-11-08,N
C108481,Pooja Patel,Mysuru,KA,2022-09-09,Y
C108482,Megha Gupta,Noida,UP,2023-01-05,Y
C108483,Joseph Dutta,Delhi,DL,2023-11-20,Y
C108484,Farah Yadav,Raipur,CG,2022-08-15,N
C108485,Komal Mishra,Kochi,KL,2022-12-26,N
C108486,Deepak George,Nashik,MH,2023-12-26,N
C108487,Reyansh D'Souza,Delhi,DL,2024-06-27,Y
C108488,Meera Siddiqui,Kochi,KL,2023-02-07,Y
C108489,Yash Malhotra,Hyderabad,TS,2024-11-21,N
C108490,Meera Pawar,Ranchi,JH,2023-03-01,N
C108491,Komal Verma,Noida,UP,2024-04-19,N
C108492,Kunal Saxena,Chandigarh,CH,2023-01-26,N
C108493,Dev Ansari,Delhi,DL,2022-09-24,N
C108494,Diya Yadav,Nashik,MH,2023-11-17,N
C108495,Divya Singh,Gurugram,HR,2022-12-28,N
C108496,Pooja Chauhan,Kolkata,WB,2023-07-19,N
C108497,Diya Arora,Kochi,KL,2023-06-06,N
C108498,Aishwarya Mishra,Visakhapatnam,AP,2023-12-18,Y
C108499,Kavya Jain,Raipur,CG,2023-04-17,N
C108500,Zaid Chatterjee,Pune,MH,2024-08-05,Y
C108501,Sukhwinder Ansari,Pune,MH,2023-06-07,Y
C108502,Diya Rao,Raipur,CG,2024-12-14,Y
C108503,Nikhil Khanna,Raipur,CG,2022-09-28,N
C108504,Ayaan Kaur,Mumbai,MH,2023-05-11,N
C108505,Meera Mathew,Indore,MP,2023-10-14,N
C108506,Joseph Goyal,Gurugram,HR,2024-02-09,N
C108507,Jaspreet Agarwal,Indore,MP,2024-07-20,N
C108508,Harpreet Srivastava,Delhi,DL,2024-12-04,N
C108509,Mohammed Yadav,Ranchi,JH,2024-07-31,N
C108510,Payal George,Thiruvananthapuram,KL,2022-11-01,N
C108511,Vivaan Desai,Nagpur,MH,2023-01-12,Y
C108512,Bhavna Mittal,Hyderabad,TS,2024-11-22,N
C108513,Sai Bansal,Pune,MH,2022-12-04,N
C108514,Kabir Ansari,Hyderabad,TS,2024-12-19,Y
C108515,Kabir Sheikh,Hyderabad,TS,2024-06-10,N
C108516,Steven Desai,Mumbai,MH,2023-10-23,Y
C108517,Bhavna Bhatia,Kochi,KL,2023-12-14,Y
C108518,Farah Mittal,Nagpur,MH,2022-09-26,N
C108519,Karan Sandhu,Noida,UP,2023-08-31,N
C108520,Tenzin Yadav,Guwahati,AS,2023-09-15,Y
C108521,Riya Gaikwad,Chandigarh,CH,2022-08-31,N
C108522,Sunita Kulkarni,Raipur,CG,2023-05-23,N
C108523,Vikram Qureshi,Kochi,KL,2023-09-06,N
C108524,Om Sethi,Bhopal,MP,2024-09-01,N
C108525,Aadhya Mittal,Chennai,TN,2023-11-14,N
C108526,Dev Trivedi,Bhopal,MP,2024-08-09,N
C108527,Priya Patel,Mysuru,KA,2024-03-14,N
C108528,Rahul Goyal,Ranchi,JH,2023-06-28,Y
C108529,Ankit Qureshi,Chandigarh,CH,2022-08-06,Y
C108530,Aarav Gill,Kochi,KL,2024-02-06,Y
C108531,Abhishek D'Souza,Bengaluru,KA,2023-05-06,N
C108532,Simran Naidu,Bhubaneswar,OR,2024-11-11,Y
C108533,Krishna Mittal,Bhubaneswar,OR,2023-01-29,N
C108534,Karan Jadhav,Hyderabad,TS,2023-06-24,Y
C108535,Rohit Bose,Bhubaneswar,OR,2024-12-29,N
C108536,Jaspreet Mehta,Nashik,MH,2022-08-25,N
C108537,Zaid Khan,Raipur,CG,2024-01-31,Y
C108538,Ayaan Nair,Jaipur,RJ,2025-01-01,N
C108539,Riya Kulkarni,Pune,MH,2023-07-19,N
C108540,Deepak Banerjee,Bhopal,MP,2024-08-26,Y
C108541,Thomas Qureshi,Dehradun,UK,2024-01-08,Y
C108542,Ritika Jadhav,Indore,MP,2023-04-02,N
C108543,Pooja Chopra,Ahmedabad,GJ,2024-11-10,N
C108544,Bhavna Pandey,Coimbatore,TN,2024-06-09,N
C108545,Geeta Iyer,Bengaluru,KA,2023-03-16,Y
C108546,Suresh Chatterjee,Gurugram,HR,2024-07-24,Y
C108547,Nisha Roy,Noida,UP,2024-08-29,N
C108548,Rohan Reddy,Raipur,CG,2023-11-11,N
C108549,Isha Shah,Lucknow,UP,2022-12-03,N
C108550,Riya Arora,Jaipur,RJ,2022-10-17,N
C108551,Geeta Mehta,Bhopal,MP,2024-02-13,N
C108552,Sukhwinder Verma,Lucknow,UP,2024-04-08,N
C108553,Sneha Gaikwad,Mumbai,MH,2024-05-10,N
C108554,Tarun Varghese,Jaipur,RJ,2023-01-05,Y
C108555,Ishaan Banerjee,Pune,MH,2023-01-24,N
C108556,Gurpreet Nair,Mysuru,KA,2024-10-04,N
C108557,Ayaan Bhatt,Indore,MP,2023-06-01,N
C108558,Amit Mehta,Thiruvananthapuram,KL,2022-10-01,N
C108559,Dev Bhatia,Thiruvananthapuram,KL,2024-01-06,Y
C108560,Lobsang Patil,Indore,MP,2023-07-04,Y
C108561,Ananya Kulkarni,Raipur,CG,2022-10-17,N
C108562,Imran Roy,Ranchi,JH,2023-05-05,N
C108563,Ankit Khanna,Nagpur,MH,2024-05-26,Y
C108564,Ankit Bansal,Bhopal,MP,2023-03-06,N
C108565,Nisha Mathew,Raipur,CG,2023-10-21,Y
C108566,Meera Varghese,Kolkata,WB,2024-06-10,N
C108567,Pranav Malhotra,Raipur,CG,2024-10-09,Y
C108568,Amit George,Chennai,TN,2024-06-05,N
C108569,Aditya Singh,Mysuru,KA,2023-01-27,N
C108570,Rahul Joshi,Pune,MH,2024-03-13,N
C108571,Megha Rao,Vadodara,GJ,2022-09-03,N
C108572,Krishna Rathore,Patna,BR,2023-11-11,N
C108573,Divya Arora,Gurugram,HR,2023-05-04,N
C108574,Diya Chopra,Pune,MH,2023-02-11,Y
C108575,Gurpreet Malhotra,Bhubaneswar,OR,2023-01-10,N
C108576,Meera Dhillon,Surat,GJ,2022-09-07,N
C108577,Nikhil Rao,Delhi,DL,2024-10-04,N
C108578,Swati Iyer,Mumbai,MH,2023-05-01,N
C108579,Rahul Khan,Noida,UP,2023-09-10,N
C108580,Kabir Sheikh,Jaipur,RJ,2023-02-22,N
C108581,Komal Naidu,Mysuru,KA,2022-09-18,Y
C108582,Megha Sharma,Hyderabad,TS,2023-03-11,N
C108583,Krishna Sen,Chennai,TN,2022-12-01,Y
C108584,Rohit D'Souza,Bengaluru,KA,2024-11-03,Y
C108585,Siddharth Sen,Raipur,CG,2023-04-11,Y
C108586,Diya Trivedi,Kolkata,WB,2022-08-09,Y
C108587,Pranav Gupta,Guwahati,AS,2023-01-09,Y
C108588,Meera Rao,Gurugram,HR,2023-05-29,N
C108589,Sukhwinder Kapoor,Delhi,DL,2024-06-25,N
C108590,Rohit Chauhan,Pune,MH,2024-03-12,N
C108591,Riya Bansal,Thiruvananthapuram,KL,2024-06-15,Y
C108592,Aditya Saxena,Visakhapatnam,AP,2023-11-29,N
C108593,Imran Rao,Coimbatore,TN,2022-09-28,N
C108594,Zoya Mathew,Pune,MH,2023-05-01,Y
C108595,Aishwarya Kulkarni,Jaipur,RJ,2024-06-28,Y
C108596,Rohan Tiwari,Vadodara,GJ,2024-08-02,N
C108597,Deepak Mathew,Kochi,KL,2022-10-21,N
C108598,Nisha Qureshi,Ahmedabad,GJ,2022-09-18,Y
C108599,Thomas Siddiqui,Jaipur,RJ,2024-10-08,N
C108600,Krishna Joshi,Delhi,DL,2023-08-05,Y
C108601,Sai Shah,Bengaluru,KA,2023-08-01,Y
C108602,Ananya Bose,Bengaluru,KA,2024-02-18,Y
C108603,Manish Patel,Visakhapatnam,AP,2023-11-16,N
C108604,Payal Sheikh,Delhi,DL,2022-08-02,N
C108605,Geeta Desai,Bhubaneswar,OR,2022-09-15,N
C108606,Saanvi Jain,Kolkata,WB,2024-01-22,Y
C108607,Imran Pereira,Mumbai,MH,2023-12-14,Y
C108608,Thomas Chopra,Nashik,MH,2024-10-08,Y
C108609,Lobsang Joshi,Noida,UP,2024-02-14,Y
C108610,Vihaan Sen,Patna,BR,2023-03-05,N
C108611,Divya Sethi,Nagpur,MH,2023-09-02,Y
C108612,Aadhya Ansari,Jaipur,RJ,2023-07-12,N
C108613,Siddharth Joshi,Visakhapatnam,AP,2024-07-16,N
C108614,Zaid Saxena,Guwahati,AS,2024-09-24,N
C108615,Priya Rao,Chennai,TN,2024-12-19,N
C108616,Riya Yadav,Raipur,CG,2023-04-26,Y
C108617,Rajat Sharma,Patna,BR,2023-11-18,N
C108618,Aadhya Rao,Delhi,DL,2023-03-02,Y
C108619,Bhavna Gaikwad,Ranchi,JH,2022-09-04,Y
C108620,Krishna Menon,Surat,GJ,2023-12-01,Y
C108621,Geeta Srivastava,Bhopal,MP,2023-05-14,N
C108622,Daniel Chopra,Bengaluru,KA,2023-10-29,N
C108623,Aarav Agarwal,Noida,UP,2024-07-23,N
C108624,Mohammed Mehta,Noida,UP,2024-03-14,Y
C108625,Farah Iyer,Nagpur,MH,2023-08-01,Y
C108626,Payal Goyal,Indore,MP,2022-08-18,N
C108627,Manish George,Kochi,KL,2023-09-05,Y
C108628,Ayaan D'Souza,Chennai,TN,2024-03-31,N
C108629,Lakshmi Shah,Delhi,DL,2024-04-11,N
C108630,Meera Mukherjee,Guwahati,AS,2023-01-12,N
C108631,Ananya Menon,Kolkata,WB,2023-05-14,N
C108632,Bhavna Dhillon,Bengaluru,KA,2023-03-10,N
C108633,Kunal Nair,Gurugram,HR,2023-05-01,Y
C108634,Geeta Shinde,Chennai,TN,2023-07-16,N
C108635,Nikhil Pillai,Hyderabad,TS,2024-07-03,N
C108636,Mohammed Shah,Bengaluru,KA,2023-11-16,N
C108637,Neha Chauhan,Coimbatore,TN,2023-02-06,N
C108638,Ritika Patil,Dehradun,UK,2024-10-27,N
C108639,Sunita Mathew,Kochi,KL,2024-07-27,N
C108640,Steven Mathew,Pune,MH,2022-12-24,N
C108641,Vivaan Kapoor,Coimbatore,TN,2023-03-02,Y
C108642,Lobsang Menon,Mysuru,KA,2023-04-25,Y
C108643,Anjali Chatterjee,Ahmedabad,GJ,2024-07-10,N
C108644,Thomas Dhillon,Delhi,DL,2024-03-31,N
C108645,Ankit Goyal,Kochi,KL,2023-06-09,N
C108646,Aadhya Malhotra,Lucknow,UP,2024-06-27,N
C108647,Dev Rathore,Nashik,MH,2024-06-12,Y
C108648,Harsh Deshpande,Raipur,CG,2024-11-25,Y
C108649,Faisal Pawar,Noida,UP,2024-09-15,N
C108650,Rohit Iyer,Thiruvananthapuram,KL,2024-01-17,N
C108651,Faisal Deshpande,Bhubaneswar,OR,2023-11-29,N
C108652,Ramesh Sheikh,Indore,MP,2023-01-14,N
C108653,Aadhya Khan,Delhi,DL,2023-11-23,N
C108654,Joseph Arora,Mysuru,KA,2023-02-07,N
C108655,Sukhwinder Mehta,Nashik,MH,2024-01-17,N
C108656,Sameer Patil,Vadodara,GJ,2022-10-22,Y
C108657,Rohit Sethi,Dehradun,UK,2024-02-17,N
C108658,Om Joshi,Coimbatore,TN,2023-12-16,N
C108659,Sukhwinder Verma,Kochi,KL,2023-09-17,N
C108660,Mohammed Gill,Bengaluru,KA,2024-07-10,Y
C108661,Vikram D'Souza,Lucknow,UP,2023-07-21,Y
C108662,Vihaan Sethi,Dehradun,UK,2024-05-23,N
C108663,Ayaan Chopra,Guwahati,AS,2024-12-21,Y
C108664,Sai Goyal,Kolkata,WB,2022-11-11,Y
C108665,Manpreet Gaikwad,Ahmedabad,GJ,2023-08-06,N
C108666,Zaid George,Delhi,DL,2024-12-29,N
C108667,Saanvi Sheikh,Kochi,KL,2023-01-18,N
C108668,Lakshmi Verma,Coimbatore,TN,2023-08-03,N
C108669,Aadhya Ghosh,Nagpur,MH,2023-09-11,N
C108670,Ananya Mittal,Coimbatore,TN,2023-08-30,N
C108671,Karan Mehta,Kolkata,WB,2024-10-10,N
C108672,Swati Trivedi,Mumbai,MH,2023-07-24,N
C108673,Simran Patel,Surat,GJ,2023-06-05,N
C108674,Aadhya Ghosh,Chandigarh,CH,2024-10-17,N
C108675,Abhishek Khan,Bhubaneswar,OR,2024-04-27,N
C108676,Rahul Bose,Coimbatore,TN,2024-10-10,N
C108677,Abhishek Arora,Chandigarh,CH,2024-02-25,Y
C108678,Manpreet Das,Noida,UP,2024-08-05,N
C108679,Nikhil Rao,Indore,MP,2024-08-19,N
C108680,Sukhwinder Verma,Chandigarh,CH,2022-08-17,N
C108681,Vihaan Gupta,Chennai,TN,2024-02-26,N
C108682,Imran Agarwal,Delhi,DL,2024-10-16,Y
C108683,Rohit Dhillon,Ahmedabad,GJ,2023-03-18,Y
C108684,Shreya Siddiqui,Delhi,DL,2023-05-18,N
C108685,Aditya Tiwari,Lucknow,UP,2024-01-26,N
C108686,Thomas Saxena,Patna,BR,2024-02-04,N
C108687,Daniel Chopra,Surat,GJ,2023-07-27,N
C108688,Suresh Pillai,Pune,MH,2022-12-28,N
C108689,Joseph Roy,Mysuru,KA,2024-03-01,N
C108690,Suresh Chauhan,Guwahati,AS,2024-10-18,N
C108691,Varun Deshpande,Coimbatore,TN,2023-04-22,N
C108692,Farah Das,Coimbatore,TN,2023-04-19,N
C108693,Reyansh Deshpande,Raipur,CG,2024-10-27,N
C108694,Simran Khanna,Patna,BR,2023-10-17,Y
C108695,Lakshmi Kulkarni,Pune,MH,2023-07-21,N
C108696,Suresh George,Dehradun,UK,2022-08-14,N
C108697,Thomas Gupta,Bhopal,MP,2024-01-10,N
C108698,Vihaan Mukherjee,Mysuru,KA,2023-12-03,N
C108699,Farah Shinde,Mumbai,MH,2024-07-31,N
C108700,Kabir Verma,Kochi,KL,2023-06-24,N
C108701,Sameer Fernandes,Mysuru,KA,2024-11-22,Y
C108702,Reyansh Chopra,Delhi,DL,2024-05-27,Y
C108703,Suresh Joshi,Vadodara,GJ,2024-11-07,N
C108704,Bhavna Mehta,Chandigarh,CH,2022-11-30,N
C108705,Yash Saxena,Kochi,KL,2024-10-27,N
C108706,Kavya Das,Noida,UP,2024-07-04,N
C108707,Vivaan Patil,Pune,MH,2024-10-26,Y
C108708,Meera Varghese,Nashik,MH,2022-12-10,Y
C108709,Siddharth Sen,Visakhapatnam,AP,2024-12-04,N
C108710,Kabir Joshi,Ahmedabad,GJ,2024-07-08,Y
C108711,Faisal Srivastava,Kolkata,WB,2023-04-24,N
C108712,Jaspreet Jain,Ahmedabad,GJ,2023-10-03,Y
C108713,Pooja Naidu,Hyderabad,TS,2023-05-07,N
C108714,Tarun Das,Ahmedabad,GJ,2023-11-08,N
C108715,Manish Khanna,Nashik,MH,2024-04-13,N
C108716,Suresh Jadhav,Kolkata,WB,2023-04-24,N
C108717,Meera Varghese,Pune,MH,2022-07-24,N
C108718,Aditya Ansari,Visakhapatnam,AP,2023-10-02,N
C108719,Anjali Kapoor,Ranchi,JH,2022-09-10,Y
C108720,Suresh Iyer,Jaipur,RJ,2022-10-08,N
C108721,Joseph Qureshi,Guwahati,AS,2023-03-09,N
C108722,Manish Trivedi,Ahmedabad,GJ,2024-07-29,Y
C108723,Kunal Reddy,Coimbatore,TN,2023-01-11,N
C108724,Faisal Sheikh,Guwahati,AS,2022-11-13,Y
C108725,Pooja Mukherjee,Patna,BR,2024-06-14,Y
C108726,Gurpreet Bose,Mumbai,MH,2022-09-12,N
C108727,Jaspreet D'Souza,Gurugram,HR,2022-11-24,N
C108728,Gurpreet Rathore,Nagpur,MH,2024-07-08,Y
C108729,Ishaan Mittal,Chennai,TN,2024-07-14,N
C108730,Neha Bhatt,Jaipur,RJ,2024-08-17,N
C108731,Swati Reddy,Guwahati,AS,2024-10-29,N
C108732,Kavya Dhillon,Ahmedabad,GJ,2023-10-16,Y
C108733,Aditya Joshi,Dehradun,UK,2024-12-09,Y
C108734,Anjali Roy,Bengaluru,KA,2024-11-05,N
C108735,Tenzin Sen,Patna,BR,2024-09-12,Y
C108736,Kabir Das,Dehradun,UK,2024-07-22,Y
C108737,Mohammed Goyal,Delhi,DL,2024-05-02,N
C108738,Saanvi Mishra,Pune,MH,2024-08-08,Y
C108739,Isha Shah,Ahmedabad,GJ,2024-09-07,N
C108740,Deepak D'Souza,Pune,MH,2022-12-06,N
C108741,Sneha Varghese,Hyderabad,TS,2022-09-12,N
C108742,Suresh Singh,Pune,MH,2023-10-17,N
C108743,Manish Chauhan,Bengaluru,KA,2023-10-03,N
C108744,Harpreet Agarwal,Chandigarh,CH,2023-08-12,N
C108745,Nikhil Varghese,Kochi,KL,2024-03-12,N
C108746,Zoya Jadhav,Indore,MP,2022-08-14,N
C108747,Sameer Dutta,Vadodara,GJ,2022-08-08,N
C108748,Mohammed Desai,Gurugram,HR,2022-09-29,N
C108749,Ritika Bansal,Bengaluru,KA,2024-10-22,N
C108750,Meera Sen,Dehradun,UK,2022-09-03,N
C108751,Abhishek Jadhav,Patna,BR,2023-08-20,N
C108752,Amit Mishra,Surat,GJ,2023-12-25,N
C108753,Zaid Chopra,Delhi,DL,2022-10-16,Y
C108754,Diya Mukherjee,Noida,UP,2024-08-17,N
C108755,Thomas Das,Noida,UP,2022-08-25,N
C108756,Isha Varghese,Raipur,CG,2023-10-27,N
C108757,Mohammed Singh,Raipur,CG,2024-03-13,Y
C108758,Rohit Pereira,Ahmedabad,GJ,2024-09-14,N
C108759,Bhavna Reddy,Coimbatore,TN,2024-02-08,N
C108760,Tanvi Yadav,Indore,MP,2024-07-22,N
C108761,Faisal Trivedi,Nashik,MH,2023-12-26,Y
C108762,Farah Iyer,Nagpur,MH,2024-03-21,N
C108763,Bhavna Kaur,Lucknow,UP,2022-10-06,N
C108764,Aditya Arora,Nashik,MH,2023-10-05,N
C108765,Reyansh Verma,Nashik,MH,2023-06-10,N
C108766,Sameer Sharma,Bhubaneswar,OR,2022-09-26,N
C108767,Kavya Mathew,Jaipur,RJ,2023-01-17,Y
C108768,Simran Patel,Hyderabad,TS,2024-02-10,N
C108769,Ramesh Goyal,Bhopal,MP,2024-12-05,N
C108770,Aditya Jain,Chandigarh,CH,2024-10-28,N
C108771,Dev Sheikh,Bhopal,MP,2024-02-12,Y
C108772,Nikhil Qureshi,Vadodara,GJ,2024-01-12,N
C108773,Gurpreet Bansal,Bhubaneswar,OR,2022-10-10,N
C108774,Arjun Khan,Delhi,DL,2024-12-08,N
C108775,Amit Varghese,Vadodara,GJ,2024-05-04,Y
C108776,Lakshmi Jain,Bhubaneswar,OR,2024-03-05,N
C108777,Simran Yadav,Dehradun,UK,2023-02-24,Y
C108778,Daniel Tiwari,Vadodara,GJ,2022-07-22,N
C108779,Neha Dhillon,Bengaluru,KA,2024-03-27,N
C108780,Rohan Patel,Chandigarh,CH,2023-10-07,N
C108781,Saanvi Kaur,Lucknow,UP,2023-02-05,N
C108782,Tanvi Mishra,Noida,UP,2023-02-14,N
C108783,Ayaan Mehta,Raipur,CG,2023-06-13,N
C108784,Priya Mishra,Lucknow,UP,2024-06-03,Y
C108785,Shreya Desai,Kolkata,WB,2023-03-15,Y
C108786,Mohammed Chatterjee,Patna,BR,2023-05-21,N
C108787,Reyansh Jain,Guwahati,AS,2022-11-11,Y
C108788,Gurpreet Shah,Thiruvananthapuram,KL,2024-07-17,Y
C108789,Kabir Gupta,Ahmedabad,GJ,2023-06-08,Y
C108790,Tarun Varghese,Ahmedabad,GJ,2023-06-09,N
C108791,Ramesh Mathew,Nagpur,MH,2023-08-01,N
C108792,Deepak Saxena,Nagpur,MH,2024-06-24,N
C108793,Sneha Singh,Mumbai,MH,2023-12-22,Y
C108794,Yash Bose,Indore,MP,2022-09-01,Y
C108795,Manish Varghese,Visakhapatnam,AP,2022-07-29,N
C108796,Ayaan Das,Mumbai,MH,2023-06-23,N
C108797,Rohan Chauhan,Hyderabad,TS,2022-12-23,N
C108798,Vivaan Patil,Bengaluru,KA,2023-05-04,N
C108799,Neha Rao,Nagpur,MH,2023-02-02,Y
C108800,Joseph Mathew,Indore,MP,2024-12-19,N
C108801,Anjali Kulkarni,Lucknow,UP,2022-10-13,N
C108802,Rohan Rathore,Visakhapatnam,AP,2023-04-07,Y
C108803,Zaid Pandey,Kolkata,WB,2024-09-05,N
C108804,Arjun Verma,Pune,MH,2023-02-21,Y
C108805,Pranav Jadhav,Bengaluru,KA,2023-12-25,N
C108806,Arjun Qureshi,Guwahati,AS,2023-01-12,N
C108807,Kunal Bansal,Coimbatore,TN,2023-07-19,N
C108808,Ramesh Kumar,Delhi,DL,2024-06-05,N
C108809,Lobsang Fernandes,Chandigarh,CH,2023-01-05,N
C108810,Shreya Chauhan,Noida,UP,2024-08-10,N
C108811,Harsh Chauhan,Jaipur,RJ,2023-11-01,N
C108812,Kavya Pereira,Chandigarh,CH,2023-04-26,N
C108813,Daniel Shinde,Thiruvananthapuram,KL,2023-01-09,N
C108814,Vivaan Menon,Guwahati,AS,2022-11-03,N
C108815,Payal Fernandes,Ranchi,JH,2022-12-31,N
C108816,Payal Bansal,Vadodara,GJ,2023-12-02,N
C108817,Vikram Sheikh,Bengaluru,KA,2023-01-28,N
C108818,Harsh Kulkarni,Gurugram,HR,2023-02-26,N
C108819,Aadhya Banerjee,Nagpur,MH,2024-07-30,N
C108820,Zaid Malhotra,Kochi,KL,2024-08-19,Y
C108821,Kunal Mukherjee,Bhubaneswar,OR,2023-08-08,N
C108822,Jaspreet D'Souza,Ahmedabad,GJ,2022-09-05,N
C108823,Ramesh Reddy,Guwahati,AS,2024-08-17,Y
C108824,Tenzin Bose,Noida,UP,2023-01-17,N
C108825,Ayaan Khanna,Ranchi,JH,2023-11-21,N
C108826,Rahul Singh,Mumbai,MH,2022-10-10,N
C108827,Neha Saxena,Patna,BR,2024-05-09,N
C108828,Ritika Saxena,Visakhapatnam,AP,2024-10-15,N
C108829,Aadhya Roy,Patna,BR,2024-10-16,N
C108830,Divya Fernandes,Ahmedabad,GJ,2023-12-16,N
C108831,Divya Mehta,Bhopal,MP,2022-09-18,N
C108832,Isha Ansari,Mysuru,KA,2022-11-19,Y
C108833,Lakshmi Verma,Dehradun,UK,2024-10-02,N
C108834,Joseph Mehta,Patna,BR,2023-05-09,N
C108835,Bhavna Goyal,Pune,MH,2022-11-20,N
C108836,Deepak Fernandes,Surat,GJ,2024-11-30,N
C108837,Amit Gupta,Guwahati,AS,2024-03-10,N
C108838,Sukhwinder Sheikh,Bengaluru,KA,2023-09-02,N
C108839,Rohit Chauhan,Coimbatore,TN,2023-06-16,Y
C108840,Ayaan Bhatt,Mumbai,MH,2024-05-21,N
C108841,Pooja Patil,Nashik,MH,2022-07-16,Y
C108842,Siddharth Reddy,Chandigarh,CH,2023-09-30,N
C108843,Aadhya Mehta,Pune,MH,2022-09-19,N
C108844,Isha Jadhav,Thiruvananthapuram,KL,2023-11-30,N
C108845,Priya Das,Indore,MP,2022-12-22,N
C108846,Harpreet Rathore,Chandigarh,CH,2023-04-08,N
C108847,Kunal Sheikh,Nashik,MH,2023-10-25,N
C108848,Ramesh Kulkarni,Noida,UP,2024-09-17,N
C108849,Komal Saxena,Raipur,CG,2024-03-27,N
C108850,Arjun Rao,Kolkata,WB,2023-08-30,Y
C108851,Tarun Pereira,Pune,MH,2022-10-08,N
C108852,Bhavna Rao,Mysuru,KA,2024-11-08,Y
C108853,Ishaan Saxena,Lucknow,UP,2022-11-04,Y
C108854,Kabir Iyer,Mysuru,KA,2023-01-20,N
C108855,Joseph Reddy,Kochi,KL,2024-12-04,N
C108856,Shreya Nair,Gurugram,HR,2024-07-23,N
C108857,Imran Pillai,Kochi,KL,2022-09-16,N
C108858,Krishna Chopra,Delhi,DL,2024-07-18,N
C108859,Amit Rathore,Pune,MH,2023-11-14,N
C108860,Sunita Pandey,Raipur,CG,2024-05-09,Y
C108861,Daniel George,Guwahati,AS,2022-12-07,N
C108862,Aarav Arora,Hyderabad,TS,2023-02-20,N
C108863,Harpreet Naidu,Surat,GJ,2023-07-12,N
C108864,Divya Bose,Chennai,TN,2024-05-28,N
C108865,Yash Saxena,Indore,MP,2022-12-20,N
C108866,Daniel Bansal,Guwahati,AS,2024-06-22,N
C108867,Yash Srivastava,Chandigarh,CH,2024-01-27,N
C108868,Yash Shinde,Delhi,DL,2023-06-10,Y
C108869,Simran George,Mysuru,KA,2023-05-21,N
C108870,Jaspreet Kulkarni,Pune,MH,2024-06-25,N
C108871,Vikram Desai,Bengaluru,KA,2023-07-21,N
C108872,Aadhya Malhotra,Mumbai,MH,2024-10-02,N
C108873,Om Joshi,Nagpur,MH,2022-12-14,N
C108874,Jaspreet Pandey,Noida,UP,2023-09-02,N
C108875,Harsh Jadhav,Jaipur,RJ,2023-06-26,N
C108876,Reyansh Chauhan,Bhubaneswar,OR,2024-01-03,N
C108877,Ananya Shinde,Coimbatore,TN,2024-12-18,N
C108878,Manpreet Shinde,Bhubaneswar,OR,2022-09-21,Y
C108879,Priya Kumar,Bhubaneswar,OR,2024-02-27,N
C108880,Harpreet Banerjee,Chandigarh,CH,2024-02-09,N
C108881,Shreya Agarwal,Chennai,TN,2023-03-15,Y
C108882,Simran Banerjee,Dehradun,UK,2024-02-08,Y
C108883,Harsh Das,Nashik,MH,2022-11-24,Y
C108884,Nisha Kaur,Guwahati,AS,2024-07-22,N
C108885,Komal Mishra,Ahmedabad,GJ,2024-12-03,N
C108886,Jaspreet Goyal,Visakhapatnam,AP,2023-11-27,N
C108887,Vihaan Deshpande,Visakhapatnam,AP,2023-08-19,N
C108888,Suresh Arora,Pune,MH,2024-12-24,N
C108889,Swati Jain,Guwahati,AS,2023-05-05,N
C108890,Vihaan Roy,Kolkata,WB,2022-11-24,Y
C108891,Joseph Jadhav,Lucknow,UP,2022-09-01,Y
C108892,Riya Siddiqui,Thiruvananthapuram,KL,2023-05-28,Y
C108893,Daniel Fernandes,Surat,GJ,2023-10-06,N
C108894,Anjali Dhillon,Coimbatore,TN,2024-01-07,N
C108895,Megha Ghosh,Bhopal,MP,2024-09-27,N
C108896,Meera Arora,Mysuru,KA,2023-08-28,Y
C108897,Manish Trivedi,Bengaluru,KA,2024-01-06,Y
C108898,Ishaan Sen,Kochi,KL,2022-11-29,Y
C108899,Rajat Chatterjee,Pune,MH,2022-10-23,N
C108900,Ishaan Desai,Jaipur,RJ,2024-09-18,N
C108901,Kabir Jain,Dehradun,UK,2023-05-05,N
C108902,Rohit Chauhan,Patna,BR,2024-08-17,N
C108903,Ishaan Rao,Bhopal,MP,2022-08-20,N
C108904,Pranav Mathew,Jaipur,RJ,2023-01-15,N
C108905,Saanvi Jadhav,Hyderabad,TS,2024-09-26,Y
C108906,Gurpreet Sethi,Thiruvananthapuram,KL,2024-01-15,N
C108907,Kavya Bhatt,Vadodara,GJ,2024-12-16,Y
C108908,Lobsang Deshpande,Patna,BR,2023-10-11,N
C108909,Steven Deshpande,Guwahati,AS,2024-08-16,N
C108910,Gurpreet Kumar,Kochi,KL,2022-12-28,Y
C108911,Varun Shinde,Dehradun,UK,2023-09-15,N
C108912,Harpreet Mukherjee,Bengaluru,KA,2024-12-31,N
C108913,Aarav Yadav,Coimbatore,TN,2024-04-05,N
C108914,Aditya Shah,Patna,BR,2023-09-24,N
C108915,Ayaan Bhatia,Surat,GJ,2023-08-07,N
C108916,Sneha Sen,Lucknow,UP,2024-04-04,N
C108917,Suresh Siddiqui,Patna,BR,2024-02-22,Y
C108918,Zaid Siddiqui,Nagpur,MH,2024-05-05,N
C108919,Krishna Pawar,Patna,BR,2023-11-01,Y
C108920,Gurpreet Malhotra,Nagpur,MH,2023-04-20,N
C108921,Kunal Dhillon,Nagpur,MH,2024-01-01,N
C108922,Kavya Fernandes,Bhopal,MP,2023-04-20,N
C108923,Mohammed Siddiqui,Bhubaneswar,OR,2024-08-26,N
C108924,Sameer Ansari,Jaipur,RJ,2022-12-20,N
C108925,Tenzin Bhatt,Mysuru,KA,2024-12-18,N
C108926,Neha Fernandes,Kolkata,WB,2023-06-11,N
C108927,Sunita Kapoor,Jaipur,RJ,2022-10-07,Y
C108928,Riya Goyal,Pune,MH,2022-10-21,Y
C108929,Zaid Kaur,Bhubaneswar,OR,2024-06-27,Y
C108930,Ishaan Dhillon,Jaipur,RJ,2024-04-03,N
C108931,Om Mehta,Patna,BR,2023-05-21,N
C108932,Kunal Mukherjee,Thiruvananthapuram,KL,2023-08-05,Y
C108933,Isha Mehta,Kochi,KL,2024-12-29,Y
C108934,Amit Desai,Chandigarh,CH,2023-07-23,N
C108935,Om Bhatt,Ranchi,JH,2024-07-14,Y
C108936,Aditya Qureshi,Pune,MH,2022-08-10,N
C108937,Kavya Trivedi,Chennai,TN,2024-11-02,N
C108938,Lobsang Dutta,Bhubaneswar,OR,2024-04-08,Y
C108939,Siddharth Fernandes,Nagpur,MH,2024-09-26,N
C108940,Om Iyer,Mumbai,MH,2023-12-24,N
C108941,Sunita Jadhav,Kochi,KL,2022-07-31,Y
C108942,Zaid Agarwal,Ranchi,JH,2022-08-24,N
C108943,Gurpreet Kumar,Visakhapatnam,AP,2023-10-30,N
C108944,Kabir Varghese,Lucknow,UP,2023-04-22,N
C108945,Anjali Chopra,Nagpur,MH,2023-03-15,Y
C108946,Geeta Qureshi,Kolkata,WB,2023-08-25,Y
C108947,Kabir Malhotra,Guwahati,AS,2023-10-21,N
C108948,Deepak Mittal,Pune,MH,2024-02-15,N
C108949,Faisal Qureshi,Indore,MP,2024-06-11,N
C108950,Reyansh Tiwari,Visakhapatnam,AP,2022-09-19,Y
C108951,Steven Pawar,Bhubaneswar,OR,2024-06-12,N
C108952,Meera Mittal,Kolkata,WB,2024-01-29,N
C108953,Ananya Rao,Mysuru,KA,2022-11-29,N
C108954,Riya Jadhav,Chennai,TN,2024-02-22,Y
C108955,Rajat Sethi,Kochi,KL,2024-11-12,N
C108956,Vivaan Kapoor,Kolkata,WB,2023-10-30,N
C108957,Yash Malhotra,Guwahati,AS,2022-12-28,N
C108958,Krishna Bhatia,Mysuru,KA,2024-03-20,N
C108959,Arjun Verma,Chennai,TN,2024-03-29,Y
C108960,Ankit Banerjee,Guwahati,AS,2023-01-09,N
C108961,Joseph Siddiqui,Dehradun,UK,2024-10-20,N
C108962,Harpreet Khanna,Thiruvananthapuram,KL,2024-10-21,N
C108963,Amit Dutta,Kochi,KL,2024-12-29,N
C108964,Kavya Pawar,Chennai,TN,2023-06-05,N
C108965,Harpreet Ghosh,Noida,UP,2023-08-17,N
C108966,Jaspreet Chopra,Lucknow,UP,2023-11-30,Y
C108967,Rohit Naidu,Dehradun,UK,2024-03-25,N
C108968,Kabir Menon,Noida,UP,2022-09-15,N
C108969,Zaid Sharma,Bhopal,MP,2024-12-15,N
C108970,Geeta Yadav,Coimbatore,TN,2024-11-15,Y
C108971,Siddharth Verma,Chandigarh,CH,2024-01-18,Y
C108972,Sameer Sen,Kolkata,WB,2024-10-16,N
C108973,Vihaan Pawar,Gurugram,HR,2024-11-10,N
C108974,Kabir Chopra,Chandigarh,CH,2023-01-31,N
C108975,Riya Verma,Chandigarh,CH,2023-09-08,Y
C108976,Aditya Bose,Bengaluru,KA,2022-08-31,N
C108977,Anjali Gupta,Pune,MH,2022-10-12,N
C108978,Meera Gill,Visakhapatnam,AP,2024-04-11,N
C108979,Sai Tiwari,Chandigarh,CH,2024-12-16,N
C108980,Harpreet Mukherjee,Lucknow,UP,2022-08-06,N
C108981,Harsh Menon,Bhopal,MP,2024-07-23,N
C108982,Bhavna Shah,Dehradun,UK,2023-05-21,N
C108983,Saanvi Nair,Mysuru,KA,2024-08-10,N
C108984,Nikhil Chatterjee,Mysuru,KA,2022-08-10,N
C108985,Aadhya Sethi,Indore,MP,2024-05-01,N
C108986,Tanvi D'Souza,Kolkata,WB,2023-08-15,N
C108987,Jaspreet Jadhav,Coimbatore,TN,2024-02-27,Y
C108988,Simran Jain,Bengaluru,KA,2023-08-31,N
C108989,Aadhya Desai,Bhubaneswar,OR,2024-01-29,Y
C108990,Saanvi Kulkarni,Mysuru,KA,2023-05-05,N
C108991,Meera Sen,Guwahati,AS,2024-08-23,N
C108992,Sneha Mishra,Nashik,MH,2024-08-10,N
C108993,Rohan Desai,Jaipur,RJ,2022-12-04,Y
C108994,Ramesh Srivastava,Delhi,DL,2023-10-09,N
C108995,Harsh Srivastava,Ahmedabad,GJ,2024-12-29,N
C108996,Shreya Roy,Bhubaneswar,OR,2024-07-23,N
C108997,Sai Mittal,Bengaluru,KA,2024-04-01,N
C108998,Priya Trivedi,Thiruvananthapuram,KL,2024-10-26,Y
C108999,Faisal Kulkarni,Bhopal,MP,2023-06-29,N
C109000,Suresh Kaur,Nagpur,MH,2024-10-31,N
C109001,Joseph Trivedi,Patna,BR,2022-11-13,N
C109002,Nisha Bansal,Noida,UP,2022-09-16,N
C109003,Ramesh Bose,Guwahati,AS,2024-04-21,Y
C109004,Aishwarya Pereira,Nagpur,MH,2023-03-11,N
C109005,Tanvi Banerjee,Guwahati,AS,2024-03-15,Y
C109006,Aditya Mittal,Surat,GJ,2022-07-17,N
C109007,Imran Kapoor,Bhubaneswar,OR,2022-10-04,N
C109008,Om Desai,Raipur,CG,2024-12-07,N
C109009,Thomas Bhatia,Pune,MH,2022-08-29,N
C109010,Diya Mehta,Gurugram,HR,2023-02-11,N
C109011,Reyansh Pandey,Ahmedabad,GJ,2024-08-15,N
C109012,Ananya Tiwari,Ahmedabad,GJ,2023-01-21,Y
C109013,Amit Deshpande,Vadodara,GJ,2024-09-15,Y
C109014,Sameer Sharma,Visakhapatnam,AP,2023-06-17,Y
C109015,Nisha Dutta,Noida,UP,2023-11-10,N
C109016,Nikhil Joshi,Nashik,MH,2024-09-19,N
C109017,Vihaan Saxena,Chandigarh,CH,2023-03-10,N
C109018,Rajat Singh,Kolkata,WB,2023-07-29,N
C109019,Kavya Kaur,Thiruvananthapuram,KL,2024-11-14,N
C109020,Kavya Srivastava,Patna,BR,2024-01-17,N
C109021,Steven Pawar,Gurugram,HR,2023-08-03,N
C109022,Ritika Menon,Patna,BR,2023-01-14,Y
C109023,Rahul Chatterjee,Patna,BR,2023-08-09,Y
C109024,Anjali Dutta,Thiruvananthapuram,KL,2023-02-25,N
C109025,Abhishek Rao,Ahmedabad,GJ,2022-07-20,N
C109026,Tanvi Malhotra,Noida,UP,2022-11-28,N
C109027,Aditya Saxena,Mysuru,KA,2023-11-29,N
C109028,Rohit Verma,Jaipur,RJ,2022-12-20,N
C109029,Deepak Verma,Dehradun,UK,2023-06-03,N
C109030,Steven Kulkarni,Bengaluru,KA,2023-06-04,N
C109031,Kunal Ghosh,Nagpur,MH,2023-07-12,N
C109032,Saanvi Mehta,Patna,BR,2022-12-13,Y
C109033,Zaid Mittal,Hyderabad,TS,2023-07-03,N
C109034,Sameer Chauhan,Mumbai,MH,2023-07-07,N
C109035,Krishna Nair,Guwahati,AS,2022-08-15,N
C109036,Meera Srivastava,Nashik,MH,2022-10-07,Y
C109037,Ayaan Bhatt,Ranchi,JH,2024-10-17,N
C109038,Gurpreet Srivastava,Raipur,CG,2022-08-26,N
C109039,Ramesh Jain,Bhopal,MP,2023-01-16,Y
C109040,Harsh Pandey,Bengaluru,KA,2024-11-28,Y
C109041,Harsh Agarwal,Mysuru,KA,2024-12-25,N
C109042,Mohammed Shinde,Raipur,CG,2024-11-22,Y
C109043,Aadhya Nair,Coimbatore,TN,2023-11-13,N
C109044,Sneha Jain,Raipur,CG,2024-05-22,N
C109045,Abhishek Sheikh,Dehradun,UK,2023-06-28,Y
C109046,Saanvi Bose,Mysuru,KA,2023-10-07,N
C109047,Reyansh Trivedi,Mumbai,MH,2023-07-26,N
C109048,Ankit Chatterjee,Ahmedabad,GJ,2022-09-20,N
C109049,Neha Siddiqui,Bengaluru,KA,2023-06-25,N
C109050,Thomas Pereira,Kochi,KL,2023-08-31,N
C109051,Komal Yadav,Surat,GJ,2022-07-17,Y
C109052,Simran Banerjee,Mysuru,KA,2023-09-16,N
C109053,Arjun Mishra,Chennai,TN,2024-02-24,N
C109054,Simran Pillai,Nashik,MH,2022-10-17,Y
C109055,Isha Chopra,Bengaluru,KA,2024-11-28,Y
C109056,Meera Dutta,Hyderabad,TS,2023-05-02,N
C109057,Ankit Menon,Jaipur,RJ,2022-09-25,N
C109058,Yash Rao,Vadodara,GJ,2024-08-01,N
C109059,Om Ansari,Dehradun,UK,2023-05-18,N
C109060,Deepak Kumar,Noida,UP,2024-11-12,N
C109061,Nisha Khan,Nashik,MH,2024-09-14,N
C109062,Pooja Naidu,Guwahati,AS,2024-12-14,N
C109063,Karan Ansari,Nagpur,MH,2024-04-29,N
C109064,Daniel Khanna,Visakhapatnam,AP,2023-04-12,Y
C109065,Ramesh Mathew,Pune,MH,2024-07-14,Y
C109066,Yash Kaur,Lucknow,UP,2024-10-12,N
C109067,Meera Ghosh,Pune,MH,2023-03-28,N
C109068,Gurpreet Chatterjee,Bhopal,MP,2024-03-01,N
C109069,Manpreet Chauhan,Jaipur,RJ,2022-12-08,Y
C109070,Sneha Nair,Pune,MH,2022-10-29,Y
C109071,Kunal Bhatt,Thiruvananthapuram,KL,2023-03-02,N
C109072,Sukhwinder Naidu,Mysuru,KA,2024-04-29,N
C109073,Manpreet Jain,Lucknow,UP,2024-03-06,N
C109074,Nisha Gupta,Bengaluru,KA,2024-12-24,N
C109075,Shreya Pandey,Thiruvananthapuram,KL,2022-11-06,N
C109076,Vivaan Desai,Ranchi,JH,2024-11-23,Y
C109077,Meera Mittal,Raipur,CG,2022-11-10,N
C109078,Isha Patil,Bhopal,MP,2023-02-02,N
C109079,Neha Jain,Guwahati,AS,2024-11-20,N
C109080,Nikhil Qureshi,Coimbatore,TN,2024-11-14,N
C109081,Isha Qureshi,Indore,MP,2023-02-10,Y
C109082,Faisal George,Jaipur,RJ,2022-12-19,N
C109083,Megha Shinde,Ranchi,JH,2023-02-12,N
C109084,Tanvi Srivastava,Indore,MP,2024-12-13,N
C109085,Tarun Pillai,Mysuru,KA,2024-08-27,Y
C109086,Isha Dutta,Hyderabad,TS,2023-03-24,Y
C109087,Sukhwinder Das,Visakhapatnam,AP,2023-09-15,N
C109088,Dev Varghese,Nashik,MH,2022-08-12,N
C109089,Harpreet Naidu,Ahmedabad,GJ,2024-09-02,N
C109090,Kabir Sheikh,Mumbai,MH,2023-06-22,N
C109091,Manpreet Mathew,Noida,UP,2024-12-31,N
C109092,Shreya Das,Mumbai,MH,2023-01-04,N
C109093,Ananya Qureshi,Indore,MP,2022-12-02,N
C109094,Daniel Jain,Ranchi,JH,2023-11-09,N
C109095,Deepak Joshi,Indore,MP,2023-05-31,N
C109096,Ritika Naidu,Kolkata,WB,2024-05-03,N
C109097,Isha Bhatt,Patna,BR,2024-01-25,Y
C109098,Sameer Sandhu,Patna,BR,2024-10-23,N
C109099,Jaspreet Mehta,Mumbai,MH,2023-01-05,Y
C109100,Vihaan Sen,Guwahati,AS,2023-05-25,Y
C109101,Ananya Nair,Bhopal,MP,2023-01-25,Y
C109102,Meera Kulkarni,Bengaluru,KA,2024-10-04,N
C109103,Gurpreet Rathore,Kochi,KL,2023-10-10,N
C109104,Vikram Shinde,Kochi,KL,2023-06-17,N
C109105,Meera Dutta,Vadodara,GJ,2023-06-26,N
C109106,Sukhwinder Ghosh,Pune,MH,2023-09-18,N
C109107,Simran Pandey,Gurugram,HR,2024-09-04,N
C109108,Zoya Sandhu,Mumbai,MH,2022-12-13,N
C109109,Vivaan Nair,Vadodara,GJ,2024-11-22,Y
C109110,Kabir Qureshi,Lucknow,UP,2022-11-11,N
C109111,Lakshmi Sen,Mysuru,KA,2023-09-09,Y
C109112,Jaspreet Tiwari,Noida,UP,2024-07-16,N
C109113,Lakshmi Jain,Delhi,DL,2023-07-27,N
C109114,Aarav Khan,Ranchi,JH,2024-11-05,N
C109115,Jaspreet Malhotra,Vadodara,GJ,2022-11-24,Y
C109116,Reyansh Chauhan,Mumbai,MH,2022-07-25,Y
C109117,Nikhil Kapoor,Ranchi,JH,2022-10-25,N
C109118,Rohit Malhotra,Bhubaneswar,OR,2023-06-21,N
C109119,Faisal Dutta,Bhopal,MP,2023-08-31,N
C109120,Divya Verma,Hyderabad,TS,2023-03-06,N
C109121,Ishaan Joshi,Mumbai,MH,2023-05-14,N
C109122,Yash Patel,Nagpur,MH,2024-07-06,N
C109123,Neha Khanna,Raipur,CG,2024-10-31,N
C109124,Diya Qureshi,Noida,UP,2022-08-13,Y
C109125,Sukhwinder Sandhu,Hyderabad,TS,2022-12-12,N
C109126,Geeta Kapoor,Indore,MP,2023-09-21,Y
C109127,Faisal Kapoor,Nagpur,MH,2024-09-13,N
C109128,Ayaan Mathew,Indore,MP,2024-02-29,N
C109129,Lobsang Gill,Visakhapatnam,AP,2022-11-21,Y
C109130,Rajat Siddiqui,Indore,MP,2024-08-22,N
C109131,Lakshmi Varghese,Ahmedabad,GJ,2023-02-26,N
C109132,Zoya Kulkarni,Raipur,CG,2022-07-19,N
C109133,Faisal Saxena,Kochi,KL,2024-02-06,N
C109134,Lobsang Bhatia,Coimbatore,TN,2023-11-10,N
C109135,Megha Arora,Bengaluru,KA,2023-12-20,N
C109136,Zaid Kaur,Thiruvananthapuram,KL,2023-06-17,N
C109137,Simran Bhatia,Noida,UP,2023-01-06,N
C109138,Rahul Bhatia,Patna,BR,2024-07-12,N
C109139,Geeta Naidu,Raipur,CG,2024-07-25,N
C109140,Lakshmi Jain,Jaipur,RJ,2022-07-18,Y
C109141,Tenzin Qureshi,Mumbai,MH,2023-03-11,N
C109142,Manish Kaur,Surat,GJ,2023-02-20,N
C109143,Thomas Ghosh,Bengaluru,KA,2024-05-04,N
C109144,Gurpreet Pereira,Vadodara,GJ,2023-08-14,N
C109145,Tanvi Patil,Pune,MH,2024-10-29,N
C109146,Sameer Bansal,Dehradun,UK,2022-10-31,N
C109147,Nikhil Ghosh,Chennai,TN,2023-09-28,N
C109148,Isha Malhotra,Chennai,TN,2023-10-02,Y
C109149,Ananya Patel,Delhi,DL,2022-08-11,N
C109150,Kunal Pawar,Guwahati,AS,2024-09-11,Y
C109151,Jaspreet Yadav,Vadodara,GJ,2023-01-03,Y
C109152,Kabir Joshi,Gurugram,HR,2024-11-03,N
C109153,Ishaan Bhatia,Mysuru,KA,2023-05-26,Y
C109154,Divya Kulkarni,Lucknow,UP,2023-12-18,N
C109155,Imran Kumar,Jaipur,RJ,2023-01-08,N
C109156,Rohit Bhatt,Ranchi,JH,2023-01-09,N
C109157,Bhavna Pereira,Kochi,KL,2023-05-13,Y
C109158,Nisha Kumar,Vadodara,GJ,2024-03-18,Y
C109159,Aditya Jain,Ranchi,JH,2023-03-28,N
C109160,Varun Desai,Bhopal,MP,2024-01-08,N
C109161,Kunal Yadav,Pune,MH,2023-02-19,N
C109162,Priya Chopra,Bengaluru,KA,2024-07-15,N
C109163,Nikhil Desai,Ahmedabad,GJ,2024-01-27,N
C109164,Megha Sen,Patna,BR,2023-01-17,N
C109165,Gurpreet Kumar,Indore,MP,2022-12-12,Y
C109166,Lobsang Khan,Dehradun,UK,2023-04-11,N
C109167,Pooja Bose,Pune,MH,2023-01-10,N
C109168,Swati Ghosh,Mumbai,MH,2023-10-30,N
C109169,Rohit Sandhu,Gurugram,HR,2024-07-24,N
C109170,Ramesh Patil,Hyderabad,TS,2022-07-16,Y
C109171,Tenzin Bhatt,Visakhapatnam,AP,2024-04-05,N
C109172,Zaid Bose,Surat,GJ,2023-11-30,N
C109173,Daniel Rao,Vadodara,GJ,2023-12-31,N
C109174,Krishna Menon,Kochi,KL,2023-02-18,Y
C109175,Harsh Ansari,Vadodara,GJ,2023-02-22,Y
C109176,Shreya Patel,Ranchi,JH,2023-09-01,N
C109177,Sai Dutta,Delhi,DL,2024-01-13,N
C109178,Vikram Yadav,Nagpur,MH,2022-07-16,N
C109179,Vikram Pawar,Chandigarh,CH,2024-10-27,Y
C109180,Lobsang Bansal,Nashik,MH,2024-08-29,N
C109181,Tenzin Malhotra,Chennai,TN,2023-11-18,Y
C109182,Karan Rathore,Pune,MH,2022-08-15,Y
C109183,Farah Bhatia,Indore,MP,2022-08-23,N
C109184,Vikram Kaur,Surat,GJ,2023-06-12,N
C109185,Gurpreet Dutta,Lucknow,UP,2023-09-21,N
C109186,Aishwarya Ghosh,Coimbatore,TN,2023-02-01,N
C109187,Harsh Qureshi,Gurugram,HR,2022-09-21,N
C109188,Kunal Khanna,Guwahati,AS,2022-10-05,N
C109189,Pranav Sandhu,Vadodara,GJ,2022-11-17,N
C109190,Bhavna Rao,Nagpur,MH,2022-11-30,Y
C109191,Tenzin Fernandes,Mysuru,KA,2024-08-11,N
C109192,Om Pandey,Bengaluru,KA,2022-07-16,Y
C109193,Thomas Sethi,Ranchi,JH,2023-07-27,N
C109194,Sunita Gaikwad,Patna,BR,2023-06-01,Y
C109195,Harpreet Malhotra,Hyderabad,TS,2023-05-24,N
C109196,Ramesh D'Souza,Lucknow,UP,2023-12-29,N
C109197,Thomas Rathore,Guwahati,AS,2022-12-07,Y
C109198,Pranav Das,Dehradun,UK,2023-08-18,Y
C109199,Kabir Kulkarni,Mysuru,KA,2024-08-13,N
C109200,Geeta Sen,Surat,GJ,2022-08-19,N
C109201,Rohan Kulkarni,Bengaluru,KA,2022-10-14,N
C109202,Payal Bansal,Indore,MP,2023-07-12,Y
C109203,Bhavna Bhatia,Chandigarh,CH,2024-07-01,Y
C109204,Zoya Varghese,Lucknow,UP,2023-11-01,N
C109205,Ankit Ghosh,Guwahati,AS,2022-08-06,N
C109206,Bhavna Sandhu,Delhi,DL,2022-10-09,Y
C109207,Aadhya Iyer,Visakhapatnam,AP,2024-07-18,Y
C109208,Lobsang Das,Nagpur,MH,2024-04-02,N
C109209,Geeta Agarwal,Ranchi,JH,2023-11-04,N
C109210,Harpreet Dutta,Ahmedabad,GJ,2024-07-13,Y
C109211,Dev Shah,Noida,UP,2023-02-11,N
C109212,Sneha Menon,Patna,BR,2022-07-16,Y
C109213,Abhishek Iyer,Mumbai,MH,2024-02-08,N
C109214,Faisal Qureshi,Dehradun,UK,2024-06-03,N
C109215,Harsh Reddy,Pune,MH,2023-11-06,Y
C109216,Krishna Jain,Ranchi,JH,2022-08-06,Y
C109217,Nisha Patil,Gurugram,HR,2022-11-28,Y
C109218,Rohan Qureshi,Nashik,MH,2023-04-18,N
C109219,Sunita Patil,Patna,BR,2024-03-21,N
C109220,Thomas Tiwari,Jaipur,RJ,2024-10-08,N
C109221,Krishna Naidu,Delhi,DL,2023-06-10,Y
C109222,Pooja Yadav,Gurugram,HR,2023-11-15,N
C109223,Imran George,Kochi,KL,2023-07-11,Y
C109224,Payal George,Bengaluru,KA,2023-04-12,N
C109225,Zoya Menon,Nagpur,MH,2024-07-25,Y
C109226,Steven Arora,Chandigarh,CH,2023-07-17,N
C109227,Lobsang Jadhav,Ranchi,JH,2023-02-11,N
C109228,Suresh Kulkarni,Patna,BR,2024-03-07,N
C109229,Farah Menon,Mysuru,KA,2024-02-14,Y
C109230,Aadhya Patel,Nagpur,MH,2023-12-11,N
C109231,Kavya Sandhu,Surat,GJ,2023-05-05,Y
C109232,Megha Shah,Ranchi,JH,2023-11-01,Y
C109233,Manish Sharma,Visakhapatnam,AP,2023-10-24,Y
C109234,Kavya Chopra,Raipur,CG,2022-12-11,N
C109235,Anjali Patel,Bhopal,MP,2022-08-08,N
C109236,Manish Banerjee,Noida,UP,2024-07-19,N
C109237,Megha Pandey,Patna,BR,2023-01-25,N
C109238,Neha Mathew,Hyderabad,TS,2024-08-04,Y
C109239,Swati Jain,Bengaluru,KA,2023-08-09,N
C109240,Karan Chatterjee,Guwahati,AS,2023-12-30,N
C109241,Diya Nair,Mysuru,KA,2024-06-29,N
C109242,Yash Menon,Surat,GJ,2023-11-27,Y
C109243,Rohit Mehta,Bhubaneswar,OR,2022-09-04,N
C109244,Sukhwinder Joshi,Nashik,MH,2024-10-27,N
C109245,Steven Kumar,Indore,MP,2024-12-12,N
C109246,Isha Gupta,Lucknow,UP,2024-01-14,Y
C109247,Krishna Roy,Pune,MH,2023-04-27,N
C109248,Rohit Siddiqui,Pune,MH,2022-12-31,N
C109249,Ramesh Rao,Bengaluru,KA,2024-01-02,Y
C109250,Bhavna Sandhu,Dehradun,UK,2024-05-24,N
C109251,Lobsang Shinde,Dehradun,UK,2023-01-21,N
C109252,Deepak Malhotra,Chennai,TN,2024-12-13,N
C109253,Faisal Rao,Surat,GJ,2022-08-01,N
C109254,Rahul George,Bhopal,MP,2022-12-16,N
C109255,Ayaan Reddy,Gurugram,HR,2024-07-12,N
C109256,Vivaan Bose,Patna,BR,2024-12-23,N
C109257,Deepak Sethi,Guwahati,AS,2023-03-10,N
C109258,Imran Sen,Ranchi,JH,2022-08-27,N
C109259,Priya Patel,Thiruvananthapuram,KL,2022-07-22,Y
C109260,Yash Pillai,Gurugram,HR,2023-02-04,Y
C109261,Om Kapoor,Nashik,MH,2023-09-28,N
C109262,Shreya Rao,Chandigarh,CH,2024-10-09,Y
C109263,Ananya Yadav,Lucknow,UP,2023-03-24,N
C109264,Dev Bhatia,Jaipur,RJ,2024-06-16,N
C109265,Ankit Roy,Delhi,DL,2024-05-12,N
C109266,Sai Ansari,Hyderabad,TS,2024-10-23,N
C109267,Lobsang Sandhu,Dehradun,UK,2023-11-04,Y
C109268,Priya Mathew,Coimbatore,TN,2024-04-04,N
C109269,Steven Nair,Patna,BR,2023-05-28,N
C109270,Bhavna Pillai,Patna,BR,2022-12-19,N
C109271,Megha Mishra,Noida,UP,2024-08-23,N
C109272,Rahul Khanna,Delhi,DL,2023-04-14,Y
C109273,Manish Sethi,Thiruvananthapuram,KL,2024-11-20,N
C109274,Ritika Trivedi,Bhubaneswar,OR,2023-10-14,Y
C109275,Sneha Sethi,Noida,UP,2024-01-24,Y
C109276,Amit Saxena,Nagpur,MH,2023-01-09,N
C109277,Komal Sethi,Indore,MP,2024-03-24,N
C109278,Joseph Bhatia,Ahmedabad,GJ,2023-10-14,Y
C109279,Dev Arora,Visakhapatnam,AP,2024-03-10,N
C109280,Manish Chauhan,Chandigarh,CH,2023-10-08,N
C109281,Zoya Gill,Indore,MP,2023-02-12,Y
C109282,Ayaan Jain,Surat,GJ,2024-02-02,Y
C109283,Yash Varghese,Surat,GJ,2023-07-31,Y
C109284,Riya Khan,Patna,BR,2023-05-31,Y
C109285,Krishna Rao,Kolkata,WB,2022-10-08,N
C109286,Aadhya Bansal,Coimbatore,TN,2023-04-16,N
C109287,Aishwarya Jain,Dehradun,UK,2022-10-22,N
C109288,Priya Patel,Jaipur,RJ,2023-02-20,Y
C109289,Gurpreet Ghosh,Pune,MH,2023-01-31,N
C109290,Amit Sen,Gurugram,HR,2024-11-17,N
C109291,Megha Ghosh,Noida,UP,2023-08-08,Y
C109292,Vivaan Patil,Coimbatore,TN,2024-10-14,N
C109293,Abhishek Rao,Delhi,DL,2024-12-28,Y
C109294,Meera Sethi,Raipur,CG,2024-06-21,Y
C109295,Faisal Das,Chandigarh,CH,2024-05-05,N
C109296,Neha Mukherjee,Hyderabad,TS,2024-12-18,Y
C109297,Kavya Pandey,Ranchi,JH,2022-10-02,N
C109298,Harsh Nair,Ahmedabad,GJ,2024-12-31,N
C109299,Aishwarya Gupta,Ranchi,JH,2024-07-22,N
C109300,Thomas Kaur,Jaipur,RJ,2023-02-27,N
C109301,Sunita Fernandes,Surat,GJ,2022-10-23,N
C109302,Sai Kulkarni,Bhubaneswar,OR,2023-04-23,N
C109303,Sai Kapoor,Lucknow,UP,2024-12-03,N
C109304,Ankit Sen,Hyderabad,TS,2023-03-18,N
C109305,Ananya Fernandes,Ahmedabad,GJ,2022-10-20,Y
C109306,Vikram Agarwal,Nagpur,MH,2023-05-21,N
C109307,Aishwarya Bose,Nagpur,MH,2022-09-22,N
C109308,Kunal Naidu,Patna,BR,2024-06-24,N
C109309,Saanvi Sheikh,Pune,MH,2024-07-02,Y
C109310,Varun Menon,Nashik,MH,2022-07-25,N
C109311,Siddharth Siddiqui,Chennai,TN,2023-02-02,Y
C109312,Daniel Reddy,Gurugram,HR,2023-06-25,Y
C109313,Aditya Dhillon,Lucknow,UP,2022-10-02,N
C109314,Tenzin Deshpande,Nashik,MH,2024-03-06,N
C109315,Aditya Naidu,Indore,MP,2024-06-15,N
C109316,Pranav Tiwari,Bhopal,MP,2024-08-28,Y
C109317,Riya Patil,Visakhapatnam,AP,2023-04-17,N
C109318,Sunita Sharma,Kolkata,WB,2024-02-04,N
C109319,Imran Banerjee,Bhubaneswar,OR,2024-03-23,N
C109320,Amit Reddy,Lucknow,UP,2022-09-26,Y
C109321,Rohit Roy,Nagpur,MH,2023-01-13,N
C109322,Sameer Ghosh,Bengaluru,KA,2023-11-01,N
C109323,Ankit Chopra,Chandigarh,CH,2024-07-23,N
C109324,Vikram Malhotra,Delhi,DL,2023-11-23,Y
C109325,Lakshmi Dhillon,Jaipur,RJ,2024-05-10,N
C109326,Lakshmi Deshpande,Bengaluru,KA,2022-09-14,N
C109327,Vikram Dhillon,Patna,BR,2023-07-29,Y
C109328,Simran Bhatia,Ahmedabad,GJ,2024-05-04,Y
C109329,Kavya Kulkarni,Nashik,MH,2024-04-27,N
C109330,Shreya Agarwal,Chennai,TN,2024-11-09,N
C109331,Varun Patil,Ranchi,JH,2023-11-11,Y
C109332,Harsh Kapoor,Thiruvananthapuram,KL,2022-09-26,Y
C109333,Aishwarya Saxena,Jaipur,RJ,2024-10-15,N
C109334,Manish Naidu,Ranchi,JH,2023-02-08,N
C109335,Lakshmi Sandhu,Indore,MP,2024-07-16,N
C109336,Rohan Menon,Kochi,KL,2022-12-20,N
C109337,Siddharth Desai,Hyderabad,TS,2024-08-01,N
C109338,Kabir Verma,Kochi,KL,2024-11-08,N
C109339,Ananya Sethi,Patna,BR,2023-04-29,N
C109340,Ramesh Tiwari,Coimbatore,TN,2024-10-30,N
C109341,Neha Agarwal,Surat,GJ,2024-03-04,N
C109342,Karan Bhatia,Vadodara,GJ,2022-08-31,N
C109343,Amit Mehta,Delhi,DL,2023-07-09,N
C109344,Swati Sen,Dehradun,UK,2022-12-04,N
C109345,Rahul Saxena,Visakhapatnam,AP,2024-04-10,N
C109346,Vihaan Ansari,Guwahati,AS,2023-02-09,Y
C109347,Pranav Jain,Mumbai,MH,2024-07-05,N
C109348,Megha Goyal,Kochi,KL,2024-01-02,N
C109349,Amit Tiwari,Chennai,TN,2024-10-12,N
C109350,Faisal Sharma,Raipur,CG,2024-12-07,N
C109351,Vihaan Agarwal,Chandigarh,CH,2022-07-25,Y
C109352,Sameer Siddiqui,Bengaluru,KA,2023-05-06,N
C109353,Faisal Bansal,Noida,UP,2023-12-23,Y
C109354,Megha Srivastava,Kochi,KL,2023-03-03,N
C109355,Sukhwinder Desai,Nashik,MH,2022-12-18,Y
C109356,Ramesh Kulkarni,Bengaluru,KA,2023-06-27,N
C109357,Shreya Malhotra,Raipur,CG,2023-09-28,N
C109358,Meera Trivedi,Coimbatore,TN,2024-12-19,Y
C109359,Sukhwinder George,Bhopal,MP,2024-06-27,N
C109360,Tenzin Malhotra,Coimbatore,TN,2024-12-03,N
C109361,Vikram Pillai,Raipur,CG,2024-10-24,Y
C109362,Kunal Mehta,Surat,GJ,2024-06-13,N
C109363,Payal Reddy,Patna,BR,2022-08-20,N
C109364,Varun Goyal,Nashik,MH,2022-11-05,Y
C109365,Imran Malhotra,Nagpur,MH,2024-04-21,N
C109366,Sunita Joshi,Kolkata,WB,2023-09-21,N
C109367,Deepak Chauhan,Visakhapatnam,AP,2024-08-01,N
C109368,Kabir Menon,Gurugram,HR,2024-01-10,N
C109369,Reyansh Shah,Mumbai,MH,2023-04-26,N
C109370,Daniel Bhatia,Bengaluru,KA,2024-06-02,Y
C109371,Ananya Mehta,Raipur,CG,2024-03-14,N
C109372,Pranav Varghese,Delhi,DL,2022-08-13,N
C109373,Tenzin Srivastava,Jaipur,RJ,2024-05-12,N
C109374,Megha Khanna,Surat,GJ,2023-06-24,N
C109375,Thomas Jadhav,Bhopal,MP,2022-12-19,Y
C109376,Sameer Sen,Chandigarh,CH,2024-05-12,Y
C109377,Ishaan Shinde,Thiruvananthapuram,KL,2024-11-22,N
C109378,Swati Yadav,Kolkata,WB,2023-04-23,Y
C109379,Joseph Malhotra,Bhopal,MP,2023-01-22,Y
C109380,Pranav Mittal,Nagpur,MH,2024-04-30,Y
C109381,Aishwarya Banerjee,Patna,BR,2023-05-03,N
C109382,Daniel Singh,Ahmedabad,GJ,2023-12-09,Y
C109383,Thomas Sharma,Mumbai,MH,2024-01-21,Y
C109384,Shreya Pereira,Coimbatore,TN,2023-11-12,Y
C109385,Pooja Mehta,Nashik,MH,2022-09-23,N
C109386,Imran Shah,Mumbai,MH,2024-03-31,N
C109387,Rohit Das,Mysuru,KA,2023-01-01,N
C109388,Nisha Jadhav,Ahmedabad,GJ,2023-07-25,N
C109389,Rohit Singh,Thiruvananthapuram,KL,2024-07-30,N
C109390,Harsh Pawar,Nagpur,MH,2022-11-10,Y
C109391,Jaspreet Kulkarni,Pune,MH,2024-12-30,N
C109392,Tanvi Mukherjee,Coimbatore,TN,2023-12-19,N
C109393,Nikhil Varghese,Visakhapatnam,AP,2023-07-28,Y
C109394,Lakshmi Singh,Kolkata,WB,2022-08-15,N
C109395,Zoya Iyer,Gurugram,HR,2024-06-09,Y
C109396,Steven Kulkarni,Jaipur,RJ,2023-01-16,Y
C109397,Amit Nair,Indore,MP,2022-11-14,N
C109398,Divya Dutta,Gurugram,HR,2023-02-07,N
C109399,Reyansh Sandhu,Bengaluru,KA,2024-02-20,N
C109400,Swati Varghese,Chandigarh,CH,2024-11-30,Y
C109401,Ishaan Pereira,Coimbatore,TN,2023-11-10,N
C109402,Payal Mittal,Guwahati,AS,2023-08-14,Y
C109403,Karan Naidu,Visakhapatnam,AP,2022-07-30,N
C109404,Anjali Srivastava,Surat,GJ,2024-06-22,N
C109405,Pranav Saxena,Pune,MH,2023-06-22,N
C109406,Aishwarya Gill,Patna,BR,2023-02-07,N
C109407,Meera Srivastava,Guwahati,AS,2024-06-20,Y
C109408,Tenzin Khan,Gurugram,HR,2024-06-19,Y
C109409,Zaid Patel,Patna,BR,2024-09-20,N
C109410,Sameer Kaur,Indore,MP,2022-08-02,N
C109411,Jaspreet Sharma,Lucknow,UP,2023-07-01,N
C109412,Geeta Varghese,Chennai,TN,2024-04-04,N
C109413,Megha Fernandes,Pune,MH,2023-11-28,N
C109414,Vikram Verma,Noida,UP,2024-04-25,N
C109415,Arjun Roy,Indore,MP,2023-10-07,Y
C109416,Manpreet Jain,Coimbatore,TN,2022-09-04,N
C109417,Ayaan Bose,Pune,MH,2024-04-12,N
C109418,Aarav Khan,Mysuru,KA,2022-11-03,Y
C109419,Nikhil Naidu,Bhubaneswar,OR,2022-10-17,Y
C109420,Reyansh Deshpande,Mysuru,KA,2022-11-22,N
C109421,Nikhil Sharma,Guwahati,AS,2024-03-12,Y
C109422,Ananya Ghosh,Indore,MP,2024-09-23,N
C109423,Sai Singh,Lucknow,UP,2024-05-23,N
C109424,Abhishek Bansal,Chandigarh,CH,2024-05-12,Y
C109425,Riya Qureshi,Vadodara,GJ,2024-11-18,N
C109426,Karan Menon,Ranchi,JH,2024-01-29,N
C109427,Manpreet Gill,Bhopal,MP,2024-04-14,N
C109428,Anjali Kapoor,Coimbatore,TN,2024-07-12,N
C109429,Shreya Banerjee,Indore,MP,2022-10-01,N
C109430,Pranav Banerjee,Bengaluru,KA,2023-05-20,N
C109431,Suresh Iyer,Nagpur,MH,2024-12-17,N
C109432,Neha Pereira,Chennai,TN,2022-10-04,Y
C109433,Jaspreet Qureshi,Indore,MP,2024-11-29,N
C109434,Komal Gill,Surat,GJ,2023-07-01,N
C109435,Ritika Gill,Ranchi,JH,2022-09-27,N
C109436,Farah Chauhan,Dehradun,UK,2024-02-04,Y
C109437,Sukhwinder Patel,Indore,MP,2024-10-03,Y
C109438,Ankit Sharma,Visakhapatnam,AP,2023-05-28,N
C109439,Steven Dutta,Lucknow,UP,2023-06-26,N
C109440,Simran Bose,Ahmedabad,GJ,2022-09-08,N
C109441,Sameer Menon,Surat,GJ,2024-04-15,N
C109442,Megha Bansal,Jaipur,RJ,2023-08-30,N
C109443,Kunal Pillai,Nashik,MH,2024-09-12,N
C109444,Ishaan Fernandes,Raipur,CG,2022-12-25,Y
C109445,Vivaan Sheikh,Guwahati,AS,2024-03-26,N
C109446,Diya Qureshi,Bhopal,MP,2023-07-30,N
C109447,Pranav Sharma,Guwahati,AS,2023-08-18,N
C109448,Sameer Gupta,Noida,UP,2023-04-03,Y
C109449,Zaid Sandhu,Nashik,MH,2024-03-16,N
C109450,Varun Rao,Nashik,MH,2022-07-20,N
C109451,Anjali Reddy,Indore,MP,2023-06-16,N
C109452,Vihaan Bhatia,Delhi,DL,2022-08-04,N
C109453,Deepak Patil,Nashik,MH,2023-01-13,N
C109454,Megha Rao,Gurugram,HR,2023-05-01,N
C109455,Sukhwinder Shinde,Chennai,TN,2023-05-08,Y
C109456,Aarav Chauhan,Indore,MP,2024-08-21,N
C109457,Pooja Reddy,Bhopal,MP,2022-10-05,N
C109458,Tenzin Gaikwad,Ranchi,JH,2024-06-13,N
C109459,Aditya Gupta,Raipur,CG,2022-08-26,Y
C109460,Anjali Dutta,Surat,GJ,2024-06-19,Y
C109461,Steven Menon,Chandigarh,CH,2024-04-08,N
C109462,Gurpreet Sheikh,Jaipur,RJ,2023-12-23,N
C109463,Kunal Dutta,Bhopal,MP,2024-01-17,Y
C109464,Zoya Jain,Gurugram,HR,2023-03-09,Y
C109465,Komal Nair,Guwahati,AS,2024-04-19,N
C109466,Diya Bose,Kochi,KL,2024-01-16,N
C109467,Meera Kaur,Hyderabad,TS,2024-04-02,Y
C109468,Neha Pawar,Kochi,KL,2023-03-27,Y
C109469,Pooja Mukherjee,Pune,MH,2022-11-10,N
C109470,Harsh Iyer,Nagpur,MH,2023-08-29,Y
C109471,Bhavna Patel,Dehradun,UK,2022-09-17,Y
C109472,Divya Bhatia,Noida,UP,2022-08-20,N
C109473,Simran Gill,Surat,GJ,2024-04-12,N
C109474,Tanvi Gupta,Pune,MH,2024-11-02,Y
C109475,Suresh Jain,Gurugram,HR,2023-03-17,N
C109476,Thomas Reddy,Kochi,KL,2022-09-19,N
C109477,Om Bansal,Ranchi,JH,2024-01-07,N
C109478,Lakshmi Khanna,Nashik,MH,2023-08-27,Y
C109479,Amit Fernandes,Ahmedabad,GJ,2022-09-11,N
C109480,Jaspreet Mukherjee,Pune,MH,2022-12-30,Y
C109481,Mohammed Nair,Patna,BR,2023-09-10,Y
C109482,Saanvi Trivedi,Kochi,KL,2023-04-19,N
C109483,Isha Bhatia,Mumbai,MH,2024-02-28,Y
C109484,Yash Bose,Lucknow,UP,2023-08-05,N
C109485,Siddharth Menon,Delhi,DL,2023-01-09,N
C109486,Swati Trivedi,Kolkata,WB,2024-08-17,N
C109487,Tenzin Rao,Bhubaneswar,OR,2024-08-09,N
C109488,Payal Bhatia,Noida,UP,2023-12-14,N
C109489,Faisal Chauhan,Nagpur,MH,2023-08-19,Y
C109490,Tarun Pereira,Dehradun,UK,2024-10-12,Y
C109491,Ishaan Kulkarni,Pune,MH,2024-06-11,N
C109492,Sneha Ansari,Visakhapatnam,AP,2022-11-18,N
C109493,Zaid Desai,Gurugram,HR,2024-02-24,N
C109494,Swati Jadhav,Chennai,TN,2022-11-28,N
C109495,Rahul Bansal,Surat,GJ,2023-07-06,N
C109496,Vihaan Roy,Nagpur,MH,2024-05-28,N
C109497,Isha Sheikh,Delhi,DL,2024-06-08,N
C109498,Yash Bhatt,Ahmedabad,GJ,2024-10-08,N
C109499,Aadhya Gupta,Kochi,KL,2022-10-07,Y
